{
  "version": "7.3.0",
  "objects": [
    {
      "id": "831f0840-1a47-11e9-82ab-c3dbfbae4204",
      "type": "visualization",
      "updated_at": "2019-01-17T11:03:25.636Z",
      "version": 1,
      "attributes": {
        "title": "Internal-WSMS-Notification-Region-Map",
        "visState": "{\"title\":\"Internal-WSMS-Notification-Region-Map\",\"type\":\"region_map\",\"params\":{\"legendPosition\":\"bottomright\",\"addTooltip\":true,\"colorSchema\":\"Yellow to Red\",\"selectedLayer\":{\"attribution\":\"<p><a href=\\\"http://www.naturalearthdata.com/about/terms-of-use\\\">Made with NaturalEarth</a>|<a href=\\\"https://www.elastic.co/elastic-maps-service\\\">Elastic Maps Service</a></p>&#10;\",\"weight\":1,\"name\":\"World Countries\",\"url\":\"https://vector.maps.elastic.co/blob/5659313586569216?elastic_tile_service_tos=agree&my_app_version=7.3.0&license=5b62130a-0d4e-4e98-af07-bc24e711ec38\",\"format\":{\"type\":\"geojson\"},\"fields\":[{\"name\":\"iso2\",\"description\":\"Two letter abbreviation\"},{\"name\":\"iso3\",\"description\":\"Three letter abbreviation\"},{\"name\":\"name\",\"description\":\"Country name\"}],\"created_at\":\"2017-04-26T17:12:15.978370\",\"tags\":[],\"id\":5659313586569216,\"layerId\":\"elastic_maps_service.World Countries\"},\"selectedJoinField\":{\"name\":\"name\",\"description\":\"Country name\"},\"isDisplayWarning\":true,\"wms\":{\"enabled\":false,\"options\":{\"format\":\"image/png\",\"transparent\":true},\"baseLayersAreLoaded\":{},\"tmsLayers\":[{\"id\":\"road_map\",\"url\":\"https://tiles.maps.elastic.co/v2/default/{z}/{x}/{y}.png?elastic_tile_service_tos=agree&my_app_name=kibana&my_app_version=7.3.0&license=5b62130a-0d4e-4e98-af07-bc24e711ec38\",\"minZoom\":0,\"maxZoom\":18,\"attribution\":\"<p>&#169; <a href=\\\"http://www.openstreetmap.org/copyright\\\">OpenStreetMap</a> contributors | <a href=\\\"https://www.elastic.co/elastic-maps-service\\\">Elastic Maps Service</a></p>&#10;\",\"subdomains\":[]}],\"selectedTmsLayer\":{\"id\":\"road_map\",\"url\":\"https://tiles.maps.elastic.co/v2/default/{z}/{x}/{y}.png?elastic_tile_service_tos=agree&my_app_name=kibana&my_app_version=7.3.0&license=5b62130a-0d4e-4e98-af07-bc24e711ec38\",\"minZoom\":0,\"maxZoom\":18,\"attribution\":\"<p>&#169; <a href=\\\"http://www.openstreetmap.org/copyright\\\">OpenStreetMap</a> contributors | <a href=\\\"https://www.elastic.co/elastic-maps-service\\\">Elastic Maps Service</a></p>&#10;\",\"subdomains\":[]}},\"mapZoom\":2,\"mapCenter\":[0,0],\"outlineWeight\":1,\"showAllShapes\":true},\"aggs\":[{\"id\":\"1\",\"enabled\":true,\"type\":\"count\",\"schema\":\"metric\",\"params\":{\"customLabel\":\"Successful notifications\"}},{\"id\":\"2\",\"enabled\":true,\"type\":\"terms\",\"schema\":\"segment\",\"params\":{\"field\":\"country\",\"otherBucket\":false,\"otherBucketLabel\":\"Other\",\"missingBucket\":false,\"missingBucketLabel\":\"Missing\",\"size\":100,\"order\":\"desc\",\"orderBy\":\"1\"}}]}",
        "uiStateJSON": "{}",
        "description": "",
        "version": 1,
        "kibanaSavedObjectMeta": {
          "searchSourceJSON": "{\"index\":\"{{ tenant }}-d46e1b80-ecbd-11e8-aa9e-293cab12a94a\",\"filter\":[{\"meta\":{\"index\":\"{{ tenant }}-d46e1b80-ecbd-11e8-aa9e-293cab12a94a\",\"negate\":false,\"disabled\":false,\"alias\":null,\"type\":\"phrase\",\"key\":\"result_code\",\"value\":\"0\",\"params\":{\"query\":\"0\",\"type\":\"phrase\"}},\"query\":{\"match\":{\"result_code\":{\"query\":\"0\",\"type\":\"phrase\"}}},\"$state\":{\"store\":\"appState\"}}],\"query\":{\"query\":\"\",\"language\":\"lucene\"}}"
        }
      }
    },
    {
      "id": "{{ tenant }}-d46e1b80-ecbd-11e8-aa9e-293cab12a94a",
      "type": "index-pattern",
      "updated_at": "2019-01-31T13:00:05.214Z",
      "version": 3,
      "attributes": {
        "fields": "[{\"name\":\"@timestamp\",\"type\":\"date\",\"count\":0,\"scripted\":false,\"searchable\":true,\"aggregatable\":true,\"readFromDocValues\":true},{\"name\":\"@version\",\"type\":\"string\",\"count\":0,\"scripted\":false,\"searchable\":true,\"aggregatable\":false,\"readFromDocValues\":false},{\"name\":\"@version.keyword\",\"type\":\"string\",\"count\":0,\"scripted\":false,\"searchable\":true,\"aggregatable\":true,\"readFromDocValues\":true},{\"name\":\"_id\",\"type\":\"string\",\"count\":0,\"scripted\":false,\"searchable\":true,\"aggregatable\":true,\"readFromDocValues\":false},{\"name\":\"_index\",\"type\":\"string\",\"count\":0,\"scripted\":false,\"searchable\":true,\"aggregatable\":true,\"readFromDocValues\":false},{\"name\":\"_score\",\"type\":\"number\",\"count\":0,\"scripted\":false,\"searchable\":false,\"aggregatable\":false,\"readFromDocValues\":false},{\"name\":\"_source\",\"type\":\"_source\",\"count\":0,\"scripted\":false,\"searchable\":false,\"aggregatable\":false,\"readFromDocValues\":false},{\"name\":\"_type\",\"type\":\"string\",\"count\":0,\"scripted\":false,\"searchable\":true,\"aggregatable\":true,\"readFromDocValues\":false},{\"name\":\"cdr_gen_date\",\"type\":\"date\",\"count\":0,\"scripted\":false,\"searchable\":true,\"aggregatable\":true,\"readFromDocValues\":true},{\"name\":\"cdr_gen_time\",\"type\":\"date\",\"count\":0,\"scripted\":false,\"searchable\":true,\"aggregatable\":true,\"readFromDocValues\":true},{\"name\":\"cdr_timestamp\",\"type\":\"date\",\"count\":0,\"scripted\":false,\"searchable\":true,\"aggregatable\":true,\"readFromDocValues\":true},{\"name\":\"container_name\",\"type\":\"string\",\"count\":0,\"scripted\":false,\"searchable\":true,\"aggregatable\":false,\"readFromDocValues\":false},{\"name\":\"container_name.keyword\",\"type\":\"string\",\"count\":0,\"scripted\":false,\"searchable\":true,\"aggregatable\":true,\"readFromDocValues\":true},{\"name\":\"country\",\"type\":\"string\",\"count\":1,\"scripted\":false,\"searchable\":true,\"aggregatable\":true,\"readFromDocValues\":true},{\"name\":\"host\",\"type\":\"string\",\"count\":0,\"scripted\":false,\"searchable\":true,\"aggregatable\":false,\"readFromDocValues\":false},{\"name\":\"host.keyword\",\"type\":\"string\",\"count\":0,\"scripted\":false,\"searchable\":true,\"aggregatable\":true,\"readFromDocValues\":true},{\"name\":\"imsi\",\"type\":\"string\",\"count\":0,\"scripted\":false,\"searchable\":true,\"aggregatable\":true,\"readFromDocValues\":true},{\"name\":\"index_date\",\"type\":\"string\",\"count\":0,\"scripted\":false,\"searchable\":false,\"aggregatable\":true,\"readFromDocValues\":true},{\"name\":\"loc_update_id\",\"type\":\"string\",\"count\":0,\"scripted\":false,\"searchable\":true,\"aggregatable\":true,\"readFromDocValues\":true},{\"name\":\"message\",\"type\":\"string\",\"count\":0,\"scripted\":false,\"searchable\":true,\"aggregatable\":false,\"readFromDocValues\":false},{\"name\":\"message.keyword\",\"type\":\"string\",\"count\":0,\"scripted\":false,\"searchable\":true,\"aggregatable\":true,\"readFromDocValues\":true},{\"name\":\"msisdn\",\"type\":\"string\",\"count\":1,\"scripted\":false,\"searchable\":true,\"aggregatable\":true,\"readFromDocValues\":true},{\"name\":\"network\",\"type\":\"string\",\"count\":0,\"scripted\":false,\"searchable\":true,\"aggregatable\":true,\"readFromDocValues\":true},{\"name\":\"notification_status_code\",\"type\":\"string\",\"count\":0,\"scripted\":false,\"searchable\":true,\"aggregatable\":true,\"readFromDocValues\":true},{\"name\":\"offer_action_delay\",\"type\":\"string\",\"count\":0,\"scripted\":false,\"searchable\":true,\"aggregatable\":true,\"readFromDocValues\":true},{\"name\":\"offer_action_position\",\"type\":\"string\",\"count\":0,\"scripted\":false,\"searchable\":true,\"aggregatable\":true,\"readFromDocValues\":true},{\"name\":\"path\",\"type\":\"string\",\"count\":0,\"scripted\":false,\"searchable\":true,\"aggregatable\":true,\"readFromDocValues\":true},{\"name\":\"result_code\",\"type\":\"string\",\"count\":0,\"scripted\":false,\"searchable\":true,\"aggregatable\":true,\"readFromDocValues\":true},{\"name\":\"result_description\",\"type\":\"string\",\"count\":0,\"scripted\":false,\"searchable\":true,\"aggregatable\":false,\"readFromDocValues\":false},{\"name\":\"result_description.keyword\",\"type\":\"string\",\"count\":0,\"scripted\":false,\"searchable\":true,\"aggregatable\":true,\"readFromDocValues\":true},{\"name\":\"service_id\",\"type\":\"string\",\"count\":0,\"scripted\":false,\"searchable\":true,\"aggregatable\":false,\"readFromDocValues\":false},{\"name\":\"service_id.keyword\",\"type\":\"string\",\"count\":0,\"scripted\":false,\"searchable\":true,\"aggregatable\":true,\"readFromDocValues\":true},{\"name\":\"service_key\",\"type\":\"string\",\"count\":0,\"scripted\":false,\"searchable\":true,\"aggregatable\":true,\"readFromDocValues\":true},{\"name\":\"svc_id\",\"type\":\"string\",\"count\":0,\"scripted\":false,\"searchable\":true,\"aggregatable\":true,\"readFromDocValues\":true},{\"name\":\"tags\",\"type\":\"string\",\"count\":0,\"scripted\":false,\"searchable\":false,\"aggregatable\":true,\"readFromDocValues\":true},{\"name\":\"tenant_id\",\"type\":\"string\",\"count\":0,\"scripted\":false,\"searchable\":true,\"aggregatable\":true,\"readFromDocValues\":true},{\"name\":\"txn_type\",\"type\":\"string\",\"count\":0,\"scripted\":false,\"searchable\":true,\"aggregatable\":true,\"readFromDocValues\":true},{\"name\":\"vplmn\",\"type\":\"string\",\"count\":0,\"scripted\":false,\"searchable\":true,\"aggregatable\":true,\"readFromDocValues\":true},{\"name\":\"zone\",\"type\":\"string\",\"count\":0,\"scripted\":false,\"searchable\":true,\"aggregatable\":true,\"readFromDocValues\":true}]",
        "timeFieldName": "cdr_timestamp",
        "title": "{{ tenant }}-welcome-notifications*"
      }
    },
    {
      "id": "59d496b0-1a49-11e9-82ab-c3dbfbae4204",
      "type": "dashboard",
      "updated_at": "2019-01-17T11:17:08.534Z",
      "version": 2,
      "attributes": {
        "title": "Internal-WSMS-Notification-Region-Map",
        "hits": 0,
        "description": "",
        "panelsJSON": "[{\"panelIndex\":\"1\",\"gridData\":{\"x\":0,\"y\":0,\"w\":12,\"h\":7,\"i\":\"1\"},\"version\":\"7.3.0\",\"type\":\"visualization\",\"id\":\"831f0840-1a47-11e9-82ab-c3dbfbae4204\"}]",
        "optionsJSON": "{\"darkTheme\":false,\"useMargins\":true,\"hidePanelTitles\":false}",
        "version": 1,
        "timeRestore": false,
        "kibanaSavedObjectMeta": {
          "searchSourceJSON": "{\"query\":{\"query\":\"\",\"language\":\"lucene\"},\"filter\":[],\"highlightAll\":true,\"version\":true}"
        }
      }
    }
  ]
}