{
  "version": "7.3.0",
  "objects": [
    {
      "id": "b7c4c6e0-f48e-11e8-a15a-57aec69ac0d0",
      "type": "visualization",
      "updated_at": "2018-11-30T10:57:24.045Z",
      "version": 1,
      "attributes": {
        "title": "{{ tenant }}-HrgSdpAverageResponseTime",
        "visState": "{\"title\":\"{{ tenant }}-HrgSdpAverageResponseTime\",\"type\":\"line\",\"params\":{\"type\":\"line\",\"grid\":{\"categoryLines\":false,\"style\":{\"color\":\"#eee\"}},\"categoryAxes\":[{\"id\":\"CategoryAxis-1\",\"type\":\"category\",\"position\":\"bottom\",\"show\":true,\"style\":{},\"scale\":{\"type\":\"linear\"},\"labels\":{\"show\":true,\"truncate\":100},\"title\":{}}],\"valueAxes\":[{\"id\":\"ValueAxis-1\",\"name\":\"LeftAxis-1\",\"type\":\"value\",\"position\":\"left\",\"show\":true,\"style\":{},\"scale\":{\"type\":\"linear\",\"mode\":\"normal\"},\"labels\":{\"show\":true,\"rotate\":0,\"filter\":false,\"truncate\":100},\"title\":{\"text\":\"Average Response Time (ms)\"}}],\"seriesParams\":[{\"show\":\"true\",\"type\":\"line\",\"mode\":\"normal\",\"data\":{\"label\":\"Average Response Time (ms)\",\"id\":\"1\"},\"valueAxis\":\"ValueAxis-1\",\"drawLinesBetweenPoints\":true,\"showCircles\":true}],\"addTooltip\":true,\"addLegend\":true,\"legendPosition\":\"right\",\"times\":[],\"addTimeMarker\":false},\"aggs\":[{\"id\":\"1\",\"enabled\":true,\"type\":\"avg\",\"schema\":\"metric\",\"params\":{\"field\":\"server_response_time\",\"customLabel\":\"Average Response Time (ms)\"}},{\"id\":\"2\",\"enabled\":true,\"type\":\"date_histogram\",\"schema\":\"segment\",\"params\":{\"field\":\"cdr_timestamp\",\"interval\":\"auto\",\"customInterval\":\"2h\",\"min_doc_count\":1,\"extended_bounds\":{},\"customLabel\":\"Time\"}},{\"id\":\"3\",\"enabled\":true,\"type\":\"terms\",\"schema\":\"group\",\"params\":{\"field\":\"conn_retries\",\"otherBucket\":false,\"otherBucketLabel\":\"Other\",\"missingBucket\":false,\"missingBucketLabel\":\"Missing\",\"size\":5,\"order\":\"desc\",\"orderBy\":\"1\",\"customLabel\":\"Num Retries\"}}]}",
        "uiStateJSON": "{}",
        "description": "",
        "version": 1,
        "kibanaSavedObjectMeta": {
          "searchSourceJSON": "{\"index\":\"{{ tenant }}-eca95190-9af3-11e8-8653-4f4d231eec8f\",\"filter\":[{\"meta\":{\"index\":\"{{ tenant }}-eca95190-9af3-11e8-8653-4f4d231eec8f\",\"type\":\"phrases\",\"key\":\"req_handler_name\",\"value\":\"RH_vivoSDP_RTE_getUserBasicProfile, RH_vivoSDP_SPCM_sendSMS, RH_vivoSDP_SPCM_authPrice\",\"params\":[\"RH_vivoSDP_RTE_getUserBasicProfile\",\"RH_vivoSDP_SPCM_sendSMS\",\"RH_vivoSDP_SPCM_authPrice\"],\"negate\":false,\"disabled\":false,\"alias\":null},\"query\":{\"bool\":{\"should\":[{\"match_phrase\":{\"req_handler_name\":\"RH_vivoSDP_RTE_getUserBasicProfile\"}},{\"match_phrase\":{\"req_handler_name\":\"RH_vivoSDP_SPCM_sendSMS\"}},{\"match_phrase\":{\"req_handler_name\":\"RH_vivoSDP_SPCM_authPrice\"}}],\"minimum_should_match\":1}},\"$state\":{\"store\":\"appState\"}}],\"query\":{\"query\":\"\",\"language\":\"lucene\"}}"
        }
      }
    },
    {
      "id": "7ab509c0-f486-11e8-a15a-57aec69ac0d0",
      "type": "visualization",
      "updated_at": "2018-11-30T09:58:25.628Z",
      "version": 1,
      "attributes": {
        "title": "{{ tenant }}-HrgSdpConnectionRetriesAttempts",
        "visState": "{\"title\":\"{{ tenant }}-HrgSdpConnectionRetriesAttempts\",\"type\":\"line\",\"params\":{\"type\":\"line\",\"grid\":{\"categoryLines\":false,\"style\":{\"color\":\"#eee\"}},\"categoryAxes\":[{\"id\":\"CategoryAxis-1\",\"type\":\"category\",\"position\":\"bottom\",\"show\":true,\"style\":{},\"scale\":{\"type\":\"linear\"},\"labels\":{\"show\":true,\"truncate\":100},\"title\":{}}],\"valueAxes\":[{\"id\":\"ValueAxis-1\",\"name\":\"LeftAxis-1\",\"type\":\"value\",\"position\":\"left\",\"show\":true,\"style\":{},\"scale\":{\"type\":\"linear\",\"mode\":\"normal\"},\"labels\":{\"show\":true,\"rotate\":0,\"filter\":false,\"truncate\":100},\"title\":{\"text\":\"Connection Retries\"}}],\"seriesParams\":[{\"show\":\"true\",\"type\":\"line\",\"mode\":\"normal\",\"data\":{\"label\":\"Connection Retries\",\"id\":\"1\"},\"valueAxis\":\"ValueAxis-1\",\"drawLinesBetweenPoints\":true,\"showCircles\":true}],\"addTooltip\":true,\"addLegend\":true,\"legendPosition\":\"right\",\"times\":[],\"addTimeMarker\":false},\"aggs\":[{\"id\":\"1\",\"enabled\":true,\"type\":\"count\",\"schema\":\"metric\",\"params\":{\"customLabel\":\"Connection Retries\"}},{\"id\":\"2\",\"enabled\":true,\"type\":\"date_histogram\",\"schema\":\"segment\",\"params\":{\"field\":\"cdr_timestamp\",\"interval\":\"auto\",\"customInterval\":\"2h\",\"min_doc_count\":1,\"extended_bounds\":{},\"customLabel\":\"Time\"}},{\"id\":\"3\",\"enabled\":true,\"type\":\"terms\",\"schema\":\"group\",\"params\":{\"field\":\"conn_retries\",\"otherBucket\":false,\"otherBucketLabel\":\"Other\",\"missingBucket\":false,\"missingBucketLabel\":\"Missing\",\"size\":10,\"order\":\"desc\",\"orderBy\":\"1\",\"customLabel\":\"Number Retries\"}}]}",
        "uiStateJSON": "{}",
        "description": "",
        "version": 1,
        "kibanaSavedObjectMeta": {
          "searchSourceJSON": "{\"index\":\"{{ tenant }}-eca95190-9af3-11e8-8653-4f4d231eec8f\",\"filter\":[{\"meta\":{\"index\":\"{{ tenant }}-eca95190-9af3-11e8-8653-4f4d231eec8f\",\"type\":\"phrases\",\"key\":\"req_handler_name\",\"value\":\"RH_vivoSDP_RTE_getUserBasicProfile, RH_vivoSDP_SPCM_sendSMS, RH_vivoSDP_SPCM_authPrice\",\"params\":[\"RH_vivoSDP_RTE_getUserBasicProfile\",\"RH_vivoSDP_SPCM_sendSMS\",\"RH_vivoSDP_SPCM_authPrice\"],\"negate\":false,\"disabled\":false,\"alias\":null},\"query\":{\"bool\":{\"should\":[{\"match_phrase\":{\"req_handler_name\":\"RH_vivoSDP_RTE_getUserBasicProfile\"}},{\"match_phrase\":{\"req_handler_name\":\"RH_vivoSDP_SPCM_sendSMS\"}},{\"match_phrase\":{\"req_handler_name\":\"RH_vivoSDP_SPCM_authPrice\"}}],\"minimum_should_match\":1}},\"$state\":{\"store\":\"appState\"}}],\"query\":{\"query\":\"\",\"language\":\"lucene\"}}"
        }
      }
    },
    {
      "id": "f96bb2a0-f486-11e8-a15a-57aec69ac0d0",
      "type": "visualization",
      "updated_at": "2018-11-30T10:01:58.218Z",
      "version": 1,
      "attributes": {
        "title": "{{ tenant }}-HrgSdpResponseCodes",
        "visState": "{\"title\":\"{{ tenant }}-HrgSdpResponseCodes\",\"type\":\"line\",\"params\":{\"type\":\"line\",\"grid\":{\"categoryLines\":false,\"style\":{\"color\":\"#eee\"}},\"categoryAxes\":[{\"id\":\"CategoryAxis-1\",\"type\":\"category\",\"position\":\"bottom\",\"show\":true,\"style\":{},\"scale\":{\"type\":\"linear\"},\"labels\":{\"show\":true,\"truncate\":100},\"title\":{}}],\"valueAxes\":[{\"id\":\"ValueAxis-1\",\"name\":\"LeftAxis-1\",\"type\":\"value\",\"position\":\"left\",\"show\":true,\"style\":{},\"scale\":{\"type\":\"linear\",\"mode\":\"normal\"},\"labels\":{\"show\":true,\"rotate\":0,\"filter\":false,\"truncate\":100},\"title\":{\"text\":\"Count\"}}],\"seriesParams\":[{\"show\":\"true\",\"type\":\"line\",\"mode\":\"normal\",\"data\":{\"label\":\"Count\",\"id\":\"1\"},\"valueAxis\":\"ValueAxis-1\",\"drawLinesBetweenPoints\":true,\"showCircles\":true}],\"addTooltip\":true,\"addLegend\":true,\"legendPosition\":\"right\",\"times\":[],\"addTimeMarker\":false},\"aggs\":[{\"id\":\"1\",\"enabled\":true,\"type\":\"count\",\"schema\":\"metric\",\"params\":{\"customLabel\":\"Count\"}},{\"id\":\"2\",\"enabled\":true,\"type\":\"date_histogram\",\"schema\":\"segment\",\"params\":{\"field\":\"cdr_timestamp\",\"interval\":\"auto\",\"customInterval\":\"2h\",\"min_doc_count\":1,\"extended_bounds\":{},\"customLabel\":\"Time\"}},{\"id\":\"3\",\"enabled\":true,\"type\":\"terms\",\"schema\":\"group\",\"params\":{\"field\":\"server_response_code\",\"otherBucket\":false,\"otherBucketLabel\":\"Other\",\"missingBucket\":false,\"missingBucketLabel\":\"Missing\",\"size\":5,\"order\":\"desc\",\"orderBy\":\"1\",\"customLabel\":\"ResponseCode\"}}]}",
        "uiStateJSON": "{}",
        "description": "",
        "version": 1,
        "kibanaSavedObjectMeta": {
          "searchSourceJSON": "{\"index\":\"{{ tenant }}-eca95190-9af3-11e8-8653-4f4d231eec8f\",\"filter\":[{\"meta\":{\"index\":\"{{ tenant }}-eca95190-9af3-11e8-8653-4f4d231eec8f\",\"type\":\"phrases\",\"key\":\"req_handler_name\",\"value\":\"RH_vivoSDP_RTE_getUserBasicProfile, RH_vivoSDP_SPCM_sendSMS, RH_vivoSDP_SPCM_authPrice\",\"params\":[\"RH_vivoSDP_RTE_getUserBasicProfile\",\"RH_vivoSDP_SPCM_sendSMS\",\"RH_vivoSDP_SPCM_authPrice\"],\"negate\":false,\"disabled\":false,\"alias\":null},\"query\":{\"bool\":{\"should\":[{\"match_phrase\":{\"req_handler_name\":\"RH_vivoSDP_RTE_getUserBasicProfile\"}},{\"match_phrase\":{\"req_handler_name\":\"RH_vivoSDP_SPCM_sendSMS\"}},{\"match_phrase\":{\"req_handler_name\":\"RH_vivoSDP_SPCM_authPrice\"}}],\"minimum_should_match\":1}},\"$state\":{\"store\":\"appState\"}}],\"query\":{\"query\":\"\",\"language\":\"lucene\"}}"
        }
      }
    },
    {
      "id": "{{ tenant }}-eca95190-9af3-11e8-8653-4f4d231eec8f",
      "type": "index-pattern",
      "updated_at": "2019-01-31T16:29:42.319Z",
      "version": 24,
      "attributes": {
        "fields": "[{\"name\":\"@timestamp\",\"type\":\"date\",\"count\":0,\"scripted\":false,\"searchable\":true,\"aggregatable\":true,\"readFromDocValues\":true},{\"name\":\"_id\",\"type\":\"string\",\"count\":0,\"scripted\":false,\"searchable\":true,\"aggregatable\":true,\"readFromDocValues\":false},{\"name\":\"_index\",\"type\":\"string\",\"count\":0,\"scripted\":false,\"searchable\":true,\"aggregatable\":true,\"readFromDocValues\":false},{\"name\":\"_score\",\"type\":\"number\",\"count\":0,\"scripted\":false,\"searchable\":false,\"aggregatable\":false,\"readFromDocValues\":false},{\"name\":\"_source\",\"type\":\"_source\",\"count\":0,\"scripted\":false,\"searchable\":false,\"aggregatable\":false,\"readFromDocValues\":false},{\"name\":\"_type\",\"type\":\"string\",\"count\":0,\"scripted\":false,\"searchable\":true,\"aggregatable\":true,\"readFromDocValues\":false},{\"name\":\"call_ref\",\"type\":\"string\",\"count\":0,\"scripted\":false,\"searchable\":true,\"aggregatable\":true,\"readFromDocValues\":true},{\"name\":\"cdr_gen_date\",\"type\":\"date\",\"count\":0,\"scripted\":false,\"searchable\":true,\"aggregatable\":true,\"readFromDocValues\":true},{\"name\":\"cdr_gen_time\",\"type\":\"date\",\"count\":0,\"scripted\":false,\"searchable\":true,\"aggregatable\":true,\"readFromDocValues\":true},{\"name\":\"cdr_timestamp\",\"type\":\"date\",\"count\":0,\"scripted\":false,\"searchable\":true,\"aggregatable\":true,\"readFromDocValues\":true},{\"name\":\"conn_group_name\",\"type\":\"string\",\"count\":0,\"scripted\":false,\"searchable\":true,\"aggregatable\":true,\"readFromDocValues\":true},{\"name\":\"conn_names\",\"type\":\"string\",\"count\":2,\"scripted\":false,\"searchable\":true,\"aggregatable\":true,\"readFromDocValues\":true},{\"name\":\"conn_retries\",\"type\":\"number\",\"count\":1,\"scripted\":false,\"searchable\":true,\"aggregatable\":true,\"readFromDocValues\":true},{\"name\":\"final_server_response_time\",\"type\":\"string\",\"count\":1,\"scripted\":false,\"searchable\":true,\"aggregatable\":false,\"readFromDocValues\":false},{\"name\":\"final_server_response_time.keyword\",\"type\":\"string\",\"count\":0,\"scripted\":false,\"searchable\":true,\"aggregatable\":true,\"readFromDocValues\":true},{\"name\":\"hrg_response_code\",\"type\":\"string\",\"count\":3,\"scripted\":false,\"searchable\":true,\"aggregatable\":true,\"readFromDocValues\":true},{\"name\":\"hrg_response_time\",\"type\":\"number\",\"count\":1,\"scripted\":false,\"searchable\":true,\"aggregatable\":true,\"readFromDocValues\":true},{\"name\":\"index_date\",\"type\":\"string\",\"count\":0,\"scripted\":false,\"searchable\":false,\"aggregatable\":true,\"readFromDocValues\":true},{\"name\":\"params_matched\",\"type\":\"string\",\"count\":0,\"scripted\":false,\"searchable\":true,\"aggregatable\":true,\"readFromDocValues\":true},{\"name\":\"path\",\"type\":\"string\",\"count\":0,\"scripted\":false,\"searchable\":false,\"aggregatable\":true,\"readFromDocValues\":true},{\"name\":\"req_handler_name\",\"type\":\"string\",\"count\":8,\"scripted\":false,\"searchable\":true,\"aggregatable\":true,\"readFromDocValues\":true},{\"name\":\"req_recv_time\",\"type\":\"date\",\"count\":0,\"scripted\":false,\"searchable\":true,\"aggregatable\":true,\"readFromDocValues\":true},{\"name\":\"server_response_code\",\"type\":\"string\",\"count\":4,\"scripted\":false,\"searchable\":true,\"aggregatable\":true,\"readFromDocValues\":true},{\"name\":\"server_response_time\",\"type\":\"number\",\"count\":0,\"scripted\":false,\"searchable\":true,\"aggregatable\":true,\"readFromDocValues\":true},{\"name\":\"svc_id\",\"type\":\"string\",\"count\":0,\"scripted\":false,\"searchable\":true,\"aggregatable\":true,\"readFromDocValues\":true},{\"name\":\"tags\",\"type\":\"string\",\"count\":0,\"scripted\":false,\"searchable\":false,\"aggregatable\":true,\"readFromDocValues\":true},{\"name\":\"msisdn\",\"type\":\"string\",\"count\":4,\"scripted\":false,\"searchable\":true,\"aggregatable\":true,\"readFromDocValues\":true},{\"name\":\"tenant_id\",\"type\":\"string\",\"count\":0,\"scripted\":false,\"searchable\":true,\"aggregatable\":true,\"readFromDocValues\":true},{\"name\":\"txn_type\",\"type\":\"string\",\"count\":0,\"scripted\":false,\"searchable\":true,\"aggregatable\":true,\"readFromDocValues\":true}]",
        "timeFieldName": "cdr_timestamp",
        "title": "{{ tenant }}-hrg"
      }
    },
    {
      "id": "82437400-f4a5-11e8-a15a-57aec69ac0d0",
      "type": "dashboard",
      "updated_at": "2018-11-30T13:40:32.704Z",
      "version": 1,
      "attributes": {
        "title": "Internal-SDP-Transaction-Analysis",
        "hits": 0,
        "description": "",
        "panelsJSON": "[{\"title\":\"SDP Average Response Time V Num Connection Retries\",\"panelIndex\":\"1\",\"gridData\":{\"x\":0,\"y\":3,\"w\":12,\"h\":3,\"i\":\"1\"},\"version\":\"7.3.0\",\"type\":\"visualization\",\"id\":\"b7c4c6e0-f48e-11e8-a15a-57aec69ac0d0\"},{\"title\":\"SDP Connection Retries Trend\",\"panelIndex\":\"2\",\"gridData\":{\"x\":0,\"y\":6,\"w\":12,\"h\":3,\"i\":\"2\"},\"version\":\"7.3.0\",\"type\":\"visualization\",\"id\":\"7ab509c0-f486-11e8-a15a-57aec69ac0d0\"},{\"title\":\"SDP Response Code Trend\",\"panelIndex\":\"3\",\"gridData\":{\"x\":0,\"y\":0,\"w\":12,\"h\":3,\"i\":\"3\"},\"version\":\"7.3.0\",\"type\":\"visualization\",\"id\":\"f96bb2a0-f486-11e8-a15a-57aec69ac0d0\"}]",
        "optionsJSON": "{\"darkTheme\":false,\"useMargins\":true,\"hidePanelTitles\":false}",
        "version": 1,
        "timeRestore": false,
        "kibanaSavedObjectMeta": {
          "searchSourceJSON": "{\"query\":{\"query\":\"\",\"language\":\"lucene\"},\"filter\":[],\"highlightAll\":true,\"version\":true}"
        }
      }
    }
  ]
}{
  "version": "7.3.0",
  "objects": [
    {
      "id": "b7c4c6e0-f48e-11e8-a15a-57aec69ac0d0",
      "type": "visualization",
      "updated_at": "2018-11-30T10:57:24.045Z",
      "version": 1,
      "attributes": {
        "title": "{{ tenant }}-HrgSdpAverageResponseTime",
        "visState": "{\"title\":\"{{ tenant }}-HrgSdpAverageResponseTime\",\"type\":\"line\",\"params\":{\"type\":\"line\",\"grid\":{\"categoryLines\":false,\"style\":{\"color\":\"#eee\"}},\"categoryAxes\":[{\"id\":\"CategoryAxis-1\",\"type\":\"category\",\"position\":\"bottom\",\"show\":true,\"style\":{},\"scale\":{\"type\":\"linear\"},\"labels\":{\"show\":true,\"truncate\":100},\"title\":{}}],\"valueAxes\":[{\"id\":\"ValueAxis-1\",\"name\":\"LeftAxis-1\",\"type\":\"value\",\"position\":\"left\",\"show\":true,\"style\":{},\"scale\":{\"type\":\"linear\",\"mode\":\"normal\"},\"labels\":{\"show\":true,\"rotate\":0,\"filter\":false,\"truncate\":100},\"title\":{\"text\":\"Average Response Time (ms)\"}}],\"seriesParams\":[{\"show\":\"true\",\"type\":\"line\",\"mode\":\"normal\",\"data\":{\"label\":\"Average Response Time (ms)\",\"id\":\"1\"},\"valueAxis\":\"ValueAxis-1\",\"drawLinesBetweenPoints\":true,\"showCircles\":true}],\"addTooltip\":true,\"addLegend\":true,\"legendPosition\":\"right\",\"times\":[],\"addTimeMarker\":false},\"aggs\":[{\"id\":\"1\",\"enabled\":true,\"type\":\"avg\",\"schema\":\"metric\",\"params\":{\"field\":\"server_response_time\",\"customLabel\":\"Average Response Time (ms)\"}},{\"id\":\"2\",\"enabled\":true,\"type\":\"date_histogram\",\"schema\":\"segment\",\"params\":{\"field\":\"cdr_timestamp\",\"interval\":\"auto\",\"customInterval\":\"2h\",\"min_doc_count\":1,\"extended_bounds\":{},\"customLabel\":\"Time\"}},{\"id\":\"3\",\"enabled\":true,\"type\":\"terms\",\"schema\":\"group\",\"params\":{\"field\":\"conn_retries\",\"otherBucket\":false,\"otherBucketLabel\":\"Other\",\"missingBucket\":false,\"missingBucketLabel\":\"Missing\",\"size\":5,\"order\":\"desc\",\"orderBy\":\"1\",\"customLabel\":\"Num Retries\"}}]}",
        "uiStateJSON": "{}",
        "description": "",
        "version": 1,
        "kibanaSavedObjectMeta": {
          "searchSourceJSON": "{\"index\":\"{{ tenant }}-eca95190-9af3-11e8-8653-4f4d231eec8f\",\"filter\":[{\"meta\":{\"index\":\"{{ tenant }}-eca95190-9af3-11e8-8653-4f4d231eec8f\",\"type\":\"phrases\",\"key\":\"req_handler_name\",\"value\":\"RH_vivoSDP_RTE_getUserBasicProfile, RH_vivoSDP_SPCM_sendSMS, RH_vivoSDP_SPCM_authPrice\",\"params\":[\"RH_vivoSDP_RTE_getUserBasicProfile\",\"RH_vivoSDP_SPCM_sendSMS\",\"RH_vivoSDP_SPCM_authPrice\"],\"negate\":false,\"disabled\":false,\"alias\":null},\"query\":{\"bool\":{\"should\":[{\"match_phrase\":{\"req_handler_name\":\"RH_vivoSDP_RTE_getUserBasicProfile\"}},{\"match_phrase\":{\"req_handler_name\":\"RH_vivoSDP_SPCM_sendSMS\"}},{\"match_phrase\":{\"req_handler_name\":\"RH_vivoSDP_SPCM_authPrice\"}}],\"minimum_should_match\":1}},\"$state\":{\"store\":\"appState\"}}],\"query\":{\"query\":\"\",\"language\":\"lucene\"}}"
        }
      }
    },
    {
      "id": "7ab509c0-f486-11e8-a15a-57aec69ac0d0",
      "type": "visualization",
      "updated_at": "2018-11-30T09:58:25.628Z",
      "version": 1,
      "attributes": {
        "title": "{{ tenant }}-HrgSdpConnectionRetriesAttempts",
        "visState": "{\"title\":\"{{ tenant }}-HrgSdpConnectionRetriesAttempts\",\"type\":\"line\",\"params\":{\"type\":\"line\",\"grid\":{\"categoryLines\":false,\"style\":{\"color\":\"#eee\"}},\"categoryAxes\":[{\"id\":\"CategoryAxis-1\",\"type\":\"category\",\"position\":\"bottom\",\"show\":true,\"style\":{},\"scale\":{\"type\":\"linear\"},\"labels\":{\"show\":true,\"truncate\":100},\"title\":{}}],\"valueAxes\":[{\"id\":\"ValueAxis-1\",\"name\":\"LeftAxis-1\",\"type\":\"value\",\"position\":\"left\",\"show\":true,\"style\":{},\"scale\":{\"type\":\"linear\",\"mode\":\"normal\"},\"labels\":{\"show\":true,\"rotate\":0,\"filter\":false,\"truncate\":100},\"title\":{\"text\":\"Connection Retries\"}}],\"seriesParams\":[{\"show\":\"true\",\"type\":\"line\",\"mode\":\"normal\",\"data\":{\"label\":\"Connection Retries\",\"id\":\"1\"},\"valueAxis\":\"ValueAxis-1\",\"drawLinesBetweenPoints\":true,\"showCircles\":true}],\"addTooltip\":true,\"addLegend\":true,\"legendPosition\":\"right\",\"times\":[],\"addTimeMarker\":false},\"aggs\":[{\"id\":\"1\",\"enabled\":true,\"type\":\"count\",\"schema\":\"metric\",\"params\":{\"customLabel\":\"Connection Retries\"}},{\"id\":\"2\",\"enabled\":true,\"type\":\"date_histogram\",\"schema\":\"segment\",\"params\":{\"field\":\"cdr_timestamp\",\"interval\":\"auto\",\"customInterval\":\"2h\",\"min_doc_count\":1,\"extended_bounds\":{},\"customLabel\":\"Time\"}},{\"id\":\"3\",\"enabled\":true,\"type\":\"terms\",\"schema\":\"group\",\"params\":{\"field\":\"conn_retries\",\"otherBucket\":false,\"otherBucketLabel\":\"Other\",\"missingBucket\":false,\"missingBucketLabel\":\"Missing\",\"size\":10,\"order\":\"desc\",\"orderBy\":\"1\",\"customLabel\":\"Number Retries\"}}]}",
        "uiStateJSON": "{}",
        "description": "",
        "version": 1,
        "kibanaSavedObjectMeta": {
          "searchSourceJSON": "{\"index\":\"{{ tenant }}-eca95190-9af3-11e8-8653-4f4d231eec8f\",\"filter\":[{\"meta\":{\"index\":\"{{ tenant }}-eca95190-9af3-11e8-8653-4f4d231eec8f\",\"type\":\"phrases\",\"key\":\"req_handler_name\",\"value\":\"RH_vivoSDP_RTE_getUserBasicProfile, RH_vivoSDP_SPCM_sendSMS, RH_vivoSDP_SPCM_authPrice\",\"params\":[\"RH_vivoSDP_RTE_getUserBasicProfile\",\"RH_vivoSDP_SPCM_sendSMS\",\"RH_vivoSDP_SPCM_authPrice\"],\"negate\":false,\"disabled\":false,\"alias\":null},\"query\":{\"bool\":{\"should\":[{\"match_phrase\":{\"req_handler_name\":\"RH_vivoSDP_RTE_getUserBasicProfile\"}},{\"match_phrase\":{\"req_handler_name\":\"RH_vivoSDP_SPCM_sendSMS\"}},{\"match_phrase\":{\"req_handler_name\":\"RH_vivoSDP_SPCM_authPrice\"}}],\"minimum_should_match\":1}},\"$state\":{\"store\":\"appState\"}}],\"query\":{\"query\":\"\",\"language\":\"lucene\"}}"
        }
      }
    },
    {
      "id": "f96bb2a0-f486-11e8-a15a-57aec69ac0d0",
      "type": "visualization",
      "updated_at": "2018-11-30T10:01:58.218Z",
      "version": 1,
      "attributes": {
        "title": "{{ tenant }}-HrgSdpResponseCodes",
        "visState": "{\"title\":\"{{ tenant }}-HrgSdpResponseCodes\",\"type\":\"line\",\"params\":{\"type\":\"line\",\"grid\":{\"categoryLines\":false,\"style\":{\"color\":\"#eee\"}},\"categoryAxes\":[{\"id\":\"CategoryAxis-1\",\"type\":\"category\",\"position\":\"bottom\",\"show\":true,\"style\":{},\"scale\":{\"type\":\"linear\"},\"labels\":{\"show\":true,\"truncate\":100},\"title\":{}}],\"valueAxes\":[{\"id\":\"ValueAxis-1\",\"name\":\"LeftAxis-1\",\"type\":\"value\",\"position\":\"left\",\"show\":true,\"style\":{},\"scale\":{\"type\":\"linear\",\"mode\":\"normal\"},\"labels\":{\"show\":true,\"rotate\":0,\"filter\":false,\"truncate\":100},\"title\":{\"text\":\"Count\"}}],\"seriesParams\":[{\"show\":\"true\",\"type\":\"line\",\"mode\":\"normal\",\"data\":{\"label\":\"Count\",\"id\":\"1\"},\"valueAxis\":\"ValueAxis-1\",\"drawLinesBetweenPoints\":true,\"showCircles\":true}],\"addTooltip\":true,\"addLegend\":true,\"legendPosition\":\"right\",\"times\":[],\"addTimeMarker\":false},\"aggs\":[{\"id\":\"1\",\"enabled\":true,\"type\":\"count\",\"schema\":\"metric\",\"params\":{\"customLabel\":\"Count\"}},{\"id\":\"2\",\"enabled\":true,\"type\":\"date_histogram\",\"schema\":\"segment\",\"params\":{\"field\":\"cdr_timestamp\",\"interval\":\"auto\",\"customInterval\":\"2h\",\"min_doc_count\":1,\"extended_bounds\":{},\"customLabel\":\"Time\"}},{\"id\":\"3\",\"enabled\":true,\"type\":\"terms\",\"schema\":\"group\",\"params\":{\"field\":\"server_response_code\",\"otherBucket\":false,\"otherBucketLabel\":\"Other\",\"missingBucket\":false,\"missingBucketLabel\":\"Missing\",\"size\":5,\"order\":\"desc\",\"orderBy\":\"1\",\"customLabel\":\"ResponseCode\"}}]}",
        "uiStateJSON": "{}",
        "description": "",
        "version": 1,
        "kibanaSavedObjectMeta": {
          "searchSourceJSON": "{\"index\":\"{{ tenant }}-eca95190-9af3-11e8-8653-4f4d231eec8f\",\"filter\":[{\"meta\":{\"index\":\"{{ tenant }}-eca95190-9af3-11e8-8653-4f4d231eec8f\",\"type\":\"phrases\",\"key\":\"req_handler_name\",\"value\":\"RH_vivoSDP_RTE_getUserBasicProfile, RH_vivoSDP_SPCM_sendSMS, RH_vivoSDP_SPCM_authPrice\",\"params\":[\"RH_vivoSDP_RTE_getUserBasicProfile\",\"RH_vivoSDP_SPCM_sendSMS\",\"RH_vivoSDP_SPCM_authPrice\"],\"negate\":false,\"disabled\":false,\"alias\":null},\"query\":{\"bool\":{\"should\":[{\"match_phrase\":{\"req_handler_name\":\"RH_vivoSDP_RTE_getUserBasicProfile\"}},{\"match_phrase\":{\"req_handler_name\":\"RH_vivoSDP_SPCM_sendSMS\"}},{\"match_phrase\":{\"req_handler_name\":\"RH_vivoSDP_SPCM_authPrice\"}}],\"minimum_should_match\":1}},\"$state\":{\"store\":\"appState\"}}],\"query\":{\"query\":\"\",\"language\":\"lucene\"}}"
        }
      }
    },
    {
      "id": "{{ tenant }}-eca95190-9af3-11e8-8653-4f4d231eec8f",
      "type": "index-pattern",
      "updated_at": "2019-01-31T16:29:42.319Z",
      "version": 24,
      "attributes": {
        "fields": "[{\"name\":\"@timestamp\",\"type\":\"date\",\"count\":0,\"scripted\":false,\"searchable\":true,\"aggregatable\":true,\"readFromDocValues\":true},{\"name\":\"_id\",\"type\":\"string\",\"count\":0,\"scripted\":false,\"searchable\":true,\"aggregatable\":true,\"readFromDocValues\":false},{\"name\":\"_index\",\"type\":\"string\",\"count\":0,\"scripted\":false,\"searchable\":true,\"aggregatable\":true,\"readFromDocValues\":false},{\"name\":\"_score\",\"type\":\"number\",\"count\":0,\"scripted\":false,\"searchable\":false,\"aggregatable\":false,\"readFromDocValues\":false},{\"name\":\"_source\",\"type\":\"_source\",\"count\":0,\"scripted\":false,\"searchable\":false,\"aggregatable\":false,\"readFromDocValues\":false},{\"name\":\"_type\",\"type\":\"string\",\"count\":0,\"scripted\":false,\"searchable\":true,\"aggregatable\":true,\"readFromDocValues\":false},{\"name\":\"call_ref\",\"type\":\"string\",\"count\":0,\"scripted\":false,\"searchable\":true,\"aggregatable\":true,\"readFromDocValues\":true},{\"name\":\"cdr_gen_date\",\"type\":\"date\",\"count\":0,\"scripted\":false,\"searchable\":true,\"aggregatable\":true,\"readFromDocValues\":true},{\"name\":\"cdr_gen_time\",\"type\":\"date\",\"count\":0,\"scripted\":false,\"searchable\":true,\"aggregatable\":true,\"readFromDocValues\":true},{\"name\":\"cdr_timestamp\",\"type\":\"date\",\"count\":0,\"scripted\":false,\"searchable\":true,\"aggregatable\":true,\"readFromDocValues\":true},{\"name\":\"conn_group_name\",\"type\":\"string\",\"count\":0,\"scripted\":false,\"searchable\":true,\"aggregatable\":true,\"readFromDocValues\":true},{\"name\":\"conn_names\",\"type\":\"string\",\"count\":2,\"scripted\":false,\"searchable\":true,\"aggregatable\":true,\"readFromDocValues\":true},{\"name\":\"conn_retries\",\"type\":\"number\",\"count\":1,\"scripted\":false,\"searchable\":true,\"aggregatable\":true,\"readFromDocValues\":true},{\"name\":\"final_server_response_time\",\"type\":\"string\",\"count\":1,\"scripted\":false,\"searchable\":true,\"aggregatable\":false,\"readFromDocValues\":false},{\"name\":\"final_server_response_time.keyword\",\"type\":\"string\",\"count\":0,\"scripted\":false,\"searchable\":true,\"aggregatable\":true,\"readFromDocValues\":true},{\"name\":\"hrg_response_code\",\"type\":\"string\",\"count\":3,\"scripted\":false,\"searchable\":true,\"aggregatable\":true,\"readFromDocValues\":true},{\"name\":\"hrg_response_time\",\"type\":\"number\",\"count\":1,\"scripted\":false,\"searchable\":true,\"aggregatable\":true,\"readFromDocValues\":true},{\"name\":\"index_date\",\"type\":\"string\",\"count\":0,\"scripted\":false,\"searchable\":false,\"aggregatable\":true,\"readFromDocValues\":true},{\"name\":\"params_matched\",\"type\":\"string\",\"count\":0,\"scripted\":false,\"searchable\":true,\"aggregatable\":true,\"readFromDocValues\":true},{\"name\":\"path\",\"type\":\"string\",\"count\":0,\"scripted\":false,\"searchable\":false,\"aggregatable\":true,\"readFromDocValues\":true},{\"name\":\"req_handler_name\",\"type\":\"string\",\"count\":8,\"scripted\":false,\"searchable\":true,\"aggregatable\":true,\"readFromDocValues\":true},{\"name\":\"req_recv_time\",\"type\":\"date\",\"count\":0,\"scripted\":false,\"searchable\":true,\"aggregatable\":true,\"readFromDocValues\":true},{\"name\":\"server_response_code\",\"type\":\"string\",\"count\":4,\"scripted\":false,\"searchable\":true,\"aggregatable\":true,\"readFromDocValues\":true},{\"name\":\"server_response_time\",\"type\":\"number\",\"count\":0,\"scripted\":false,\"searchable\":true,\"aggregatable\":true,\"readFromDocValues\":true},{\"name\":\"svc_id\",\"type\":\"string\",\"count\":0,\"scripted\":false,\"searchable\":true,\"aggregatable\":true,\"readFromDocValues\":true},{\"name\":\"tags\",\"type\":\"string\",\"count\":0,\"scripted\":false,\"searchable\":false,\"aggregatable\":true,\"readFromDocValues\":true},{\"name\":\"msisdn\",\"type\":\"string\",\"count\":4,\"scripted\":false,\"searchable\":true,\"aggregatable\":true,\"readFromDocValues\":true},{\"name\":\"tenant_id\",\"type\":\"string\",\"count\":0,\"scripted\":false,\"searchable\":true,\"aggregatable\":true,\"readFromDocValues\":true},{\"name\":\"txn_type\",\"type\":\"string\",\"count\":0,\"scripted\":false,\"searchable\":true,\"aggregatable\":true,\"readFromDocValues\":true}]",
        "timeFieldName": "cdr_timestamp",
        "title": "{{ tenant }}-hrg"
      }
    },
    {
      "id": "82437400-f4a5-11e8-a15a-57aec69ac0d0",
      "type": "dashboard",
      "updated_at": "2018-11-30T13:40:32.704Z",
      "version": 1,
      "attributes": {
        "title": "Internal-SDP-Transaction-Analysis",
        "hits": 0,
        "description": "",
        "panelsJSON": "[{\"title\":\"SDP Average Response Time V Num Connection Retries\",\"panelIndex\":\"1\",\"gridData\":{\"x\":0,\"y\":3,\"w\":12,\"h\":3,\"i\":\"1\"},\"version\":\"7.3.0\",\"type\":\"visualization\",\"id\":\"b7c4c6e0-f48e-11e8-a15a-57aec69ac0d0\"},{\"title\":\"SDP Connection Retries Trend\",\"panelIndex\":\"2\",\"gridData\":{\"x\":0,\"y\":6,\"w\":12,\"h\":3,\"i\":\"2\"},\"version\":\"7.3.0\",\"type\":\"visualization\",\"id\":\"7ab509c0-f486-11e8-a15a-57aec69ac0d0\"},{\"title\":\"SDP Response Code Trend\",\"panelIndex\":\"3\",\"gridData\":{\"x\":0,\"y\":0,\"w\":12,\"h\":3,\"i\":\"3\"},\"version\":\"7.3.0\",\"type\":\"visualization\",\"id\":\"f96bb2a0-f486-11e8-a15a-57aec69ac0d0\"}]",
        "optionsJSON": "{\"darkTheme\":false,\"useMargins\":true,\"hidePanelTitles\":false}",
        "version": 1,
        "timeRestore": false,
        "kibanaSavedObjectMeta": {
          "searchSourceJSON": "{\"query\":{\"query\":\"\",\"language\":\"lucene\"},\"filter\":[],\"highlightAll\":true,\"version\":true}"
        }
      }
    }
  ]
}{
  "version": "7.3.0",
  "objects": [
    {
      "id": "b7c4c6e0-f48e-11e8-a15a-57aec69ac0d0",
      "type": "visualization",
      "updated_at": "2018-11-30T10:57:24.045Z",
      "version": 1,
      "attributes": {
        "title": "{{ tenant }}-HrgSdpAverageResponseTime",
        "visState": "{\"title\":\"{{ tenant }}-HrgSdpAverageResponseTime\",\"type\":\"line\",\"params\":{\"type\":\"line\",\"grid\":{\"categoryLines\":false,\"style\":{\"color\":\"#eee\"}},\"categoryAxes\":[{\"id\":\"CategoryAxis-1\",\"type\":\"category\",\"position\":\"bottom\",\"show\":true,\"style\":{},\"scale\":{\"type\":\"linear\"},\"labels\":{\"show\":true,\"truncate\":100},\"title\":{}}],\"valueAxes\":[{\"id\":\"ValueAxis-1\",\"name\":\"LeftAxis-1\",\"type\":\"value\",\"position\":\"left\",\"show\":true,\"style\":{},\"scale\":{\"type\":\"linear\",\"mode\":\"normal\"},\"labels\":{\"show\":true,\"rotate\":0,\"filter\":false,\"truncate\":100},\"title\":{\"text\":\"Average Response Time (ms)\"}}],\"seriesParams\":[{\"show\":\"true\",\"type\":\"line\",\"mode\":\"normal\",\"data\":{\"label\":\"Average Response Time (ms)\",\"id\":\"1\"},\"valueAxis\":\"ValueAxis-1\",\"drawLinesBetweenPoints\":true,\"showCircles\":true}],\"addTooltip\":true,\"addLegend\":true,\"legendPosition\":\"right\",\"times\":[],\"addTimeMarker\":false},\"aggs\":[{\"id\":\"1\",\"enabled\":true,\"type\":\"avg\",\"schema\":\"metric\",\"params\":{\"field\":\"server_response_time\",\"customLabel\":\"Average Response Time (ms)\"}},{\"id\":\"2\",\"enabled\":true,\"type\":\"date_histogram\",\"schema\":\"segment\",\"params\":{\"field\":\"cdr_timestamp\",\"interval\":\"auto\",\"customInterval\":\"2h\",\"min_doc_count\":1,\"extended_bounds\":{},\"customLabel\":\"Time\"}},{\"id\":\"3\",\"enabled\":true,\"type\":\"terms\",\"schema\":\"group\",\"params\":{\"field\":\"conn_retries\",\"otherBucket\":false,\"otherBucketLabel\":\"Other\",\"missingBucket\":false,\"missingBucketLabel\":\"Missing\",\"size\":5,\"order\":\"desc\",\"orderBy\":\"1\",\"customLabel\":\"Num Retries\"}}]}",
        "uiStateJSON": "{}",
        "description": "",
        "version": 1,
        "kibanaSavedObjectMeta": {
          "searchSourceJSON": "{\"index\":\"{{ tenant }}-eca95190-9af3-11e8-8653-4f4d231eec8f\",\"filter\":[{\"meta\":{\"index\":\"{{ tenant }}-eca95190-9af3-11e8-8653-4f4d231eec8f\",\"type\":\"phrases\",\"key\":\"req_handler_name\",\"value\":\"RH_vivoSDP_RTE_getUserBasicProfile, RH_vivoSDP_SPCM_sendSMS, RH_vivoSDP_SPCM_authPrice\",\"params\":[\"RH_vivoSDP_RTE_getUserBasicProfile\",\"RH_vivoSDP_SPCM_sendSMS\",\"RH_vivoSDP_SPCM_authPrice\"],\"negate\":false,\"disabled\":false,\"alias\":null},\"query\":{\"bool\":{\"should\":[{\"match_phrase\":{\"req_handler_name\":\"RH_vivoSDP_RTE_getUserBasicProfile\"}},{\"match_phrase\":{\"req_handler_name\":\"RH_vivoSDP_SPCM_sendSMS\"}},{\"match_phrase\":{\"req_handler_name\":\"RH_vivoSDP_SPCM_authPrice\"}}],\"minimum_should_match\":1}},\"$state\":{\"store\":\"appState\"}}],\"query\":{\"query\":\"\",\"language\":\"lucene\"}}"
        }
      }
    },
    {
      "id": "7ab509c0-f486-11e8-a15a-57aec69ac0d0",
      "type": "visualization",
      "updated_at": "2018-11-30T09:58:25.628Z",
      "version": 1,
      "attributes": {
        "title": "{{ tenant }}-HrgSdpConnectionRetriesAttempts",
        "visState": "{\"title\":\"{{ tenant }}-HrgSdpConnectionRetriesAttempts\",\"type\":\"line\",\"params\":{\"type\":\"line\",\"grid\":{\"categoryLines\":false,\"style\":{\"color\":\"#eee\"}},\"categoryAxes\":[{\"id\":\"CategoryAxis-1\",\"type\":\"category\",\"position\":\"bottom\",\"show\":true,\"style\":{},\"scale\":{\"type\":\"linear\"},\"labels\":{\"show\":true,\"truncate\":100},\"title\":{}}],\"valueAxes\":[{\"id\":\"ValueAxis-1\",\"name\":\"LeftAxis-1\",\"type\":\"value\",\"position\":\"left\",\"show\":true,\"style\":{},\"scale\":{\"type\":\"linear\",\"mode\":\"normal\"},\"labels\":{\"show\":true,\"rotate\":0,\"filter\":false,\"truncate\":100},\"title\":{\"text\":\"Connection Retries\"}}],\"seriesParams\":[{\"show\":\"true\",\"type\":\"line\",\"mode\":\"normal\",\"data\":{\"label\":\"Connection Retries\",\"id\":\"1\"},\"valueAxis\":\"ValueAxis-1\",\"drawLinesBetweenPoints\":true,\"showCircles\":true}],\"addTooltip\":true,\"addLegend\":true,\"legendPosition\":\"right\",\"times\":[],\"addTimeMarker\":false},\"aggs\":[{\"id\":\"1\",\"enabled\":true,\"type\":\"count\",\"schema\":\"metric\",\"params\":{\"customLabel\":\"Connection Retries\"}},{\"id\":\"2\",\"enabled\":true,\"type\":\"date_histogram\",\"schema\":\"segment\",\"params\":{\"field\":\"cdr_timestamp\",\"interval\":\"auto\",\"customInterval\":\"2h\",\"min_doc_count\":1,\"extended_bounds\":{},\"customLabel\":\"Time\"}},{\"id\":\"3\",\"enabled\":true,\"type\":\"terms\",\"schema\":\"group\",\"params\":{\"field\":\"conn_retries\",\"otherBucket\":false,\"otherBucketLabel\":\"Other\",\"missingBucket\":false,\"missingBucketLabel\":\"Missing\",\"size\":10,\"order\":\"desc\",\"orderBy\":\"1\",\"customLabel\":\"Number Retries\"}}]}",
        "uiStateJSON": "{}",
        "description": "",
        "version": 1,
        "kibanaSavedObjectMeta": {
          "searchSourceJSON": "{\"index\":\"{{ tenant }}-eca95190-9af3-11e8-8653-4f4d231eec8f\",\"filter\":[{\"meta\":{\"index\":\"{{ tenant }}-eca95190-9af3-11e8-8653-4f4d231eec8f\",\"type\":\"phrases\",\"key\":\"req_handler_name\",\"value\":\"RH_vivoSDP_RTE_getUserBasicProfile, RH_vivoSDP_SPCM_sendSMS, RH_vivoSDP_SPCM_authPrice\",\"params\":[\"RH_vivoSDP_RTE_getUserBasicProfile\",\"RH_vivoSDP_SPCM_sendSMS\",\"RH_vivoSDP_SPCM_authPrice\"],\"negate\":false,\"disabled\":false,\"alias\":null},\"query\":{\"bool\":{\"should\":[{\"match_phrase\":{\"req_handler_name\":\"RH_vivoSDP_RTE_getUserBasicProfile\"}},{\"match_phrase\":{\"req_handler_name\":\"RH_vivoSDP_SPCM_sendSMS\"}},{\"match_phrase\":{\"req_handler_name\":\"RH_vivoSDP_SPCM_authPrice\"}}],\"minimum_should_match\":1}},\"$state\":{\"store\":\"appState\"}}],\"query\":{\"query\":\"\",\"language\":\"lucene\"}}"
        }
      }
    },
    {
      "id": "f96bb2a0-f486-11e8-a15a-57aec69ac0d0",
      "type": "visualization",
      "updated_at": "2018-11-30T10:01:58.218Z",
      "version": 1,
      "attributes": {
        "title": "{{ tenant }}-HrgSdpResponseCodes",
        "visState": "{\"title\":\"{{ tenant }}-HrgSdpResponseCodes\",\"type\":\"line\",\"params\":{\"type\":\"line\",\"grid\":{\"categoryLines\":false,\"style\":{\"color\":\"#eee\"}},\"categoryAxes\":[{\"id\":\"CategoryAxis-1\",\"type\":\"category\",\"position\":\"bottom\",\"show\":true,\"style\":{},\"scale\":{\"type\":\"linear\"},\"labels\":{\"show\":true,\"truncate\":100},\"title\":{}}],\"valueAxes\":[{\"id\":\"ValueAxis-1\",\"name\":\"LeftAxis-1\",\"type\":\"value\",\"position\":\"left\",\"show\":true,\"style\":{},\"scale\":{\"type\":\"linear\",\"mode\":\"normal\"},\"labels\":{\"show\":true,\"rotate\":0,\"filter\":false,\"truncate\":100},\"title\":{\"text\":\"Count\"}}],\"seriesParams\":[{\"show\":\"true\",\"type\":\"line\",\"mode\":\"normal\",\"data\":{\"label\":\"Count\",\"id\":\"1\"},\"valueAxis\":\"ValueAxis-1\",\"drawLinesBetweenPoints\":true,\"showCircles\":true}],\"addTooltip\":true,\"addLegend\":true,\"legendPosition\":\"right\",\"times\":[],\"addTimeMarker\":false},\"aggs\":[{\"id\":\"1\",\"enabled\":true,\"type\":\"count\",\"schema\":\"metric\",\"params\":{\"customLabel\":\"Count\"}},{\"id\":\"2\",\"enabled\":true,\"type\":\"date_histogram\",\"schema\":\"segment\",\"params\":{\"field\":\"cdr_timestamp\",\"interval\":\"auto\",\"customInterval\":\"2h\",\"min_doc_count\":1,\"extended_bounds\":{},\"customLabel\":\"Time\"}},{\"id\":\"3\",\"enabled\":true,\"type\":\"terms\",\"schema\":\"group\",\"params\":{\"field\":\"server_response_code\",\"otherBucket\":false,\"otherBucketLabel\":\"Other\",\"missingBucket\":false,\"missingBucketLabel\":\"Missing\",\"size\":5,\"order\":\"desc\",\"orderBy\":\"1\",\"customLabel\":\"ResponseCode\"}}]}",
        "uiStateJSON": "{}",
        "description": "",
        "version": 1,
        "kibanaSavedObjectMeta": {
          "searchSourceJSON": "{\"index\":\"{{ tenant }}-eca95190-9af3-11e8-8653-4f4d231eec8f\",\"filter\":[{\"meta\":{\"index\":\"{{ tenant }}-eca95190-9af3-11e8-8653-4f4d231eec8f\",\"type\":\"phrases\",\"key\":\"req_handler_name\",\"value\":\"RH_vivoSDP_RTE_getUserBasicProfile, RH_vivoSDP_SPCM_sendSMS, RH_vivoSDP_SPCM_authPrice\",\"params\":[\"RH_vivoSDP_RTE_getUserBasicProfile\",\"RH_vivoSDP_SPCM_sendSMS\",\"RH_vivoSDP_SPCM_authPrice\"],\"negate\":false,\"disabled\":false,\"alias\":null},\"query\":{\"bool\":{\"should\":[{\"match_phrase\":{\"req_handler_name\":\"RH_vivoSDP_RTE_getUserBasicProfile\"}},{\"match_phrase\":{\"req_handler_name\":\"RH_vivoSDP_SPCM_sendSMS\"}},{\"match_phrase\":{\"req_handler_name\":\"RH_vivoSDP_SPCM_authPrice\"}}],\"minimum_should_match\":1}},\"$state\":{\"store\":\"appState\"}}],\"query\":{\"query\":\"\",\"language\":\"lucene\"}}"
        }
      }
    },
    {
      "id": "{{ tenant }}-eca95190-9af3-11e8-8653-4f4d231eec8f",
      "type": "index-pattern",
      "updated_at": "2019-01-31T16:29:42.319Z",
      "version": 24,
      "attributes": {
        "fields": "[{\"name\":\"@timestamp\",\"type\":\"date\",\"count\":0,\"scripted\":false,\"searchable\":true,\"aggregatable\":true,\"readFromDocValues\":true},{\"name\":\"_id\",\"type\":\"string\",\"count\":0,\"scripted\":false,\"searchable\":true,\"aggregatable\":true,\"readFromDocValues\":false},{\"name\":\"_index\",\"type\":\"string\",\"count\":0,\"scripted\":false,\"searchable\":true,\"aggregatable\":true,\"readFromDocValues\":false},{\"name\":\"_score\",\"type\":\"number\",\"count\":0,\"scripted\":false,\"searchable\":false,\"aggregatable\":false,\"readFromDocValues\":false},{\"name\":\"_source\",\"type\":\"_source\",\"count\":0,\"scripted\":false,\"searchable\":false,\"aggregatable\":false,\"readFromDocValues\":false},{\"name\":\"_type\",\"type\":\"string\",\"count\":0,\"scripted\":false,\"searchable\":true,\"aggregatable\":true,\"readFromDocValues\":false},{\"name\":\"call_ref\",\"type\":\"string\",\"count\":0,\"scripted\":false,\"searchable\":true,\"aggregatable\":true,\"readFromDocValues\":true},{\"name\":\"cdr_gen_date\",\"type\":\"date\",\"count\":0,\"scripted\":false,\"searchable\":true,\"aggregatable\":true,\"readFromDocValues\":true},{\"name\":\"cdr_gen_time\",\"type\":\"date\",\"count\":0,\"scripted\":false,\"searchable\":true,\"aggregatable\":true,\"readFromDocValues\":true},{\"name\":\"cdr_timestamp\",\"type\":\"date\",\"count\":0,\"scripted\":false,\"searchable\":true,\"aggregatable\":true,\"readFromDocValues\":true},{\"name\":\"conn_group_name\",\"type\":\"string\",\"count\":0,\"scripted\":false,\"searchable\":true,\"aggregatable\":true,\"readFromDocValues\":true},{\"name\":\"conn_names\",\"type\":\"string\",\"count\":2,\"scripted\":false,\"searchable\":true,\"aggregatable\":true,\"readFromDocValues\":true},{\"name\":\"conn_retries\",\"type\":\"number\",\"count\":1,\"scripted\":false,\"searchable\":true,\"aggregatable\":true,\"readFromDocValues\":true},{\"name\":\"final_server_response_time\",\"type\":\"string\",\"count\":1,\"scripted\":false,\"searchable\":true,\"aggregatable\":false,\"readFromDocValues\":false},{\"name\":\"final_server_response_time.keyword\",\"type\":\"string\",\"count\":0,\"scripted\":false,\"searchable\":true,\"aggregatable\":true,\"readFromDocValues\":true},{\"name\":\"hrg_response_code\",\"type\":\"string\",\"count\":3,\"scripted\":false,\"searchable\":true,\"aggregatable\":true,\"readFromDocValues\":true},{\"name\":\"hrg_response_time\",\"type\":\"number\",\"count\":1,\"scripted\":false,\"searchable\":true,\"aggregatable\":true,\"readFromDocValues\":true},{\"name\":\"index_date\",\"type\":\"string\",\"count\":0,\"scripted\":false,\"searchable\":false,\"aggregatable\":true,\"readFromDocValues\":true},{\"name\":\"params_matched\",\"type\":\"string\",\"count\":0,\"scripted\":false,\"searchable\":true,\"aggregatable\":true,\"readFromDocValues\":true},{\"name\":\"path\",\"type\":\"string\",\"count\":0,\"scripted\":false,\"searchable\":false,\"aggregatable\":true,\"readFromDocValues\":true},{\"name\":\"req_handler_name\",\"type\":\"string\",\"count\":8,\"scripted\":false,\"searchable\":true,\"aggregatable\":true,\"readFromDocValues\":true},{\"name\":\"req_recv_time\",\"type\":\"date\",\"count\":0,\"scripted\":false,\"searchable\":true,\"aggregatable\":true,\"readFromDocValues\":true},{\"name\":\"server_response_code\",\"type\":\"string\",\"count\":4,\"scripted\":false,\"searchable\":true,\"aggregatable\":true,\"readFromDocValues\":true},{\"name\":\"server_response_time\",\"type\":\"number\",\"count\":0,\"scripted\":false,\"searchable\":true,\"aggregatable\":true,\"readFromDocValues\":true},{\"name\":\"svc_id\",\"type\":\"string\",\"count\":0,\"scripted\":false,\"searchable\":true,\"aggregatable\":true,\"readFromDocValues\":true},{\"name\":\"tags\",\"type\":\"string\",\"count\":0,\"scripted\":false,\"searchable\":false,\"aggregatable\":true,\"readFromDocValues\":true},{\"name\":\"msisdn\",\"type\":\"string\",\"count\":4,\"scripted\":false,\"searchable\":true,\"aggregatable\":true,\"readFromDocValues\":true},{\"name\":\"tenant_id\",\"type\":\"string\",\"count\":0,\"scripted\":false,\"searchable\":true,\"aggregatable\":true,\"readFromDocValues\":true},{\"name\":\"txn_type\",\"type\":\"string\",\"count\":0,\"scripted\":false,\"searchable\":true,\"aggregatable\":true,\"readFromDocValues\":true}]",
        "timeFieldName": "cdr_timestamp",
        "title": "{{ tenant }}-hrg"
      }
    },
    {
      "id": "82437400-f4a5-11e8-a15a-57aec69ac0d0",
      "type": "dashboard",
      "updated_at": "2018-11-30T13:40:32.704Z",
      "version": 1,
      "attributes": {
        "title": "Internal-SDP-Transaction-Analysis",
        "hits": 0,
        "description": "",
        "panelsJSON": "[{\"title\":\"SDP Average Response Time V Num Connection Retries\",\"panelIndex\":\"1\",\"gridData\":{\"x\":0,\"y\":3,\"w\":12,\"h\":3,\"i\":\"1\"},\"version\":\"7.3.0\",\"type\":\"visualization\",\"id\":\"b7c4c6e0-f48e-11e8-a15a-57aec69ac0d0\"},{\"title\":\"SDP Connection Retries Trend\",\"panelIndex\":\"2\",\"gridData\":{\"x\":0,\"y\":6,\"w\":12,\"h\":3,\"i\":\"2\"},\"version\":\"7.3.0\",\"type\":\"visualization\",\"id\":\"7ab509c0-f486-11e8-a15a-57aec69ac0d0\"},{\"title\":\"SDP Response Code Trend\",\"panelIndex\":\"3\",\"gridData\":{\"x\":0,\"y\":0,\"w\":12,\"h\":3,\"i\":\"3\"},\"version\":\"7.3.0\",\"type\":\"visualization\",\"id\":\"f96bb2a0-f486-11e8-a15a-57aec69ac0d0\"}]",
        "optionsJSON": "{\"darkTheme\":false,\"useMargins\":true,\"hidePanelTitles\":false}",
        "version": 1,
        "timeRestore": false,
        "kibanaSavedObjectMeta": {
          "searchSourceJSON": "{\"query\":{\"query\":\"\",\"language\":\"lucene\"},\"filter\":[],\"highlightAll\":true,\"version\":true}"
        }
      }
    }
  ]
}