0,Open Session Success
1,Gateway Protocol Error
2,Charging Gateway Protocol Error
3,Prepaid Release Call
4,Zero Balance
5,Unknown Subscriber
6,Prompt and Collect
7,Server Protocol Error
9,Subscriber Barred
10,Subscriber Expired
11,Undefined Announcement
12,No Prepaid Response
13,Database Lookup Failure
16,Protocol Error
18,Handler Released
19,Postpaid Microbalance
20,Insufficient Initial Balance
21,Insufficient Ongoing Balance
22,Active Microbalance Switchover
34,Insufficient Balance
80,Unknown Subscriber
81,Barred Subscriber
82,Expired Subscriber
83,Failed Authentication
84,Time-band not found
85,Replay Failure
86,Prompt For Plan
87,Bundle Paused
99,Diverted Session
100,Emergency Session
112,Database Interface Internal Error
113,Database Timeout
114,Database Interface Unavailable
115,Database Unknown Error
117,Subscriber Reporting to Charge Server in Batches
118,Proxy Inactivity Timeout
-1,Charge Server Timeout or Database Exception
