41201,AFGAW
27601,ALBAM
27603,ALBEM
27604,ALBM4
27602,ALBVF
60301,DZAA1
60302,DZAOT
60303,DZAWT
21303,ANDMA
63102,AGOUT
722310,ARGCM
72201,ARGTM
72207,ARGTM
72234,ARGTP
72236,ARGTP
28301,ARM01
28310,ARMOR
36302,ABWDC
36301,ABWSE
50502,AUSOP
50501,AUSTA
50503,AUSVF
23201,AUTPT
23212,AUTON
23205,AUTCA
23210,AUTHU
23217,#N/A
23203,AUTMM
23207,AUTTR
40001,AZEAC
40004,AZEAF
40002,AZEBC
36439,BHSBH
42601,BHRBT
47007,BGDWT
47001,BGDGP
47002,BGDAK
342600,BRBCW
25704,BLRBT
25701,BLRMD
25702,BLR02
20620,BELKO
20610,BELMO
20601,BELTB
70267,BLZ67
61602,BEN02
61603,BENSP
350000,BMUBD
73602,BOLME
73601,BOLNT
73603,BOLTE
21890,BIHPT
21803,BIHER
21805,BIHMS
72416,BRABT
72405,BRACL
72439,BRAN3
72431,BRATM
72404,BRACS
72402,BRARN
72403,BRASP
72406,BRAV2
72410,BRAV1
72411,BRAV3
72423,BRATC
348170,VGBCW
52811,BRNDS
28403,BGRVA
28405,BGRCM
28401,BGR01
61302,BFACT
61301,BFAON
45608,KHMSH
45609,KHMST
62401,CMRMT
62402,CMR02
302610,CANBM
302320,CANDW
302490,CANGW
302370,CANMC
302720,CANRW
302780,CANST
302220,CANTS
302500,CANVT
62501,CPVCV
62502,CPVTM
346140,CYMCW
62303,CAFAT
73003,CHLSM
73001,CHLMV
73009,CHLN3
73002,CHLTM
73007,CHLB2
46000,CHNCT
46002,CHNCM
46007,CHNTD
46001,CHNCU
732101,COLCM
732123,COLTM
732103,#N/A
732111,COLCO
71201,CRICR
71204,CRITC
61204,CIVCM
61205,CIVTL
61203,CIV03
21901,HRVCN
21902,HRVT2
21910,HRVVI
36801,CUB01
28010,CYPSC
28001,CYPCT
28020,CYPPT
23002,CZEET
23001,CZERM
23003,CZECM
23806,DNKHU
23802,DNKDM
23801,DNKTD
23820,DNKIA
37002,DOMCL
37001,DOM01
37004,DOMAC
74001,ECUPG
74000,ECUOT
60203,EGYEM
60201,EGYAR
60202,EGYMS
70601,SLVTP
70602,SLVDC
70604,SLVTS
70603,SLVTM
62701,GNQ01
24802,ESTRE
24801,ESTEM
24803,ESTRB
63601,ETH01
54201,FJIVF
24412,FIN2G
24405,FINRL
24491,FINTF
20820,FRAF3
20815,#N/A
20801,FRAF1
20809,FRAF2
20810,FRAF2
54715,PYFVF
62803,GABCT
62801,GAB01
60702,GMBAC
28201,GEOGC
28202,GEOMA
28204,GEOMT
26203,DEUE1
26207,DEUE2
26201,DEUD1
26202,DEUD2
62003,GHAMT
62001,GHASC
62002,GHAGT
62006,GHAZN
26601,GIBGT
20201,GRCCO
20209,GRCQT
20205,GRCPF
20210,GRCSH
29001,GRLTG
352110,GRDCW
31047,GUMHT
70401,GTMSC
70402,GTMCM
70403,GTMTG
63202,GNBSB
61104,GINAG
61105,GIN07
73801,GUYUM
70802,HND02
708001,HNDME
708040,HNDDC
CHINA MOBILE (HK),45412,HKGPP
CSL LTD (HK),45400,HKGTC
HKT PCCW (HK),45419,HKGM3
HUTCHISON (HK),45403,HKGH3
HUTCHISON (HK),45404,HKGHT
SMARTONE (HK),45406,HKGSM
21601,HUNH1
21630,HUNH2
21670,HUNVR
27411,ISLNO
27401,ISLPS
27412,ISLTA
27402,ISLTL
40490,INDA2
40494,INDA4
40407,IND07
405810,IND17
405803,IND22
40492,INDA1
40497,INDA6
40495,INDA7
40493,INDA8
40402,INDA9
40442,INDAC
40410,INDAT
40552,IND12
40553,IND11
40554,IND10
40422,INDBO
40419,INDEK
40404,INDID
40470,INDH1
40570,INDIB
40487,INDIR
405025,INDT0
40445,INDJB
40449,INDJH
405034,INDT1
40431,INDMT
405037,INDT6
405039,INDTM
405042,INDTP
40441,INDRC
40467,INDRM
40440,INDSC
40444,INDSK
40414,INDSP
40446,INDBK
40427,INDBM
40443,INDBT
40430,INDCC
40405,INDF1
40420,INDHM
40411,INDE1
51089,IDN89
51001,IDNSL
51010,IDNTS
51011,IDNEX
43211,IRN11
41805,IRQAC
41840,IRQKK
41820,IRQAT
27205,IRLH3
27211,#N/A
27203,IRLME
27202,IRLDF
27201,IRLEC
23458,GBRMT
42502,ISRCL
42515,#N/A
42507,ISRMS
42501,ISR01
42503,ISRPL
22299,ITAH3
22201,ITASI
22210,ITAOM
22288,ITAWI
338180,JAMCW
338050,JAMDC
44010,JPNDO
44050,JPNKD
44051,#N/A
44020,JPNJP
23403,GBRAJ
23455,GBRGT
23450,GBRJT
41601,JORFL
41677,JORMC
41603,JORUM
40102,KAZKZ
40101,KAZKT
40177,KAZ77
63903,KENKC
63902,KENSA
45008,KORKF
45006,KORLU
45005,KORSK
41902,KWTMT
41903,KWTNM
43709,KGZNT
43701,KGZ01
45701,LAOTC
24705,LVABT
24701,LVALM
24702,LVABC
41501,LBNFL
41503,LBNLC
65101,LSOVL
61807,LBR07
61804,LBRCM
60601,LBY01
29505,LIEMK
29509,#N/A
24602,LTUMT
24601,LTUOM
24603,LTU03
27002,#N/A
27099,LUXVM
27001,LUXPT
27077,LUXTG
CTM (MO),45501,MACCT
HUTCHISON (MO),45503,MACHT
29402,MKDCC
29401,MKDMM
29403,MKDNO
65010,MWICT
50219,MYSCC
50216,MYSMT
50212,MYSBC
50218,MYSMI
47201,MDV01
61002,MLI02
27821,MLTGO
27877,MLTMM
27801,MLTTL
34020,FRAF4
34001,GLP01
61701,MUSCP
61710,MUSEM
334050,MEXIU
33409,MEXNC
33402,MEXTL
334030,MEXMS
25902,MDAMC
25901,MDAVX
21201,MCOM1
42888,MNGMN
29703,MNEMT
29701,MNEPM
29702,MNETM
60401,MARM1
60400,MARMT
60402,MARM3
64301,MOZ01
64304,MOZVC
41406,MMRK8
64901,NAM01
42901,NPLNM
42902,NPLM2
36251,ANTTC
36291,ANTUT
20408,NLDPT
20402,#N/A
20412,NLDTM
20416,NLDPN
20420,NLDDT
20404,NLDLT
53005,NZLTM
53024,NZLNH
53001,NZLBS
71021,NICEN
710300,NICMS
62120,NGAET
62160,NGAEM
62150,NGAGM
62130,NGAMN
90116,#N/A
24205,NORNN
24201,NORTM
24202,NORNC
42203,OMNNT
42202,OMNGT
41001,PAKMK
41006,PAKTP
41003,PAKUF
41007,PAKWA
42505,PSEJE
71401,PANCW
71403,PANCL
71404,PANDC
714020,PANMS
53703,PNGDP
74402,PRYHT
74405,PRYNP
74404,PRYTC
74401,PRYVX
71610,PERTM
71606,PERMO
71617,PERN3
51505,PHLDG
51502,PHLGT
51503,PHLSR
26003,POL03
26006,POLP4
26001,POLKM
26012,#N/A
26002,POL02
26803,PRTOP
26806,PRTTM
26801,PRTTL
330110,PRICL
42701,QATQT
42702,QATB1
64700,REU02
22603,ROMCS
22610,ROMMR
22605,ROM05
22601,ROMMF
25002,RUSNW
25001,RUS01
25020,RUST2
25099,RUSBD
25005,RUSSC
360110,VCTCW
54900,WSMDP
62601,STPST
42003,SAUET
42001,SAUAJ
60801,SENAZ
60802,SENSG
22003,YUGTS
22001,YUGMT
22005,SRBNO
63301,SYCCW
61901,SLECT
52503,SGPM1
52501,SGPST
52505,SGPSH
23106,SVKO2
23101,SVKGT
23102,SVKET
29340,SVNSM
29364,SVNT2
29341,SVNMT
29370,SVNVG
65507,ZAFCC
65510,ZAFMN
65501,ZAFVC
21421,#N/A
21405,ESPT2
21407,ESPTE
21403,ESPRT
21401,ESPAT
21406,ESPVV
21404,ESPXF
41302,LKADG
41303,LKACT
63401,SUDMO
74603,SURDC
74602,SURTG
24007,SWEIQ
24002,SWEHU
24042,SWEEP
24008,SWEEP
24001,SWETR
22803,CHEOR
22802,CHEDX
22801,CHEC1
46692,TWNLD
46601,TWNFE
46697,TWNPC
43604,TJKBM
43602,TJKIT
64003,TZAZN
52001,THAAS
52003,THAWN
52018,THAWP
52005,THAWP
52000,THACT
52004,THACO
52099,THACO
61501,TGOTC
374130,TTODL
37412,TTO12
60501,TUNOR
60503,TUNTA
60502,TUNTT
28603,TURIS
28601,TURTC
28602,TURTS
43802,TKMK8
376350,TCACW
64101,UGACE
25506,UKRAS
25502,UKRRS
25503,UKRKS
25501,UKRUM
42403,AREDU
42402,ARETC
23420,GBRHU
23426,#N/A
23410,GBRCN
23433,GBROR
23430,GBRME
23415,GBRVF
310640,USAAE
310150,USABS
310170,USAPB
310380,USAAT
310410,USACG
310420,USACB
310630,USAKD
310690,USACW
310650,USAJS
310120,#N/A
316010,USANC
310260,USAW6
311480,USAVZ, 
310450,USACI
74810,URYAM
74801,URYAN
74807,URYTM
43405,UZB05
43404,UZBDU
73402,VEND2
73404,VENMS
45201,VNMMO
45204,VNMVT
45202,VNMVI
42101,YEMSA
64804,ZWEET
