  0,Open Session Success
  2,Protocol Error
  3,Prepaid Release Call
  4,Zero Balance
  5,Unknown Subscriber
  6,Prompt and Collect
  9,Barred Subscriber
 10,Expired Subscriber
 11,Undefined Announcement
 12,Prepaid No Response
 13,Micro Postpaid Error
 14,Invalid B-number
 15,Tariff Not Found
 23,Micro Postpaid Subscriber Barred
 31,Problem unlinking whole message
 32,Problem unlinking subscriber data
 34,Insufficient Balance
 36,Problem unlinking subscriber data
 48,Reservation Exceeded
 49,Volume Error
 50,Charging Information Error
 80,Other Network Error
 81,Other Subscriber Error
256,Other SMPP Error Code
301,Version Unsupported
302,Resource Unavailable
303,Timeout
305,Encoding Failure
306,Decoding Failure
307,Unexpected Message
308,Configuration Error
309,SM Delivery Error
