  1,Unknown Subscriber
  5,Unidentified Subscriber
 60,SM Absent Subscriber
 61,SM Absent Subscriber
  9,Illegal Subscriber
 11,Bearer Servuce Not Provisioner
 12,Illegal Equipment
 13,Call Barred
 15,Closed User Group (CUG) reject
 21,Facility Not Supported
 58,SRI Absent Subscriber
 59,SRI Absent Subscriber
 31,Subscriber Busy
  0,Delivery Failure
 33,Message Waiting List Full
 34,System Failure
 35,Data Missing
 36,Unexpected Data Value
 44,Number Changed
 31,Busy Subscriber
 93,SM data error
200,Open Charging Error
106,Mobile Station Memory Capacity Exceeded
201,Timeout on B-number HLR
202,MT-FWD timeout
 59,Absent result from MT-SRI-SM
 60,Absent result from MT-FWD-SM
 61,Paging Failure for MT-FWD-SM
204,HLR Congestion
205,MT MSC Congestion
206,Invalid B-number
207,IMSI not available from HLR
208,Profiling Failed
