41201;Afghanistan;AWCC (AF)
27601,Albania;AMC MOBIL (AL)
27603,Albania;EAGLE MOBILE (AL)
27604,Albania;PLUS COMMUNICATION (AL)
27602,Albania;VODAFONE (AL)
60301,Algeria;ATM MOBILIS (DZ)
60302,Algeria;ORASCOM (DZ)
60303,Algeria;WATANIYA (DZ)
21303,Andorra;MOBILAND (AD)
63102,Angola;UNITEL (AO)
722310,Argentina;CLARO (AR)
72201,Argentina;MOVISTAR (AR)
72207,Argentina;MOVISTAR (AR)
72234,Argentina;PERSONAL (AR)
72236,Argentina;PERSONAL (AR)
28301,Armenia;ARMENTEL (AM)
28310,Armenia;ORANGE (AM)
36302,Aruba;DIGICEL  (AW)
36301,Aruba;SETAR GSM (AW)
50502,Australia;OPTUS (AU)
50501,Australia;TELSTRA TELECOM (AU)
50503,Australia;VODAFONE (AU)
23201,Austria;A1 TELEKOM (AT)
23212,Austria;A1 TELEKOM (AT)
23205,Austria;H3G AUSTRIA (AT)
23210,Austria;H3G AUSTRIA (AT)
23217,Austria;MASS RESPONSE (AT)
23203,Austria;T-MOBILE (AT)
23207,Austria;T-MOBILE (AT)
40001,Azerbaijan;AZERCELL (AZ)
40004,Azerbaijan;AZERFON (AZ)
40002,Azerbaijan;BAKCELL (AZ)
36439,Bahamas;BTC (BS)
42601,Bahrain;BATELCO (BH)
47007,Bangladesh;AIRTEL (BD)
47001,Bangladesh;GRAMEENPHONE (BD)
47002,Bangladesh;ROBI AXIATA (BD)
342600,Barbados;CABLE & WIRELESS (BB)
25704,Belarus;BEST (BY)
25701,Belarus;FE VELCOM (BY)
25702,Belarus;MTS (BY)
20620,Belgium;BASE (BE)
20610,Belgium;MOBISTAR (BE)
20601,Belgium;PROXIMUS (BE)
70267,Belize;BELIZE TELECOM LIMITED - DIGICELL (BZ)
61602,Benin;ETISALAT BENIN (BJ)
61603,Benin;SPACETEL BENIN (BJ)
350000,Bermuda;DIGITAL COMM (BM)
73602,Bolivia;MOVIL DE ENTEL (BO)
73601,Bolivia;NUEVATEL (BO)
73603,Bolivia;TELECEL (BO)
21890,Bosnia and Herzegovina;BH TELECOM (BA)
21803,Bosnia and Herzegovina;ERONET (BA)
21805,Bosnia and Herzegovina;RS - M:TEL MOBI'S (BA)
72416,Brazil;BRASIL TELECOM GSM (BR)
72405,Brazil;CLARO (BR)
72439,Brazil;NEXTEL (BR)
72431,Brazil;OI (BR)
72404,Brazil;TIM (CENTRO SUL) (BR)
72402,Brazil;TIM (RIO NORTE) (BR)
72403,Brazil;TIM (SAO PAULO) (BR)
72406,Brazil;VIVO (BR)
72410,Brazil;VIVO (BR)
72411,Brazil;VIVO (BR)
72423,Brazil;VIVO BRATC (BR)
348170,British Virgin Islands;LIME (VG)
52811,Brunei Darussalam;DSTCOM (BN)
28403,Bulgaria;BTC-VIVACOM (BG)
28405,Bulgaria;GLOBUL (BG)
28401,Bulgaria;MOBILTEL (BG)
61302,Burkina Faso;CELTEL (BF)
61301,Burkina Faso;ONATEL (BF)
45608,Cambodia;METFONE (KH)
45609,Cambodia;SOTELCO (KH)
62401,Cameroon;MTN (CM)
62402,Cameroon;ORANGE (CM)
302610,Canada;BELL MOBILITY (CA)
302320,Canada;DAVE WIRELESS (CA)
302490,Canada;GLOBALIVE WIND (CA)
302370,Canada;ROGERS WIRELESS (CA)
302720,Canada;ROGERS WIRELESS (CA)
302780,Canada;SASKATCHEWAN TELECOMMUNICATIONS (CA)
302220,Canada;TELUS (CA)
302500,Canada;VIDEOTRON (CA)
62501,Cape Verde;CVMOVEL (CV)
62502,Cape Verde;T + (CV)
346140,Cayman Islands;CABLE & WIRELESS (KY)
62303,Central African Republic;ORANGE (CF)
73003,Chile;CLARO (CL)
73001,Chile;ENTEL PCS (CL)
73009,Chile;NEXTEL (CL)
73002,Chile;TELEFONICA (CL)
73007,Chile;TELEFONICA (CL)
46000,China;CHINA MOBILE (CN)
46002,China;CHINA MOBILE (CN)
46007,China;CHINA MOBILE (CN)
46001,China;CHINA UNICOM (CN)
732101,Colombia;COMCEL (CO)
732123,Colombia;MOVISTAR (CO)
732103,Colombia;OLA - TIGO (CO)
732111,Colombia;OLA - TIGO (CO)
71201,Costa Rica;ICE (CR)
71204,Costa Rica;MOVISTAR (CR)
61204,Cote D'Ivoire;COMIUM (CI)
61205,Cote D'Ivoire;MTN (CI)
61203,Cote D'Ivoire;ORANGE (CI)
21901,Croatia;CROATIAN TELECOM T-MOBILE (HR)
21902,Croatia;TELE2 (HR)
21910,Croatia;VIPNET (HR)
36801,Cuba;CUBACEL (CU)
28010,Cyprus;AREEBA (CY)
28001,Cyprus;CYTA (CY)
28020,Cyprus;PRIMETEL (CY)
23002,Czech Republic;O2 (CZ)
23001,Czech Republic;RADIOMOBIL T-MOBILE (CZ)
23003,Czech Republic;VODAFONE (CZ)
23806,Denmark;HI3G 3 DK (DK)
23802,Denmark;SONOFON (DK)
23801,Denmark;TDC MOBIL (DK)
23820,Denmark;TELIA DK (DK)
37002,Dominican Republic;CLARO (DO)
37001,Dominican Republic;ORANGE (DO)
37004,Dominican Republic;TRILOGY (DO)
74001,Ecuador;CONECEL (EC)
74000,Ecuador;MOVISTAR (EC)
60203,Egypt;ETISALAT MISR (EG)
60201,Egypt;MOBINIL (EG)
60202,Egypt;VODAFONE (EG)
70601,El Salvador;CTE TELECOM PERSONAL (SV)
70602,El Salvador;DIGICEL (SV)
70604,El Salvador;MOVISTAR (SV)
70603,El Salvador;TELEMOVIL - TIGO (SV)
62701,Equatorial Guinea;GETESA ORANGE GQ (GQ)
24802,Estonia;ELISA (EE)
24801,Estonia;EMT (EE)
24803,Estonia;RITABELL - TELE2.MOBIIL (EE)
63601,Ethiopia;ETHIO TELECOM - ETH MTN (ET)
54201,Fiji;VODAFONE (FJ)
24412,Finland;DNA FINLAND (FI)
24405,Finland;ELISA (FI)
24491,Finland;TELIASONERA (FI)
20820,France;BOUYGUES TELECOM (FR)
20815,France;FREE MOBILE (FR)
20801,France;ORANGE F (FR)
20809,France;SFR (FR)
20810,France;SFR (FR)
54715,French Polynesia;PACIFIC MOBILE TELECOM (PF)
62803,Gabon;CELTEL (GA)
62801,Gabon;LIBERTIS (GA)
60702,Gambia;AFRICELL (GM)
28201,Georgia;GEOCELL (GE)
28202,Georgia;MAGTICOM (GE)
28204,Georgia;MOBITEL - MEGACOM (GE)
26203,Germany;E-PLUS (DE)
26207,Germany;O2 (DE)
26201,Germany;TELEKOM (DE)
26202,Germany;VODAFONE (DE)
62003,Ghana;MILLICOM (GH)
62001,Ghana;SCANCOM (GH)
62002,Ghana;VODAFONE (GH)
62006,Ghana;ZAIN (GH)
26601,Gibraltar;GIBTELECOM (GI)
20201,Greece;COSMOTE (GR)
20209,Greece;Q-TELECOM (GR)
20205,Greece;VODAFONE (GR)
20210,Greece;WIND HELLAS (GR)
29001,Greenland;TELE GREENLAND (GL)
352110,Grenada;CABLE & WIRELESS (GD)
31047,Guam;DOCOMO (GU)
70401,Guatemala;CLARO (GT)
70402,Guatemala;COMCEL - TIGO (GT)
70403,Guatemala;TELEFONICA GUATEMALA (GT)
63202,Guinea-Bissau;SPACETEL (GW)
61104,Guinea;AREEBA (GN)
61105,Guinea;CELLCOM GUINEA (GN)
73801,Guyana;DIGICEL (GY)
70802,Honduras;CELTEL (HN)
708001,Honduras;CLARO (HN)
708040,Honduras;DIGICEL (HN)
21601,Hungary;TELENOR PANNON (HU)
21630,Hungary;T-MOBILE (HU)
21670,Hungary;VODAFONE (HU)
27411,Iceland;NOVA (IS)
27401,Iceland;SIMINN (IS)
27412,Iceland;SIMINN (IS)
27402,Iceland;VODAFONE (IS)
40490,India;AIRCEL DIGILINK (Haryana) (IN)
40494,India;AIRCEL DIGILINK (UP East) (IN)
40407,India;AIRCEL (GUJARAT) (IN)
405810,India;AIRCEL (KARNATAKA) (IN)
405803,India;AIRCEL (MUMBAI) (IN)
40492,India;AIRCEL (WEST BENGAL) (IN)
40497,India;BHARTI AIRTEL (Andhra Pradesh) (IN)
40495,India;BHARTI AIRTEL (Calcuta) (IN)
40493,India;BHARTI AIRTEL (Chennai) (IN)
40402,India;BHARTI AIRTEL (Gujarat) (IN)
40442,India;BHARTI AIRTEL (Haryana) (IN)
40410,India;BHARTI AIRTEL (Karnataka) (IN)
40552,India;BHARTI AIRTEL (Nueva Delhi) (IN)
40553,India;BHARTI AIRTEL (Nueva Delhi) (IN)
40554,India;BHARTI AIRTEL (Nueva Delhi) (IN)
40422,India;BHARTI AIRTEL (Punjab) (IN)
40419,India;IDEA (KERALA AGRA) (IN)
40404,India;IDEA (NEW DELHI) (IN)
40470,India;IDEA (NORTH EAST) (IN)
40570,India;IDEA (RAJASHTAN) (IN)
40487,India;RELIANCE TELECOM LTD (MP) (IN)
405025,India;TATA DOCOMO (ANDHARA PRADESH) (IN)
40445,India;TATA DOCOMO (GUJARAT) (IN)
40449,India;TATA DOCOMO (HIMCHAD PRADESH) (IN)
405034,India;TATA DOCOMO (KARNATAKA) (IN)
40431,India;TATA DOCOMO (KOLKOTA) (IN)
405037,India;TATA DOCOMO (MAHARASHTRA) (IN)
405039,India;TATA DOCOMO (MUMBAI) (IN)
405042,India;TATA DOCOMO (PUNJAB) (IN)
40441,India;TATA DOCOMO (RO WB) (IN)
40467,India;TATA DOCOMO (TAMILNADU) (IN)
40440,India;TATA DOCOMO (UTTAR PRADESH-EAST) (IN)
40444,India;UNINOR (ANDHRA PRADESH) (IN)
40414,India;UNINOR (ASSAM) (IN)
40446,India;VECL VODAFONE (KERALA) (IN)
40427,India;VECL VODAFONE (MAHARASHTRA GOA) (IN)
40443,India;VECL VODAFONE (TAMIL NADU) (IN)
40430,India;VEEL VODAFONE (CALCUTA) (IN)
40405,India;VEGL VODAFONE (GUJARAT) (IN)
40420,India;VEL VODAFONE (MUMBAI) (IN)
40411,India;VEMSL VODAFONE  (DELHI) (IN)
51089,Indonesia;HUTCHISON (ID)
51001,Indonesia;INDOSAT (ID)
51010,Indonesia;TELKOMSEL (ID)
51011,Indonesia;XL AXIATA (ID)
43211,"Iran, Islamic Republic Of;MCI (IR)"
41805,Iraq;ASIACELL (IQ)
41840,Iraq;KOREK (IQ)
41820,Iraq;ZAIN IQ (IQ)
27205,Ireland;H3G (IE)
27211,Ireland;LIFFEY TELECOM (IE)
27203,Ireland;METEOR (IE)
27202,Ireland;O2 (IE)
27201,Ireland;VODAFONE (IE)
23458,Isle of Man;MANX TELECOM (IM)
42502,Israel;CELLCOM (IL)
42515,Israel;HOME CELLULAR (IL)
42507,Israel;HOT MOBILE (IL)
42501,Israel;ORANGE (IL)
42503,Israel;PELEPHONE (IL)
22299,Italy;H3G (IT)
22201,Italy;TIM (IT)
22210,Italy;VODAFONE (IT)
22288,Italy;WIND (IT)
338180,Jamaica;CABLE & WIRELESS (JM)
338050,Jamaica;DIGICEL (JM)
44010,Japan;DOCOMO (JP)
44050,Japan;KDDI (JP)
44051,Japan;KDDI (JP)
44020,Japan;SOFTBANK MOBILE (JP)
23403,Jersey;AIRTEL (JE)
23455,Jersey;C&W GUERNSEY LIMITED (JE)
23450,Jersey;JERSEY TELECOMS (JE)
41601,Jordan;JORDAN MOBILE ZAIN (JO)
41677,Jordan;ORANGE (JO)
41603,Jordan;UMNIAH (JO)
40102,Kazakhstan;K'CELL (KZ)
40101,Kazakhstan;K-MOBILE BEELINE (KZ)
40177,Kazakhstan;NEO (KZ)
63903,Kenya;CELTEL (KE)
63902,Kenya;SAFARICOM (KE)
45008,"Korea, Republic of;KT (KR)"
45006,"Korea, Republic of;LG UPLUS (KR)"
45005,"Korea, Republic of;SK TELECOM (KR)"
41902,Kuwait;MTC-KUWAIT (KW)
41903,Kuwait;OOREDOO (KW)
43709,Kyrgyzstan;NUR TELECOM (KG)
43701,Kyrgyzstan;SKY MOBILE BEELINE  (KG)
45701,Laos;LAO TELECOMMUNICATIONS - LTC (LA)
24705,Latvia;BITE (LV)
24701,Latvia;LMT (LV)
24702,Latvia;TELE2 (LV)
41501,Lebanon;ALFA (LB)
41503,Lebanon;MTC TOUCH (LB)
65101,Lesotho;VODACOM (LS)
61807,Liberia;CELLCOM (LR)
61804,Liberia;COMIUM (LR)
60601,Libya;AL MADAR MOBILES (LY)
29505,Liechtenstein;MARI  (LI)
29509,Liechtenstein;TELECOM  (LI)
24602,Lithuania;BITE  (LT)
24601,Lithuania;OMNITEL (LT)
24603,Lithuania;TELE2 (LT)
27002,Luxembourg;MTX (LU)
27099,Luxembourg;ORANGE (LU)
27001,Luxembourg;P&T LUXEMBUR (LU)
27077,Luxembourg;TANGO (LU)
29402,"Macedonia, the former Yugoslav Republic of;ONE DOO SKOPJE  (MK)"
29401,"Macedonia, the former Yugoslav Republic of;T-MOBILE (MK)"
29403,"Macedonia, the former Yugoslav Republic of;VIP OPERATOR (MK)"
65010,Malawi;CELTEL (MW)
50219,Malaysia;CELCOM (MY)
50216,Malaysia;DIGI (MY)
50212,Malaysia;MAXIS (MY)
50218,Malaysia;U-MOBILE (MY)
47201,Maldives;DHIMOBILE (MV)
61002,Mali;ORANGE (ML)
27821,Malta;GO MOBILE (MT)
27877,Malta;MELITA MOBILE (MT)
27801,Malta;VODAFONE (MT)
34020,Martinique;DIGICEL ANTILLES FRANCAISES (BOUYGUES TELECOM CARAIBE) (MQ)
34001,Martinique;ORANGE (MQ)
61701,Mauritius;CELLPLUS ORANGE (MU)
61710,Mauritius;EMTEL (MU)
334050,Mexico;IUSACELL (MX)
33409,Mexico;NEXTEL (MX)
33402,Mexico;TELCEL (MX)
334030,Mexico;TELEFONICA MOVILES (MX)
25902,"Moldova, Republic of;MOLDCELL (MD)"
25901,"Moldova, Republic of;ORANGE (MD)"
21201,Monaco;MONACO TELECOM (MC)
42888,Mongolia;UNITEL (MN)
29703,Montenegro;MTEL (ME)
29701,Montenegro;TELENOR (ME)
29702,Montenegro;T-MOBILE (ME)
60401,Morocco;MAROC TELECOM - IAM  (MA)
60400,Morocco;MEDITEL (MA)
60402,Morocco;WANA (MA)
64301,Mozambique;MCEL (MZ)
64304,Mozambique;VODACOM (MZ)
41406,Myanmar;TELENOR MYANMAR (MM)
64901,Namibia;MTC (NA)
42901,Nepal;NEPAL TELECOM MOBILE (NP)
42902,Nepal;SPICE NEPAL SNPL (NP)
36251,Netherlands Antilles;TELCELL (AN)
36291,Netherlands Antilles;UTS (AN)
20408,Netherlands;KPN (NL)
20402,Netherlands;TELFORT (NL)
20412,Netherlands;TELFORT (NL)
20416,Netherlands;T-MOBILE NL (NL)
20420,Netherlands;T-MOBILE NL (NL)
20404,Netherlands;VODAFONE (NL)
53005,New Zealand;TELECOM (NZ)
53024,New Zealand;TWO DEGREES (NZ)
53001,New Zealand;VODAFONE (NZ)
71021,Nicaragua;ENITEL CLARO (NI)
710300,Nicaragua;TELEFONICA DE NICARAGUA (NI)
62120,Nigeria;CELTEL (NG)
62160,Nigeria;ETISALAT (NG)
62150,Nigeria;GLOMOBILE (NG)
62130,Nigeria;MTN (NG)
90116,Non Terrestrial (NT);JASPER (NT)
24205,Norway;NETWORK NORWAY (NO)
24201,Norway;TELENOR (NO)
24202,Norway;TELIA SONERA (NO)
42203,Oman;NAWRAS (OM)
42202,Oman;OMAN MOBILE (OM)
41001,Pakistan;MOBILINK (PK)
41006,Pakistan;TELENOR (PK)
41003,Pakistan;UFONE (PK)
41007,Pakistan;WARID (PK)
42505,Palestine;JAWWAL (PS)
71401,Panama;CABLE & WIRELESS MOVIL (PA)
71403,Panama;CLARO (PA)
71404,Panama;DIGICEL (PA)
714020,Panama;TELEFONICA PANAMA (PA)
53703,Papua New Guinea;DIGICEL  PNG (PG)
74402,Paraguay;CLARO (PY)
74405,Paraguay;PERSONAL (PY)
74404,Paraguay;TELECEL (PY)
74401,Paraguay;VOX (PY)
71610,Peru;CLARO (PE)
71606,Peru;MOVISTAR (PE)
71617,Peru;NEXTEL (PE)
51505,Philippines;DIGITEL (PH)
51502,Philippines;GLOBE TELECOM (PH)
51503,Philippines;SMART (PH)
26003,Poland;CENTERTEL (PL)
26006,Poland;P4 (PL)
26001,Poland;POLKOMTEL (PL)
26012,Poland;POLSAT (PL)
26002,Poland;T-MOBILE (PL)
26803,Portugal;OPTIMUS (PT)
26806,Portugal;TMN (PT)
26801,Portugal;VODAFONE (PT)
330110,Puerto Rico;CLARO (PR)
42701,Qatar;QATAR TELECOM (QA)
42702,Qatar;VODAFONE (QA)
64700,Reunion;ORANGE REUNION (RE)
22603,Romania;COSMOTE (RO)
22610,Romania;ORANGE (RO)
22605,Romania;RCS&RDS (RO)
22601,Romania;VODAFONE (RO)
25002,Russian Federation;MEGAFON (RU)
25001,Russian Federation;MTS (RU)
25020,Russian Federation;TELE2 RUSIA (RU)
25099,Russian Federation;VIMPELCOM (RU)
25005,Russian Federation;YENISEYTELECOM (RU)
360110,Saint Vincent and the Grenadines;CABLE & WIRELESS (VC)
54900,Samoa;DIGICEL (WS)
62601,Sao Tome and Principe;CSTMOVEL (ST)
42003,Saudi Arabia;MOBILY (SA)
42001,Saudi Arabia;SAUDI TELECOM AL JAWAL (SA)
60801,Senegal;ORANGE (SN)
60802,Senegal;SENTEL (SN)
22003,Serbia;TELEKOM SRBIJE (RS)
22001,Serbia;TELENOR (RS)
22005,Serbia;VIP (RS)
63301,Seychelles;CABLE & WIRELESS (SC)
61901,Sierra Leone;AIRTEL (SL)
52503,Singapore;MOBILEONE (SG)
52501,Singapore;SINGTEL SINGTEL-MOBILELINK (SG)
52505,Singapore;STARHUB (SG)
23106,Slovakia;MOVISTAR SLOVAKIA (SK)
23101,Slovakia;ORANGE (SK)
23102,Slovakia;T-MOBILE (SK)
29340,Slovenia;SI.MOBIL (SI)
29364,Slovenia;T2 (SI)
29341,Slovenia;TELEKOM SL - MOBITEL (SI)
29370,Slovenia;TUSMOBIL (SI)
65507,South Africa;CELL C (ZA)
65510,South Africa;MTN (ZA)
65501,South Africa;VODACOM (ZA)
21421,Spain;JAZZ TELECOM (ES)
21405,Spain;MOVISTAR (ES)
21407,Spain;MOVISTAR (ES)
21403,Spain;ORANGE (ES)
21401,Spain;VODAFONE (ES)
21406,Spain;VODAFONE (ES)
21404,Spain;XFERA (ES)
41302,Sri Lanka;DIALOG GSM - DIALOG SAT (LK)
41303,Sri Lanka;ETISALAT TIGO (LK)
63401,Sudan;MOBITEL (SD)
74603,Suriname;DIGICEL SURINAME (SR)
74602,Suriname;TELESUR (SR)
24007,Sweden;COMVIQ - TELE2 (SE)
24002,Sweden;HI3G (SE)
24042,Sweden;MAINGATE (SE)
24008,Sweden;TELENOR (SE)
24001,Sweden;TELIA (SE)
22803,Switzerland;ORANGE (CH)
22802,Switzerland;SUNRISE (CH)
22801,Switzerland;SWISSCOM (CH)
46692,Taiwan;CHUNGHWA TELECOM (TW)
46601,Taiwan;FAR EASTONE (TW)
46697,Taiwan;TAIWAN MOBILE (TW)
43604,Tajikistan;BABILON-MOBILE (TJ)
43602,Tajikistan;INDIGO TAJIKISTAN (TJ)
64003,Tanzania;ZANTEL (TZ)
52001,Thailand;AIS (TH)
52003,Thailand;AWN (TH)
52018,Thailand;DTAC - TAC Total Access Com (TH)
52005,Thailand;DTAC - Trinet (TH)
52000,Thailand;TRUE MOVE - REAL FUTURE (TH)
52004,Thailand;TRUE MOVE - REAL FUTURE (TH)
52099,Thailand;TRUE MOVE - REAL FUTURE (TH)
61501,Togo;TOGOCEL (TG)
374130,Trinidad and Tobago;DIGICEL (TT)
37412,Trinidad and Tobago;TELECOMUNICATION (TT)
60501,Tunisia;ORANGE (TN)
60503,Tunisia;OTT- ORASCOM TUNISIANA (TN)
60502,Tunisia;TUNTEL (TN)
28603,Turkey;AVEA  (TR)
28601,Turkey;TURKCELL (TR)
28602,Turkey;VODAFONE (TR)
43802,Turkmenistan;ALTYN ASYR MC (TM)
376350,Turks and Caicos Islands;CABLE & WIRELESS (TC)
64101,Uganda;CELTEL (UG)
25506,Ukraine;ASTELIT (UA)
25502,Ukraine;KYIVSTAR (UA)
25503,Ukraine;KYIVSTAR (UA)
25501,Ukraine;MTS (UA)
42403,United Arab Emirates;EITC - DU (AE)
42402,United Arab Emirates;ETISALAT (AE)
23420,United Kingdom;H3G (GB)
23426,United Kingdom;LYCAMOBILE (GB)
23410,United Kingdom;O2 (GB)
23433,United Kingdom;ORANGE (GB)
23430,United Kingdom;T-MOBILE UK (GB)
23415,United Kingdom;VODAFONE (GB)
310640,United States;AIRADIGM COMUNICATIONS (US)
310150,United States;AT&T MOBILITY (US)
310170,United States;AT&T MOBILITY (US)
310380,United States;AT&T MOBILITY (US)
310410,United States;AT&T MOBILITY (US)
310420,United States;CINCINNATI BELL WIRELESS (US)
310630,United States;COMTEL PCS (US)
310690,United States;IMMIX WIRELESS (US)
310650,United States;JASPER WIRELESS (US)
310120,United States;SPRINT PCS (US)
316010,United States;SPRINT PCS (US)
310260,United States;T-MOBILE (US)
311480,United States;VERIZON WIRELESS (US)
310450,United States;VIAERO WIRELESS (US)
74810,Uruguay;AM CLARO (UY)
74801,Uruguay;ANTEL (UY)
74807,Uruguay;MOVISTAR (UY)
43405,Uzbekistan;COSCOM  (UZ)
43404,Uzbekistan;UNITEL (UZ)
73402,Venezuela;DIGITEL (VE)
73404,Venezuela;MOVISTAR (VE)
45201,Vietnam;MOBIFONE (VN)
45204,Vietnam;VIETTEL MOBILE (VN)
45202,Vietnam;VINAPHONE (VN)
42101,Yemen;SABAFON  (YE)
64804,Zimbabwe;ECONET (ZW)
