AWCC (AF),AFGAW
AMC MOBIL (AL),ALBAM
EAGLE MOBILE (AL),ALBEM
PLUS COMMUNICATION (AL),ALBM4
VODAFONE (AL),ALBVF
ATM MOBILIS (DZ),DZAA1
ORASCOM (DZ),DZAOT
WATANIYA (DZ),DZAWT
MOBILAND (AD),ANDMA
UNITEL (AO),AGOUT
CLARO (AR),ARGCM
MOVISTAR (AR),ARGTM
MOVISTAR (AR),ARGTM
PERSONAL (AR),ARGTP
PERSONAL (AR),ARGTP
ARMENTEL (AM),ARM01
ORANGE (AM),ARMOR
DIGICEL  (AW),ABWDC
SETAR GSM (AW),ABWSE
OPTUS (AU),AUSOP
TELSTRA TELECOM (AU),AUSTA
VODAFONE (AU),AUSVF
A1 TELEKOM (AT),AUTPT
A1 TELEKOM (AT),AUTON
H3G AUSTRIA (AT),AUTCA
H3G AUSTRIA (AT),AUTHU
MASS RESPONSE (AT),#N/A
T-MOBILE (AT),AUTMM
T-MOBILE (AT),AUTTR
AZERCELL (AZ),AZEAC
AZERFON (AZ),AZEAF
BAKCELL (AZ),AZEBC
BTC (BS),BHSBH
BATELCO (BH),BHRBT
AIRTEL (BD),BGDWT
GRAMEENPHONE (BD),BGDGP
ROBI AXIATA (BD),BGDAK
CABLE & WIRELESS (BB),BRBCW
BEST (BY),BLRBT
FE VELCOM (BY),BLRMD
MTS (BY),BLR02
BASE (BE),BELKO
MOBISTAR (BE),BELMO
PROXIMUS (BE),BELTB
BELIZE TELECOM LIMITED - DIGICELL (BZ),BLZ67
ETISALAT BENIN (BJ),BEN02
SPACETEL BENIN (BJ),BENSP
DIGITAL COMM (BM),BMUBD
MOVIL DE ENTEL (BO),BOLME
NUEVATEL (BO),BOLNT
TELECEL (BO),BOLTE
BH TELECOM (BA),BIHPT
ERONET (BA),BIHER
RS - M:TEL MOBI'S (BA),BIHMS
BRASIL TELECOM GSM (BR),BRABT
CLARO (BR),BRACL
NEXTEL (BR),BRAN3
OI (BR),BRATM
TIM (CENTRO SUL) (BR),BRACS
TIM (RIO NORTE) (BR),BRARN
TIM (SAO PAULO) (BR),BRASP
VIVO (BR),BRAV1
VIVO BRATC (BR),BRAV1
LIME (VG),VGBCW
DSTCOM (BN),BRNDS
BTC-VIVACOM (BG),BGRVA
GLOBUL (BG),BGRCM
MOBILTEL (BG),BGR01
CELTEL (BF),BFACT
ONATEL (BF),BFAON
METFONE (KH),KHMSH
SOTELCO (KH),KHMST
MTN (CM),CMRMT
ORANGE (CM),CMR02
BELL MOBILITY (CA),CANBM
DAVE WIRELESS (CA),CANDW
GLOBALIVE WIND (CA),CANGW
ROGERS WIRELESS (CA),CANMC
ROGERS WIRELESS (CA),CANRW
SASKATCHEWAN TELECOMMUNICATIONS (CA),CANST
TELUS (CA),CANTS
VIDEOTRON (CA),CANVT
CVMOVEL (CV),CPVCV
T + (CV),CPVTM
CABLE & WIRELESS (KY),CYMCW
ORANGE (CF),CAFAT
CLARO (CL),CHLSM
ENTEL PCS (CL),CHLMV
NEXTEL (CL),CHLN3
TELEFONICA (CL),CHLTM
TELEFONICA (CL),CHLB2
CHINA MOBILE (CN),CHNCT
CHINA MOBILE (CN),CHNCM
CHINA MOBILE (CN),CHNTD
CHINA UNICOM (CN),CHNCU
COMCEL (CO),COLCM
MOVISTAR (CO),COLTM
OLA - TIGO (CO),#N/A
OLA - TIGO (CO),COLCO
ICE (CR),CRICR
MOVISTAR (CR),CRITC
COMIUM (CI),CIVCM
MTN (CI),CIVTL
ORANGE (CI),CIV03
CROATIAN TELECOM T-MOBILE (HR),HRVCN
TELE2 (HR),HRVT2
VIPNET (HR),HRVVI
CUBACEL (CU),CUB01
AREEBA (CY),CYPSC
CYTA (CY),CYPCT
PRIMETEL (CY),CYPPT
O2 (CZ),CZEET
RADIOMOBIL T-MOBILE (CZ),CZERM
VODAFONE (CZ),CZECM
HI3G 3 DK (DK),DNKHU
SONOFON (DK),DNKDM
TDC MOBIL (DK),DNKTD
TELIA DK (DK),DNKIA
CLARO (DO),DOMCL
ORANGE (DO),DOM01
TRILOGY (DO),DOMAC
CONECEL (EC),ECUPG
MOVISTAR (EC),ECUOT
ETISALAT MISR (EG),EGYEM
MOBINIL (EG),EGYAR
VODAFONE (EG),EGYMS
CTE TELECOM PERSONAL (SV),SLVTP
DIGICEL (SV),SLVDC
MOVISTAR (SV),SLVTS
TELEMOVIL - TIGO (SV),SLVTM
GETESA ORANGE GQ (GQ),GNQ01
ELISA (EE),ESTRE
EMT (EE),ESTEM
RITABELL - TELE2.MOBIIL (EE),ESTRB
ETHIO TELECOM - ETH MTN (ET),ETH01
VODAFONE (FJ),FJIVF
DNA FINLAND (FI),FIN2G
ELISA (FI),FINRL
TELIASONERA (FI),FINTF
BOUYGUES TELECOM (FR),FRAF3
FREE MOBILE (FR),#N/A
ORANGE F (FR),FRAF1
SFR (FR),FRAF2
SFR (FR),FRAF2
PACIFIC MOBILE TELECOM (PF),PYFVF
CELTEL (GA),GABCT
LIBERTIS (GA),GAB01
AFRICELL (GM),GMBAC
GEOCELL (GE),GEOGC
MAGTICOM (GE),GEOMA
MOBITEL - MEGACOM (GE),GEOMT
E-PLUS (DE),DEUE1
O2 (DE),DEUE2
TELEKOM (DE),DEUD1
VODAFONE (DE),DEUD2
MILLICOM (GH),GHAMT
SCANCOM (GH),GHASC
VODAFONE (GH),GHAGT
ZAIN (GH),GHAZN
GIBTELECOM (GI),GIBGT
COSMOTE (GR),GRCCO
Q-TELECOM (GR),GRCQT
VODAFONE (GR),GRCPF
WIND HELLAS (GR),GRCSH
TELE GREENLAND (GL),GRLTG
CABLE & WIRELESS (GD),GRDCW
DOCOMO (GU),GUMHT
CLARO (GT),GTMSC
COMCEL - TIGO (GT),GTMCM
TELEFONICA GUATEMALA (GT),GTMTG
SPACETEL (GW),GNBSB
AREEBA (GN),GINAG
CELLCOM GUINEA (GN),GIN07
DIGICEL (GY),GUYUM
CELTEL (HN),HND02
CLARO (HN),HNDME
DIGICEL (HN),HNDDC
 China 45412,HKGPP
 China 45400,HKGTC
 China 45419,HKGM3
 China 45403,HKGH3
 China 45404,HKGHT
 China 45406,HKGSM
TELENOR PANNON (HU),HUNH1
T-MOBILE (HU),HUNH2
VODAFONE (HU),HUNVR
NOVA (IS),ISLNO
SIMINN (IS),ISLPS
SIMINN (IS),ISLTA
VODAFONE (IS),ISLTL
AIRCEL DIGILINK (Haryana) (IN),INDA2
AIRCEL DIGILINK (UP East) (IN),INDA4
AIRCEL (GUJARAT) (IN),IND07
AIRCEL (KARNATAKA) (IN),IND17
AIRCEL (MUMBAI) (IN),IND22
AIRCEL (WEST BENGAL) (IN),INDA1
BHARTI AIRTEL (Andhra Pradesh) (IN),INDA6
BHARTI AIRTEL (Calcuta) (IN),INDA7
BHARTI AIRTEL (Chennai) (IN),INDA8
BHARTI AIRTEL (Gujarat) (IN),INDA9
BHARTI AIRTEL (Haryana) (IN),INDAC
BHARTI AIRTEL (Karnataka) (IN),INDAT
BHARTI AIRTEL (Nueva Delhi) (IN),IND12
BHARTI AIRTEL (Nueva Delhi) (IN),IND11
BHARTI AIRTEL (Nueva Delhi) (IN),IND10
BHARTI AIRTEL (Punjab) (IN),INDBO
IDEA (KERALA AGRA) (IN),INDEK
IDEA (NEW DELHI) (IN),INDID
IDEA (NORTH EAST) (IN),INDH1
IDEA (RAJASHTAN) (IN),INDIB
RELIANCE TELECOM LTD (MP) (IN),INDIR
TATA DOCOMO (ANDHARA PRADESH) (IN),INDT0
TATA DOCOMO (GUJARAT) (IN),INDJB
TATA DOCOMO (HIMCHAD PRADESH) (IN),INDJH
TATA DOCOMO (KARNATAKA) (IN),INDT1
TATA DOCOMO (KOLKOTA) (IN),INDMT
TATA DOCOMO (MAHARASHTRA) (IN),INDT6
TATA DOCOMO (MUMBAI) (IN),INDTM
TATA DOCOMO (PUNJAB) (IN),INDTP
TATA DOCOMO (RO WB) (IN),INDRC
TATA DOCOMO (TAMILNADU) (IN),INDRM
TATA DOCOMO (UTTAR PRADESH-EAST) (IN),INDSC
UNINOR (ANDHRA PRADESH) (IN),INDSK
UNINOR (ASSAM) (IN),INDSP
VECL VODAFONE (KERALA) (IN),INDBK
VECL VODAFONE (MAHARASHTRA GOA) (IN),INDBM
VECL VODAFONE (TAMIL NADU) (IN),INDBT
VEEL VODAFONE (CALCUTA) (IN),INDCC
VEGL VODAFONE (GUJARAT) (IN),INDF1
VEL VODAFONE (MUMBAI) (IN),INDHM
VEMSL VODAFONE  (DELHI) (IN),INDE1
HUTCHISON (ID),IDN89
INDOSAT (ID),IDNSL
TELKOMSEL (ID),IDNTS
XL AXIATA (ID),IDNEX
MCI (IR),IRN11
ASIACELL (IQ),IRQAC
KOREK (IQ),IRQKK
ZAIN IQ (IQ),IRQAT
H3G (IE),IRLH3
LIFFEY TELECOM (IE),#N/A
METEOR (IE),IRLME
O2 (IE),IRLDF
VODAFONE (IE),IRLEC
MANX TELECOM (IM),GBRMT
CELLCOM (IL),ISRCL
HOME CELLULAR (IL),#N/A
HOT MOBILE (IL),ISRMS
ORANGE (IL),ISR01
PELEPHONE (IL),ISRPL
H3G (IT),ITAH3
TIM (IT),ITASI
VODAFONE (IT),ITAOM
WIND (IT),ITAWI
CABLE & WIRELESS (JM),JAMCW
DIGICEL (JM),JAMDC
DOCOMO (JP),JPNDO
KDDI (JP),JPNKD
KDDI (JP),#N/A
SOFTBANK MOBILE (JP),JPNJP
AIRTEL (JE),GBRAJ
C&W GUERNSEY LIMITED (JE),GBRGT
JERSEY TELECOMS (JE),GBRJT
JORDAN MOBILE ZAIN (JO),JORFL
ORANGE (JO),JORMC
UMNIAH (JO),JORUM
K'CELL (KZ),KAZKZ
K-MOBILE BEELINE (KZ),KAZKT
NEO (KZ),KAZ77
CELTEL (KE),KENKC
SAFARICOM (KE),KENSA
KT (KR),KORKF
LG UPLUS (KR),KORLU
SK TELECOM (KR),KORSK
MTC-KUWAIT (KW),KWTMT
OOREDOO (KW),KWTNM
NUR TELECOM (KG),KGZNT
SKY MOBILE BEELINE  (KG),KGZ01
LAO TELECOMMUNICATIONS - LTC (LA),LAOTC
BITE (LV),LVABT
LMT (LV),LVALM
TELE2 (LV),LVABC
ALFA (LB),LBNFL
MTC TOUCH (LB),LBNLC
VODACOM (LS),LSOVL
CELLCOM (LR),LBR07
COMIUM (LR),LBRCM
AL MADAR MOBILES (LY),LBY01
MARI  (LI),LIEMK
TELECOM  (LI),#N/A
BITE  (LT),LTUMT
OMNITEL (LT),LTUOM
TELE2 (LT),LTU03
MTX (LU),#N/A
ORANGE (LU),LUXVM
P&T LUXEMBUR (LU),LUXPT
TANGO (LU),LUXTG
 China 45501,MACCT
 China 45503,MACHT
ONE DOO SKOPJE  (MK),MKDCC
T-MOBILE (MK),MKDMM
VIP OPERATOR (MK),MKDNO
CELTEL (MW),MWICT
CELCOM (MY),MYSCC
DIGI (MY),MYSMT
MAXIS (MY),MYSBC
U-MOBILE (MY),MYSMI
DHIMOBILE (MV),MDV01
ORANGE (ML),MLI02
GO MOBILE (MT),MLTGO
MELITA MOBILE (MT),MLTMM
VODAFONE (MT),MLTTL
DIGICEL ANTILLES FRANCAISES (BOUYGUES TELECOM CARAIBE) (MQ),FRAF4
ORANGE (MQ),GLP01
CELLPLUS ORANGE (MU),MUSCP
EMTEL (MU),MUSEM
IUSACELL (MX),MEXIU
NEXTEL (MX),MEXNC
TELCEL (MX),MEXTL
TELEFONICA MOVILES (MX),MEXMS
MOLDCELL (MD),MDAMC
ORANGE (MD),MDAVX
MONACO TELECOM (MC),MCOM1
UNITEL (MN),MNGMN
MTEL (ME),MNEMT
TELENOR (ME),MNEPM
T-MOBILE (ME),MNETM
MAROC TELECOM - IAM  (MA),MARM1
MEDITEL (MA),MARMT
WANA (MA),MARM3
MCEL (MZ),MOZ01
VODACOM (MZ),MOZVC
TELENOR MYANMAR (MM),MMRK8
MTC (NA),NAM01
NEPAL TELECOM MOBILE (NP),NPLNM
SPICE NEPAL SNPL (NP),NPLM2
TELCELL (AN),ANTTC
UTS (AN),ANTUT
KPN (NL),NLDPT
TELFORT (NL),#N/A
TELFORT (NL),NLDTM
T-MOBILE NL (NL),NLDPN
T-MOBILE NL (NL),NLDDT
VODAFONE (NL),NLDLT
TELECOM (NZ),NZLTM
TWO DEGREES (NZ),NZLNH
VODAFONE (NZ),NZLBS
ENITEL CLARO (NI),NICEN
TELEFONICA DE NICARAGUA (NI),NICMS
CELTEL (NG),NGAET
ETISALAT (NG),NGAEM
GLOMOBILE (NG),NGAGM
MTN (NG),NGAMN
JASPER (NT),#N/A
NETWORK NORWAY (NO),NORNN
TELENOR (NO),NORTM
TELIA SONERA (NO),NORNC
NAWRAS (OM),OMNNT
OMAN MOBILE (OM),OMNGT
MOBILINK (PK),PAKMK
TELENOR (PK),PAKTP
UFONE (PK),PAKUF
WARID (PK),PAKWA
JAWWAL (PS),PSEJE
CABLE & WIRELESS MOVIL (PA),PANCW
CLARO (PA),PANCL
DIGICEL (PA),PANDC
TELEFONICA PANAMA (PA),PANMS
DIGICEL  PNG (PG),PNGDP
CLARO (PY),PRYHT
PERSONAL (PY),PRYNP
TELECEL (PY),PRYTC
VOX (PY),PRYVX
CLARO (PE),PERTM
MOVISTAR (PE),PERMO
NEXTEL (PE),PERN3
DIGITEL (PH),PHLDG
GLOBE TELECOM (PH),PHLGT
SMART (PH),PHLSR
CENTERTEL (PL),POL03
P4 (PL),POLP4
POLKOMTEL (PL),POLKM
POLSAT (PL),#N/A
T-MOBILE (PL),POL02
OPTIMUS (PT),PRTOP
TMN (PT),PRTTM
VODAFONE (PT),PRTTL
CLARO (PR),PRICL
QATAR TELECOM (QA),QATQT
VODAFONE (QA),QATB1
ORANGE REUNION (RE),REU02
COSMOTE (RO),ROMCS
ORANGE (RO),ROMMR
RCS&RDS (RO),ROM05
VODAFONE (RO),ROMMF
MEGAFON (RU),RUSNW
MTS (RU),RUS01
TELE2 RUSIA (RU),RUST2
VIMPELCOM (RU),RUSBD
YENISEYTELECOM (RU),RUSSC
CABLE & WIRELESS (VC),VCTCW
DIGICEL (WS),WSMDP
CSTMOVEL (ST),STPST
MOBILY (SA),SAUET
SAUDI TELECOM AL JAWAL (SA),SAUAJ
ORANGE (SN),SENAZ
SENTEL (SN),SENSG
TELEKOM SRBIJE (RS),YUGTS
TELENOR (RS),YUGMT
VIP (RS),SRBNO
CABLE & WIRELESS (SC),SYCCW
AIRTEL (SL),SLECT
MOBILEONE (SG),SGPM1
SINGTEL SINGTEL-MOBILELINK (SG),SGPST
STARHUB (SG),SGPSH
MOVISTAR SLOVAKIA (SK),SVKO2
ORANGE (SK),SVKGT
T-MOBILE (SK),SVKET
SI.MOBIL (SI),SVNSM
T2 (SI),SVNT2
TELEKOM SL - MOBITEL (SI),SVNMT
TUSMOBIL (SI),SVNVG
CELL C (ZA),ZAFCC
MTN (ZA),ZAFMN
VODACOM (ZA),ZAFVC
JAZZ TELECOM (ES),#N/A
MOVISTAR (ES),ESPT2
MOVISTAR (ES),ESPTE
ORANGE (ES),ESPRT
VODAFONE (ES),ESPAT
VODAFONE (ES),ESPVV
XFERA (ES),ESPXF
DIALOG GSM - DIALOG SAT (LK),LKADG
ETISALAT TIGO (LK),LKACT
MOBITEL (SD),SUDMO
DIGICEL SURINAME (SR),SURDC
TELESUR (SR),SURTG
COMVIQ - TELE2 (SE),SWEIQ
HI3G (SE),SWEHU
MAINGATE (SE),SWEEP
TELENOR (SE),SWEEP
TELIA (SE),SWETR
ORANGE (CH),CHEOR
SUNRISE (CH),CHEDX
SWISSCOM (CH),CHEC1
CHUNGHWA TELECOM (TW),TWNLD
FAR EASTONE (TW),TWNFE
TAIWAN MOBILE (TW),TWNPC
BABILON-MOBILE (TJ),TJKBM
INDIGO TAJIKISTAN (TJ),TJKIT
ZANTEL (TZ),TZAZN
AIS (TH),THAAS
AWN (TH),THAWN
DTAC - TAC Total Access Com (TH),THAWP
DTAC - Trinet (TH),THAWP
TRUE MOVE - REAL FUTURE (TH),THACT
TRUE MOVE - REAL FUTURE (TH),THACO
TRUE MOVE - REAL FUTURE (TH),THACO
TOGOCEL (TG),TGOTC
DIGICEL (TT),TTODL
TELECOMUNICATION (TT),TTO12
ORANGE (TN),TUNOR
OTT- ORASCOM TUNISIANA (TN),TUNTA
TUNTEL (TN),TUNTT
AVEA  (TR),TURIS
TURKCELL (TR),TURTC
VODAFONE (TR),TURTS
ALTYN ASYR MC (TM),TKMK8
CABLE & WIRELESS (TC),TCACW
CELTEL (UG),UGACE
ASTELIT (UA),UKRAS
KYIVSTAR (UA),UKRRS
KYIVSTAR (UA),UKRKS
MTS (UA),UKRUM
EITC - DU (AE),AREDU
ETISALAT (AE),ARETC
H3G (GB),GBRHU
LYCAMOBILE (GB),#N/A
O2 (GB),GBRCN
ORANGE (GB),GBROR
T-MOBILE UK (GB),GBRME
VODAFONE (GB),GBRVF
AIRADIGM COMUNICATIONS (US),USAAE
AT&T MOBILITY (US),USABS
AT&T MOBILITY (US),USAPB
AT&T MOBILITY (US),USAAT
AT&T MOBILITY (US),USACG
CINCINNATI BELL WIRELESS (US),USACB
COMTEL PCS (US),USAKD
IMMIX WIRELESS (US),USACW
JASPER WIRELESS (US),USAJS
SPRINT PCS (US),#N/A
SPRINT PCS (US),USANC
T-MOBILE (US),USAW6
VERIZON WIRELESS (US),USAVZ, 
VIAERO WIRELESS (US),USACI
AM CLARO (UY),URYAM
ANTEL (UY),URYAN
MOVISTAR (UY),URYTM
COSCOM  (UZ),UZB05
UNITEL (UZ),UZBDU
DIGITEL (VE),VEND2
MOVISTAR (VE),VENMS
MOBIFONE (VN),VNMMO
VIETTEL MOBILE (VN),VNMVT
VINAPHONE (VN),VNMVI
SABAFON  (YE),YEMSA
ECONET (ZW),ZWEET
