AFGAW,41201
ALBAM,27601
ALBEM,27603
ALBM4,27604
ALBVF,27602
DZAA1,60301
DZAOT,60302
DZAWT,60303
ANDMA,21303
AGOUT,63102
ARGCM,722310
ARGTM,72201
ARGTM,72207
ARGTP,72234
ARGTP,72236
ARM01,28301
ARMOR,28310
ABWDC,36302
ABWSE,36301
AUSOP,50502
AUSTA,50501
AUSVF,50503
AUTPT,23201
AUTON,23212
AUTCA,23205
AUTHU,23210
#N/A,23217
AUTMM,23203
AUTTR,23207
AZEAC,40001
AZEAF,40004
AZEBC,40002
BHSBH,36439
BHRBT,42601
BGDWT,47007
BGDGP,47001
BGDAK,47002
BRBCW,342600
BLRBT,25704
BLRMD,25701
BLR02,25702
BELKO,20620
BELMO,20610
BELTB,20601
BLZ67,70267
BEN02,61602
BENSP,61603
BMUBD,350000
BOLME,73602
BOLNT,73601
BOLTE,73603
BIHPT,21890
BIHER,21803
BIHMS,21805
BRABT,72416
BRACL,72405
BRAN3,72439
BRATM,72431
BRACS,72404
BRARN,72402
BRASP,72403
BRAV2,72406
BRAV1,72410
BRAV3,72411
BRATC,72423
VGBCW,348170
BRNDS,52811
BGRVA,28403
BGRCM,28405
BGR01,28401
BFACT,61302
BFAON,61301
KHMSH,45608
KHMST,45609
CMRMT,62401
CMR02,62402
CANBM,302610
CANDW,302320
CANGW,302490
CANMC,302370
CANRW,302720
CANST,302780
CANTS,302220
CANVT,302500
CPVCV,62501
CPVTM,62502
CYMCW,346140
CAFAT,62303
CHLSM,73003
CHLMV,73001
CHLN3,73009
CHLTM,73002
CHLB2,73007
CHNCT,46000
CHNCM,46002
CHNTD,46007
CHNCU,46001
COLCM,732101
COLTM,732123
#N/A,732103
COLCO,732111
CRICR,71201
CRITC,71204
CIVCM,61204
CIVTL,61205
CIV03,61203
HRVCN,21901
HRVT2,21902
HRVVI,21910
CUB01,36801
CYPSC,28010
CYPCT,28001
CYPPT,28020
CZEET,23002
CZERM,23001
CZECM,23003
DNKHU,23806
DNKDM,23802
DNKTD,23801
DNKIA,23820
DOMCL,37002
DOM01,37001
DOMAC,37004
ECUPG,74001
ECUOT,74000
EGYEM,60203
EGYAR,60201
EGYMS,60202
SLVTP,70601
SLVDC,70602
SLVTS,70604
SLVTM,70603
GNQ01,62701
ESTRE,24802
ESTEM,24801
ESTRB,24803
ETH01,63601
FJIVF,54201
FIN2G,24412
FINRL,24405
FINTF,24491
FRAF3,20820
#N/A,20815
FRAF1,20801
FRAF2,20809
FRAF2,20810
PYFVF,54715
GABCT,62803
GAB01,62801
GMBAC,60702
GEOGC,28201
GEOMA,28202
GEOMT,28204
DEUE1,26203
DEUE2,26207
DEUD1,26201
DEUD2,26202
GHAMT,62003
GHASC,62001
GHAGT,62002
GHAZN,62006
GIBGT,26601
GRCCO,20201
GRCQT,20209
GRCPF,20205
GRCSH,20210
GRLTG,29001
GRDCW,352110
GUMHT,31047
GTMSC,70401
GTMCM,70402
GTMTG,70403
GNBSB,63202
GINAG,61104
GIN07,61105
GUYUM,73801
HND02,70802
HNDME,708001
HNDDC,708040
HKGPP,45412
HKGTC,45400
HKGM3,45419
HKGH3,45403
HKGHT,45404
HKGSM,45406
HUNH1,21601
HUNH2,21630
HUNVR,21670
ISLNO,27411
ISLPS,27401
ISLTA,27412
ISLTL,27402
INDA2,40490
INDA4,40494
IND07,40407
IND17,405810
IND22,405803
INDA1,40492
INDA6,40497
INDA7,40495
INDA8,40493
INDA9,40402
INDAC,40442
INDAT,40410
IND12,40552
IND11,40553
IND10,40554
INDBO,40422
INDEK,40419
INDID,40404
INDH1,40470
INDIB,40570
INDIR,40487
INDT0,405025
INDJB,40445
INDJH,40449
INDT1,405034
INDMT,40431
INDT6,405037
INDTM,405039
INDTP,405042
INDRC,40441
INDRM,40467
INDSC,40440
INDSK,40444
INDSP,40414
INDBK,40446
INDBM,40427
INDBT,40443
INDCC,40430
INDF1,40405
INDHM,40420
INDE1,40411
IDN89,51089
IDNSL,51001
IDNTS,51010
IDNEX,51011
IRN11,43211
IRQAC,41805
IRQKK,41840
IRQAT,41820
IRLH3,27205
#N/A,27211
IRLME,27203
IRLDF,27202
IRLEC,27201
GBRMT,23458
ISRCL,42502
#N/A,42515
ISRMS,42507
ISR01,42501
ISRPL,42503
ITAH3,22299
ITASI,22201
ITAOM,22210
ITAWI,22288
JAMCW,338180
JAMDC,338050
JPNDO,44010
JPNKD,44050
#N/A,44051
JPNJP,44020
GBRAJ,23403
GBRGT,23455
GBRJT,23450
JORFL,41601
JORMC,41677
JORUM,41603
KAZKZ,40102
KAZKT,40101
KAZ77,40177
KENKC,63903
KENSA,63902
KORKF,45008
KORLU,45006
KORSK,45005
KWTMT,41902
KWTNM,41903
KGZNT,43709
KGZ01,43701
LAOTC,45701
LVABT,24705
LVALM,24701
LVABC,24702
LBNFL,41501
LBNLC,41503
LSOVL,65101
LBR07,61807
LBRCM,61804
LBY01,60601
LIEMK,29505
#N/A,29509
LTUMT,24602
LTUOM,24601
LTU03,24603
#N/A,27002
LUXVM,27099
LUXPT,27001
LUXTG,27077
MACCT,45501
MACHT,45503
MKDCC,29402
MKDMM,29401
MKDNO,29403
MWICT,65010
MYSCC,50219
MYSMT,50216
MYSBC,50212
MYSMI,50218
MDV01,47201
MLI02,61002
MLTGO,27821
MLTMM,27877
MLTTL,27801
FRAF4,34020
GLP01,34001
MUSCP,61701
MUSEM,61710
MEXIU,334050
MEXNC,33409
MEXTL,33402
MEXMS,334030
MDAMC,25902
MDAVX,25901
MCOM1,21201
MNGMN,42888
MNEMT,29703
MNEPM,29701
MNETM,29702
MARM1,60401
MARMT,60400
MARM3,60402
MOZ01,64301
MOZVC,64304
MMRK8,41406
NAM01,64901
NPLNM,42901
NPLM2,42902
ANTTC,36251
ANTUT,36291
NLDPT,20408
#N/A,20402
NLDTM,20412
NLDPN,20416
NLDDT,20420
NLDLT,20404
NZLTM,53005
NZLNH,53024
NZLBS,53001
NICEN,71021
NICMS,710300
NGAET,62120
NGAEM,62160
NGAGM,62150
NGAMN,62130
#N/A,90116
NORNN,24205
NORTM,24201
NORNC,24202
OMNNT,42203
OMNGT,42202
PAKMK,41001
PAKTP,41006
PAKUF,41003
PAKWA,41007
PSEJE,42505
PANCW,71401
PANCL,71403
PANDC,71404
PANMS,714020
PNGDP,53703
PRYHT,74402
PRYNP,74405
PRYTC,74404
PRYVX,74401
PERTM,71610
PERMO,71606
PERN3,71617
PHLDG,51505
PHLGT,51502
PHLSR,51503
POL03,26003
POLP4,26006
POLKM,26001
#N/A,26012
POL02,26002
PRTOP,26803
PRTTM,26806
PRTTL,26801
PRICL,330110
QATQT,42701
QATB1,42702
REU02,64700
ROMCS,22603
ROMMR,22610
ROM05,22605
ROMMF,22601
RUSNW,25002
RUS01,25001
RUST2,25020
RUSBD,25099
RUSSC,25005
VCTCW,360110
WSMDP,54900
STPST,62601
SAUET,42003
SAUAJ,42001
SENAZ,60801
SENSG,60802
YUGTS,22003
YUGMT,22001
SRBNO,22005
SYCCW,63301
SLECT,61901
SGPM1,52503
SGPST,52501
SGPSH,52505
SVKO2,23106
SVKGT,23101
SVKET,23102
SVNSM,29340
SVNT2,29364
SVNMT,29341
SVNVG,29370
ZAFCC,65507
ZAFMN,65510
ZAFVC,65501
#N/A,21421
ESPT2,21405
ESPTE,21407
ESPRT,21403
ESPAT,21401
ESPVV,21406
ESPXF,21404
LKADG,41302
LKACT,41303
SUDMO,63401
SURDC,74603
SURTG,74602
SWEIQ,24007
SWEHU,24002
SWEEP,24042
SWEEP,24008
SWETR,24001
CHEOR,22803
CHEDX,22802
CHEC1,22801
TWNLD,46692
TWNFE,46601
TWNPC,46697
TJKBM,43604
TJKIT,43602
TZAZN,64003
THAAS,52001
THAWN,52003
THAWP,52018
THAWP,52005
THACT,52000
THACO,52004
THACO,52099
TGOTC,61501
TTODL,374130
TTO12,37412
TUNOR,60501
TUNTA,60503
TUNTT,60502
TURIS,28603
TURTC,28601
TURTS,28602
TKMK8,43802
TCACW,376350
UGACE,64101
UKRAS,25506
UKRRS,25502
UKRKS,25503
UKRUM,25501
AREDU,42403
ARETC,42402
GBRHU,23420
#N/A,23426
GBRCN,23410
GBROR,23433
GBRME,23430
GBRVF,23415
USAAE,310640
USABS,310150
USAPB,310170
USAAT,310380
USACG,310410
USACB,310420
USAKD,310630
USACW,310690
USAJS,310650
#N/A,310120
USANC,316010
USAW6,310260
USAVZ,311480
USACI,310450
URYAM,74810
URYAN,74801
URYTM,74807
UZB05,43405
UZBDU,43404
VEND2,73402
VENMS,73404
VNMMO,45201
VNMVT,45204
VNMVI,45202
YEMSA,42101
ZWEET,64804
