{
  "version": "7.3.0",
  "objects": [
    {
      "id": "{{ tenant }}-Summary_Dashboard",
      "type": "dashboard",
      "updated_at": "2019-09-09T10:15:44.070Z",
      "version": "WzEwMDksMTRd",
      "attributes": {
        "title": "{{ tenant }}-RTE_Summary_Dashboard",
        "hits": 0,
        "description": "",
        "panelsJSON": "[{\"panelIndex\":\"1\",\"gridData\":{\"x\":25,\"y\":50,\"w\":23,\"h\":19,\"i\":\"1\"},\"version\":\"7.3.0\",\"panelRefName\":\"panel_0\"},{\"panelIndex\":\"3\",\"gridData\":{\"x\":0,\"y\":18,\"w\":25,\"h\":16,\"i\":\"3\"},\"version\":\"7.3.0\",\"panelRefName\":\"panel_1\"},{\"panelIndex\":\"4\",\"gridData\":{\"x\":25,\"y\":18,\"w\":23,\"h\":16,\"i\":\"4\"},\"version\":\"7.3.0\",\"panelRefName\":\"panel_2\"},{\"panelIndex\":\"6\",\"gridData\":{\"x\":25,\"y\":34,\"w\":23,\"h\":16,\"i\":\"6\"},\"version\":\"7.3.0\",\"panelRefName\":\"panel_3\"},{\"panelIndex\":\"7\",\"gridData\":{\"x\":0,\"y\":50,\"w\":25,\"h\":19,\"i\":\"7\"},\"version\":\"7.3.0\",\"panelRefName\":\"panel_4\"},{\"panelIndex\":\"8\",\"gridData\":{\"x\":0,\"y\":34,\"w\":25,\"h\":16,\"i\":\"8\"},\"embeddableConfig\":{\"vis\":{\"colors\":{\"students\":\"#F4D598\",\"welcome\":\"#F9D9F9\"},\"legendOpen\":true}},\"version\":\"7.3.0\",\"panelRefName\":\"panel_5\"},{\"panelIndex\":\"12\",\"gridData\":{\"x\":25,\"y\":0,\"w\":23,\"h\":18,\"i\":\"12\"},\"version\":\"7.3.0\",\"panelRefName\":\"panel_6\"},{\"panelIndex\":\"13\",\"gridData\":{\"x\":0,\"y\":69,\"w\":25,\"h\":20,\"i\":\"13\"},\"embeddableConfig\":{\"vis\":{\"colors\":{\"accepted\":\"#629E51\",\"added\":\"#EAB839\"},\"legendOpen\":true}},\"version\":\"7.3.0\",\"panelRefName\":\"panel_7\"},{\"panelIndex\":\"14\",\"gridData\":{\"x\":0,\"y\":0,\"w\":25,\"h\":18,\"i\":\"14\"},\"embeddableConfig\":{\"vis\":{\"params\":{\"sort\":{\"columnIndex\":null,\"direction\":null}}}},\"version\":\"7.3.0\",\"panelRefName\":\"panel_8\"},{\"panelIndex\":\"15\",\"gridData\":{\"x\":25,\"y\":69,\"w\":23,\"h\":20,\"i\":\"15\"},\"version\":\"7.3.0\",\"panelRefName\":\"panel_9\"}]",
        "optionsJSON": "{\"darkTheme\":false,\"useMargins\":false}",
        "version": 1,
        "timeRestore": true,
        "timeTo": "now/d",
        "timeFrom": "now/d",
        "refreshInterval": {
          "pause": false,
          "value": 300000
        },
        "kibanaSavedObjectMeta": {
          "searchSourceJSON": "{\"filter\":[],\"highlightAll\":true,\"version\":true,\"query\":{\"query\":{\"query_string\":{\"analyze_wildcard\":true,\"query\":\"*\",\"default_field\":\"*\",\"time_zone\":\"Europe/Dublin\"}},\"language\":\"lucene\"}}"
        }
      },
      "references": [
        {
          "name": "panel_0",
          "type": "visualization",
          "id": "{{ tenant }}-44976970-4f49-11e7-8e7b-b3311cdc0db2"
        },
        {
          "name": "panel_1",
          "type": "visualization",
          "id": "{{ tenant }}-ee436d50-500e-11e7-9740-73b7ab828de9"
        },
        {
          "name": "panel_2",
          "type": "visualization",
          "id": "{{ tenant }}-936a5700-4f4f-11e7-8e7b-b3311cdc0db2"
        },
        {
          "name": "panel_3",
          "type": "visualization",
          "id": "{{ tenant }}-f8bff810-4f83-11e7-a44a-795ae516f225"
        },
        {
          "name": "panel_4",
          "type": "visualization",
          "id": "{{ tenant }}-2dd46910-4f51-11e7-8e7b-b3311cdc0db2"
        },
        {
          "name": "panel_5",
          "type": "visualization",
          "id": "{{ tenant }}-4dad0420-5011-11e7-9740-73b7ab828de9"
        },
        {
          "name": "panel_6",
          "type": "visualization",
          "id": "{{ tenant }}-2c606c00-5028-11e7-8a8c-ede11936abd0"
        },
        {
          "name": "panel_7",
          "type": "visualization",
          "id": "{{ tenant }}-db5f1b80-73a9-11e7-8fef-dffa90503dd7"
        },
        {
          "name": "panel_8",
          "type": "visualization",
          "id": "{{ tenant }}-4e625b00-73ab-11e7-a4fa-6117baf509a7"
        },
        {
          "name": "panel_9",
          "type": "visualization",
          "id": "{{ tenant }}-099e4f50-76a9-11e7-8ca8-f580b186bd39"
        }
      ],
      "migrationVersion": {
        "dashboard": "7.3.0"
      }
    },
    {
      "id": "{{ tenant }}-44976970-4f49-11e7-8e7b-b3311cdc0db2",
      "type": "visualization",
      "updated_at": "2019-09-09T08:56:54.864Z",
      "version": "Wzk4NywxNF0=",
      "attributes": {
        "visState": "{\"aggs\":[{\"enabled\":true,\"id\":\"1\",\"params\":{\"customLabel\":\"Offers Made\",\"field\":\"count\"},\"schema\":\"metric\",\"type\":\"sum\"},{\"enabled\":true,\"id\":\"2\",\"params\":{\"customLabel\":\"Time\",\"extended_bounds\":{},\"field\":\"stats_interval_timestamp\",\"interval\":\"auto\",\"min_doc_count\":1},\"schema\":\"segment\",\"type\":\"date_histogram\"}],\"listeners\":{},\"params\":{\"addLegend\":true,\"addTimeMarker\":true,\"addTooltip\":true,\"categoryAxes\":[{\"id\":\"CategoryAxis-1\",\"labels\":{\"show\":true,\"truncate\":100},\"position\":\"bottom\",\"scale\":{\"type\":\"linear\"},\"show\":true,\"style\":{},\"title\":{\"text\":\"Time\"},\"type\":\"category\"}],\"defaultYExtents\":false,\"drawLinesBetweenPoints\":true,\"grid\":{\"categoryLines\":true,\"style\":{\"color\":\"#eee\"},\"valueAxis\":\"ValueAxis-1\"},\"interpolate\":\"linear\",\"legendPosition\":\"right\",\"radiusRatio\":9,\"scale\":\"linear\",\"seriesParams\":[{\"data\":{\"id\":\"1\",\"label\":\"Offers Made\"},\"drawLinesBetweenPoints\":true,\"interpolate\":\"cardinal\",\"lineWidth\":2,\"mode\":\"normal\",\"show\":true,\"showCircles\":true,\"type\":\"line\",\"valueAxis\":\"ValueAxis-1\"}],\"setYExtents\":false,\"showCircles\":true,\"times\":[],\"valueAxes\":[{\"id\":\"ValueAxis-1\",\"labels\":{\"filter\":false,\"rotate\":0,\"show\":true,\"truncate\":100},\"name\":\"LeftAxis-1\",\"position\":\"left\",\"scale\":{\"mode\":\"normal\",\"type\":\"linear\"},\"show\":true,\"style\":{},\"title\":{\"text\":\"Offers Made\"},\"type\":\"value\"}]},\"title\":\"Offers Made\",\"type\":\"line\"}",
        "description": "{{ tenant }}",
        "title": "Offers Made",
        "uiStateJSON": "{}",
        "version": 1,
        "kibanaSavedObjectMeta": {
          "searchSourceJSON": "{\"query\":{\"query\":{\"query_string\":{\"query\":\"cdr_type: \\\"added\\\"\",\"analyze_wildcard\":true}},\"language\":\"lucene\"},\"filter\":[],\"indexRefName\":\"kibanaSavedObjectMeta.searchSourceJSON.index\"}"
        }
      },
      "references": [
        {
          "name": "kibanaSavedObjectMeta.searchSourceJSON.index",
          "type": "index-pattern",
          "id": "{{ tenant }}-fa814080-5394-11e8-9921-552b615582ae"
        }
      ],
      "migrationVersion": {
        "visualization": "7.3.0"
      }
    },
    {
      "id": "{{ tenant }}-ee436d50-500e-11e7-9740-73b7ab828de9",
      "type": "visualization",
      "updated_at": "2019-09-09T08:56:54.864Z",
      "version": "Wzk4OCwxNF0=",
      "attributes": {
        "visState": "{\"title\":\"Estimated Revenue\",\"type\":\"line\",\"params\":{\"addLegend\":true,\"addTimeMarker\":true,\"addTooltip\":true,\"categoryAxes\":[{\"id\":\"CategoryAxis-1\",\"labels\":{\"show\":true,\"truncate\":100},\"position\":\"bottom\",\"scale\":{\"type\":\"linear\"},\"show\":true,\"style\":{},\"title\":{\"text\":\"Time\"},\"type\":\"category\"}],\"defaultYExtents\":false,\"drawLinesBetweenPoints\":true,\"grid\":{\"categoryLines\":true,\"style\":{\"color\":\"#eee\"},\"valueAxis\":\"ValueAxis-1\"},\"interpolate\":\"linear\",\"legendPosition\":\"right\",\"radiusRatio\":9,\"scale\":\"linear\",\"seriesParams\":[{\"data\":{\"id\":\"1\",\"label\":\"Estimated Revenue\"},\"drawLinesBetweenPoints\":true,\"interpolate\":\"cardinal\",\"lineWidth\":2,\"mode\":\"normal\",\"show\":true,\"showCircles\":true,\"type\":\"line\",\"valueAxis\":\"ValueAxis-1\"}],\"setYExtents\":false,\"showCircles\":true,\"times\":[],\"valueAxes\":[{\"id\":\"ValueAxis-1\",\"labels\":{\"filter\":false,\"rotate\":0,\"show\":true,\"truncate\":100},\"name\":\"LeftAxis-1\",\"position\":\"left\",\"scale\":{\"mode\":\"normal\",\"type\":\"linear\"},\"show\":true,\"style\":{},\"title\":{\"text\":\"Estimated Revenue\"},\"type\":\"value\"}]},\"aggs\":[{\"id\":\"1\",\"enabled\":true,\"type\":\"sum\",\"schema\":\"metric\",\"params\":{\"field\":\"total_revenue\",\"customLabel\":\"Estimated Revenue\"}},{\"id\":\"2\",\"enabled\":true,\"type\":\"date_histogram\",\"schema\":\"segment\",\"params\":{\"field\":\"stats_interval_timestamp\",\"interval\":\"auto\",\"min_doc_count\":1,\"extended_bounds\":{},\"customLabel\":\"Time\"}}],\"listeners\":{}}",
        "description": "{{ tenant }}",
        "title": "Estimated Revenue",
        "uiStateJSON": "{}",
        "version": 1,
        "kibanaSavedObjectMeta": {
          "searchSourceJSON": "{\"query\":{\"query\":{\"query_string\":{\"analyze_wildcard\":true,\"query\":\"cdr_type: \\\"accepted\\\"\"}},\"language\":\"lucene\"},\"filter\":[],\"indexRefName\":\"kibanaSavedObjectMeta.searchSourceJSON.index\"}"
        }
      },
      "references": [
        {
          "name": "kibanaSavedObjectMeta.searchSourceJSON.index",
          "type": "index-pattern",
          "id": "{{ tenant }}-fa814080-5394-11e8-9921-552b615582ae"
        }
      ],
      "migrationVersion": {
        "visualization": "7.3.0"
      }
    },
    {
      "id": "{{ tenant }}-936a5700-4f4f-11e7-8e7b-b3311cdc0db2",
      "type": "visualization",
      "updated_at": "2019-09-09T08:56:54.864Z",
      "version": "Wzk4OSwxNF0=",
      "attributes": {
        "visState": "{\"title\":\"Campaign Estimated Revenue Distribution\",\"type\":\"pie\",\"params\":{\"addTooltip\":true,\"addLegend\":true,\"legendPosition\":\"right\",\"isDonut\":false},\"aggs\":[{\"id\":\"1\",\"enabled\":true,\"type\":\"sum\",\"schema\":\"metric\",\"params\":{\"field\":\"total_revenue\",\"customLabel\":\"Revenue\"}},{\"id\":\"2\",\"enabled\":true,\"type\":\"terms\",\"schema\":\"segment\",\"params\":{\"field\":\"campaign_name\",\"size\":200,\"order\":\"desc\",\"orderBy\":\"1\",\"customLabel\":\"Campaign\"}}],\"listeners\":{}}",
        "description": "{{ tenant }}",
        "title": "Campaign Estimated Revenue Distribution",
        "uiStateJSON": "{}",
        "version": 1,
        "kibanaSavedObjectMeta": {
          "searchSourceJSON": "{\"query\":{\"query\":{\"query_string\":{\"query\":\"*\",\"analyze_wildcard\":true}},\"language\":\"lucene\"},\"filter\":[],\"indexRefName\":\"kibanaSavedObjectMeta.searchSourceJSON.index\"}"
        }
      },
      "references": [
        {
          "name": "kibanaSavedObjectMeta.searchSourceJSON.index",
          "type": "index-pattern",
          "id": "{{ tenant }}-fa814080-5394-11e8-9921-552b615582ae"
        }
      ],
      "migrationVersion": {
        "visualization": "7.3.0"
      }
    },
    {
      "id": "{{ tenant }}-f8bff810-4f83-11e7-a44a-795ae516f225",
      "type": "visualization",
      "updated_at": "2019-09-09T08:56:54.864Z",
      "version": "Wzk5MCwxNF0=",
      "attributes": {
        "visState": "{\"title\":\"Segment Estimated Revenue Distribution\",\"type\":\"pie\",\"params\":{\"addTooltip\":true,\"addLegend\":true,\"legendPosition\":\"right\",\"isDonut\":false},\"aggs\":[{\"id\":\"1\",\"enabled\":true,\"type\":\"sum\",\"schema\":\"metric\",\"params\":{\"field\":\"total_revenue\",\"customLabel\":\"Revenue\"}},{\"id\":\"2\",\"enabled\":true,\"type\":\"terms\",\"schema\":\"segment\",\"params\":{\"field\":\"segment\",\"size\":200,\"order\":\"desc\",\"orderBy\":\"1\",\"customLabel\":\"Segment\"}}],\"listeners\":{}}",
        "description": "{{ tenant }}",
        "title": "Segment Estimated Revenue Distribution",
        "uiStateJSON": "{}",
        "version": 1,
        "kibanaSavedObjectMeta": {
          "searchSourceJSON": "{\"query\":{\"query\":{\"query_string\":{\"query\":\"*\",\"analyze_wildcard\":true}},\"language\":\"lucene\"},\"filter\":[],\"indexRefName\":\"kibanaSavedObjectMeta.searchSourceJSON.index\"}"
        }
      },
      "references": [
        {
          "name": "kibanaSavedObjectMeta.searchSourceJSON.index",
          "type": "index-pattern",
          "id": "{{ tenant }}-fa814080-5394-11e8-9921-552b615582ae"
        }
      ],
      "migrationVersion": {
        "visualization": "7.3.0"
      }
    },
    {
      "id": "{{ tenant }}-2dd46910-4f51-11e7-8e7b-b3311cdc0db2",
      "type": "visualization",
      "updated_at": "2019-09-09T08:56:54.864Z",
      "version": "Wzk5MSwxNF0=",
      "attributes": {
        "visState": "{\"title\":\"Channel Estimated Revenue Distribution\",\"type\":\"pie\",\"params\":{\"addTooltip\":true,\"addLegend\":true,\"legendPosition\":\"right\",\"isDonut\":false},\"aggs\":[{\"id\":\"1\",\"enabled\":true,\"type\":\"sum\",\"schema\":\"metric\",\"params\":{\"field\":\"total_revenue\",\"customLabel\":\"Revenue\"}},{\"id\":\"2\",\"enabled\":true,\"type\":\"terms\",\"schema\":\"segment\",\"params\":{\"field\":\"channel\",\"size\":200,\"order\":\"desc\",\"orderBy\":\"1\",\"customLabel\":\"Channel\"}}],\"listeners\":{}}",
        "description": "{{ tenant }}",
        "title": "Channel Estimated Revenue Distribution",
        "uiStateJSON": "{}",
        "version": 1,
        "kibanaSavedObjectMeta": {
          "searchSourceJSON": "{\"query\":{\"query\":{\"query_string\":{\"query\":\"*\",\"analyze_wildcard\":true}},\"language\":\"lucene\"},\"filter\":[],\"indexRefName\":\"kibanaSavedObjectMeta.searchSourceJSON.index\"}"
        }
      },
      "references": [
        {
          "name": "kibanaSavedObjectMeta.searchSourceJSON.index",
          "type": "index-pattern",
          "id": "{{ tenant }}-fa814080-5394-11e8-9921-552b615582ae"
        }
      ],
      "migrationVersion": {
        "visualization": "7.3.0"
      }
    },
    {
      "id": "{{ tenant }}-4dad0420-5011-11e7-9740-73b7ab828de9",
      "type": "visualization",
      "updated_at": "2019-09-09T08:56:54.864Z",
      "version": "Wzk5MiwxNF0=",
      "attributes": {
        "visState": "{\"title\":\"Offer Estimated Revenue Distribution\",\"type\":\"pie\",\"params\":{\"addTooltip\":true,\"addLegend\":true,\"legendPosition\":\"right\",\"isDonut\":false},\"aggs\":[{\"id\":\"1\",\"enabled\":true,\"type\":\"sum\",\"schema\":\"metric\",\"params\":{\"field\":\"total_revenue\",\"customLabel\":\"Revenue\"}},{\"id\":\"2\",\"enabled\":true,\"type\":\"terms\",\"schema\":\"segment\",\"params\":{\"field\":\"offer_id\",\"size\":200,\"order\":\"desc\",\"orderBy\":\"1\",\"customLabel\":\"Offer\"}}],\"listeners\":{}}",
        "description": "{{ tenant }}",
        "title": "Offer Estimated Revenue Distribution",
        "uiStateJSON": "{\"vis\":{\"colors\":{\"welcome\":\"#0A50A1\",\"students\":\"#890F02\"}}}",
        "version": 1,
        "kibanaSavedObjectMeta": {
          "searchSourceJSON": "{\"query\":{\"query\":{\"query_string\":{\"query\":\"*\",\"analyze_wildcard\":true}},\"language\":\"lucene\"},\"filter\":[],\"indexRefName\":\"kibanaSavedObjectMeta.searchSourceJSON.index\"}"
        }
      },
      "references": [
        {
          "name": "kibanaSavedObjectMeta.searchSourceJSON.index",
          "type": "index-pattern",
          "id": "{{ tenant }}-fa814080-5394-11e8-9921-552b615582ae"
        }
      ],
      "migrationVersion": {
        "visualization": "7.3.0"
      }
    },
    {
      "id": "{{ tenant }}-2c606c00-5028-11e7-8a8c-ede11936abd0",
      "type": "visualization",
      "updated_at": "2019-09-09T08:56:47.563Z",
      "version": "Wzk0MiwxNF0=",
      "attributes": {
        "visState": "{\"type\":\"timelion\",\"title\":\"Percentage Uptake\",\"params\":{\"expression\":\".es(index='{{ tenant }}-campaign_stats', q='cdr_type:accepted', metric='sum:count',kibana=true,timefield='stats_interval_timestamp').divide(.es(index='{{ tenant }}-campaign_stats', q='cdr_type:added', metric='sum:count',kibana=true,timefield='stats_interval_timestamp')).multiply(100).color(#f0f).label('Percentage Uptake').yaxis(label='Percentage Uptake').lines(fill=1,width=0.5)\",\"interval\":\"1h\"}}",
        "description": "{{ tenant }}",
        "title": "Percentage Uptake",
        "uiStateJSON": "{}",
        "version": 1,
        "kibanaSavedObjectMeta": {
          "searchSourceJSON": "{}"
        }
      },
      "references": [],
      "migrationVersion": {
        "visualization": "7.3.0"
      }
    },
    {
      "id": "{{ tenant }}-db5f1b80-73a9-11e7-8fef-dffa90503dd7",
      "type": "visualization",
      "updated_at": "2019-09-09T08:56:54.864Z",
      "version": "Wzk5MywxNF0=",
      "attributes": {
        "visState": "{\"title\":\"Operator Offers\",\"type\":\"histogram\",\"params\":{\"addLegend\":true,\"addTimeMarker\":false,\"addTooltip\":true,\"categoryAxes\":[{\"id\":\"CategoryAxis-1\",\"labels\":{\"show\":true,\"truncate\":100},\"position\":\"bottom\",\"scale\":{\"type\":\"linear\"},\"show\":true,\"style\":{},\"title\":{\"text\":\"Operators\"},\"type\":\"category\"}],\"defaultYExtents\":false,\"drawLinesBetweenPoints\":true,\"grid\":{\"categoryLines\":false,\"style\":{\"color\":\"#eee\"},\"valueAxis\":\"ValueAxis-1\"},\"interpolate\":\"linear\",\"legendPosition\":\"right\",\"radiusRatio\":9,\"scale\":\"linear\",\"seriesParams\":[{\"data\":{\"id\":\"1\",\"label\":\"Offers\"},\"drawLinesBetweenPoints\":true,\"mode\":\"normal\",\"show\":\"true\",\"showCircles\":true,\"type\":\"histogram\",\"valueAxis\":\"ValueAxis-1\"}],\"setYExtents\":false,\"showCircles\":true,\"times\":[],\"valueAxes\":[{\"id\":\"ValueAxis-1\",\"labels\":{\"filter\":false,\"rotate\":0,\"show\":true,\"truncate\":100},\"name\":\"LeftAxis-1\",\"position\":\"left\",\"scale\":{\"mode\":\"normal\",\"type\":\"linear\"},\"show\":true,\"style\":{},\"title\":{\"text\":\"Offers\"},\"type\":\"value\"}],\"type\":\"histogram\"},\"aggs\":[{\"id\":\"1\",\"enabled\":true,\"type\":\"sum\",\"schema\":\"metric\",\"params\":{\"field\":\"count\",\"customLabel\":\"Offers\"}},{\"id\":\"2\",\"enabled\":true,\"type\":\"terms\",\"schema\":\"segment\",\"params\":{\"field\":\"vplmn\",\"otherBucket\":false,\"otherBucketLabel\":\"Other\",\"missingBucket\":false,\"missingBucketLabel\":\"Missing\",\"size\":50,\"order\":\"desc\",\"orderBy\":\"1\",\"customLabel\":\"Operators\"}},{\"id\":\"3\",\"enabled\":true,\"type\":\"terms\",\"schema\":\"group\",\"params\":{\"field\":\"cdr_type\",\"otherBucket\":false,\"otherBucketLabel\":\"Other\",\"missingBucket\":false,\"missingBucketLabel\":\"Missing\",\"size\":2,\"order\":\"desc\",\"orderBy\":\"1\",\"customLabel\":\"Offer Type\"}}]}",
        "description": "{{ tenant }}",
        "title": "Operator Offers",
        "uiStateJSON": "{\"vis\":{\"colors\":{\"added\":\"#EAB839\"}}}",
        "version": 1,
        "kibanaSavedObjectMeta": {
          "searchSourceJSON": "{\"query\":{\"query\":{\"query_string\":{\"query\":\"cdr_type:\\\"added\\\" or cdr_type:\\\"accepted\\\"\",\"analyze_wildcard\":true,\"default_field\":\"*\"}},\"language\":\"lucene\"},\"filter\":[],\"indexRefName\":\"kibanaSavedObjectMeta.searchSourceJSON.index\"}"
        }
      },
      "references": [
        {
          "name": "kibanaSavedObjectMeta.searchSourceJSON.index",
          "type": "index-pattern",
          "id": "{{ tenant }}-fa814080-5394-11e8-9921-552b615582ae"
        }
      ],
      "migrationVersion": {
        "visualization": "7.3.0"
      }
    },
    {
      "id": "{{ tenant }}-4e625b00-73ab-11e7-a4fa-6117baf509a7",
      "type": "visualization",
      "updated_at": "2019-09-09T08:56:54.864Z",
      "version": "Wzk5NCwxNF0=",
      "attributes": {
        "visState": "{\"title\":\"Outbound Roamers Revenue\",\"type\":\"table\",\"params\":{\"perPage\":10,\"showPartialRows\":false,\"showMeticsAtAllLevels\":false,\"sort\":{\"columnIndex\":null,\"direction\":null},\"showTotal\":false,\"totalFunc\":\"sum\"},\"aggs\":[{\"id\":\"1\",\"enabled\":true,\"type\":\"sum\",\"schema\":\"metric\",\"params\":{\"field\":\"total_revenue\",\"customLabel\":\"Estimated Revenue\"}},{\"id\":\"2\",\"enabled\":true,\"type\":\"terms\",\"schema\":\"bucket\",\"params\":{\"field\":\"vplmn\",\"size\":49,\"order\":\"desc\",\"orderBy\":\"1\",\"customLabel\":\"Operators\"}},{\"id\":\"3\",\"enabled\":true,\"type\":\"count\",\"schema\":\"metric\",\"params\":{\"customLabel\":\"# Accepted Offers\"}}],\"listeners\":{}}",
        "description": "{{ tenant }}",
        "title": "Outbound Roamers Revenue",
        "uiStateJSON": "{\"vis\":{\"params\":{\"sort\":{\"columnIndex\":null,\"direction\":null}}}}",
        "version": 1,
        "kibanaSavedObjectMeta": {
          "searchSourceJSON": "{\"query\":{\"query\":{\"query_string\":{\"query\":\"cdr_type:\\\"accepted\\\"\",\"analyze_wildcard\":true}},\"language\":\"lucene\"},\"filter\":[],\"indexRefName\":\"kibanaSavedObjectMeta.searchSourceJSON.index\"}"
        }
      },
      "references": [
        {
          "name": "kibanaSavedObjectMeta.searchSourceJSON.index",
          "type": "index-pattern",
          "id": "{{ tenant }}-fa814080-5394-11e8-9921-552b615582ae"
        }
      ],
      "migrationVersion": {
        "visualization": "7.3.0"
      }
    },
    {
      "id": "{{ tenant }}-099e4f50-76a9-11e7-8ca8-f580b186bd39",
      "type": "visualization",
      "updated_at": "2019-09-09T08:56:54.864Z",
      "version": "Wzk5NSwxNF0=",
      "attributes": {
        "visState": "{\"title\":\"Summary Dashboard Hints\",\"type\":\"markdown\",\"params\":{\"markdown\":\"### Filters\\n* Filter per _Operator_ by highlighting a row in the _Outbound Roamers Revenue_ table and clicking the magnifying glass.\\n* Can add additional filter by clicking on a segment representing a _Campaign_ or _Offer_ in the pie charts below for example.\\n* Click browser back button to revert.\\n\\n### Time\\n* Zoom in on the results at a particular time by clicking and dragging across the grid in the _Estimated Revenue_ line chart.\\n* Select a different time boundary for the dashboard by clicking on time widget in top-right corner.\\n* Click browser back button to revert.\\n\\n### Questions\\n* What is the estimated revenue for a particular campaign on a particular visited operator?\\n* How is the estimated revenue distributed over the time-boundary of the dashboard?\\n* What is the uptake across all _Campaigns_, where uptake is _Offers Made_ / _Offers Accepted_?\\n* What is the uptake for SMS _Channel_  on a particular operator?\"},\"aggs\":[],\"listeners\":{}}",
        "description": "{{ tenant }}",
        "title": "Summary Dashboard Hints",
        "uiStateJSON": "{}",
        "version": 1,
        "kibanaSavedObjectMeta": {
          "searchSourceJSON": "{\"query\":{\"query\":{\"query_string\":{\"query\":\"*\"}},\"language\":\"lucene\"},\"filter\":[]}"
        }
      },
      "references": [],
      "migrationVersion": {
        "visualization": "7.3.0"
      }
    },
    {
      "id": "{{ tenant }}-fa814080-5394-11e8-9921-552b615582ae",
      "type": "index-pattern",
      "updated_at": "2019-09-09T08:56:47.563Z",
      "version": "Wzk0NSwxNF0=",
      "attributes": {
        "fields": "[{\"name\":\"@timestamp\",\"type\":\"date\",\"count\":0,\"scripted\":false,\"searchable\":true,\"aggregatable\":true,\"readFromDocValues\":true},{\"name\":\"_id\",\"type\":\"string\",\"count\":0,\"scripted\":false,\"searchable\":true,\"aggregatable\":true,\"readFromDocValues\":false},{\"name\":\"_index\",\"type\":\"string\",\"count\":0,\"scripted\":false,\"searchable\":true,\"aggregatable\":true,\"readFromDocValues\":false},{\"name\":\"_score\",\"type\":\"number\",\"count\":0,\"scripted\":false,\"searchable\":false,\"aggregatable\":false,\"readFromDocValues\":false},{\"name\":\"_source\",\"type\":\"_source\",\"count\":0,\"scripted\":false,\"searchable\":false,\"aggregatable\":false,\"readFromDocValues\":false},{\"name\":\"_type\",\"type\":\"string\",\"count\":0,\"scripted\":false,\"searchable\":true,\"aggregatable\":true,\"readFromDocValues\":false},{\"name\":\"beat.hostname\",\"type\":\"string\",\"count\":0,\"scripted\":false,\"searchable\":true,\"aggregatable\":false,\"readFromDocValues\":false},{\"name\":\"beat.hostname.keyword\",\"type\":\"string\",\"count\":0,\"scripted\":false,\"searchable\":true,\"aggregatable\":true,\"readFromDocValues\":true},{\"name\":\"beat.name\",\"type\":\"string\",\"count\":0,\"scripted\":false,\"searchable\":true,\"aggregatable\":false,\"readFromDocValues\":false},{\"name\":\"beat.name.keyword\",\"type\":\"string\",\"count\":0,\"scripted\":false,\"searchable\":true,\"aggregatable\":true,\"readFromDocValues\":true},{\"name\":\"beat.version\",\"type\":\"string\",\"count\":0,\"scripted\":false,\"searchable\":true,\"aggregatable\":false,\"readFromDocValues\":false},{\"name\":\"beat.version.keyword\",\"type\":\"string\",\"count\":0,\"scripted\":false,\"searchable\":true,\"aggregatable\":true,\"readFromDocValues\":true},{\"name\":\"campaign_id\",\"type\":\"string\",\"count\":0,\"scripted\":false,\"searchable\":true,\"aggregatable\":true,\"readFromDocValues\":true},{\"name\":\"campaign_name\",\"type\":\"string\",\"count\":0,\"scripted\":false,\"searchable\":true,\"aggregatable\":true,\"readFromDocValues\":true},{\"name\":\"cdr_type\",\"type\":\"string\",\"count\":0,\"scripted\":false,\"searchable\":true,\"aggregatable\":true,\"readFromDocValues\":true},{\"name\":\"channel\",\"type\":\"string\",\"count\":0,\"scripted\":false,\"searchable\":true,\"aggregatable\":true,\"readFromDocValues\":true},{\"name\":\"count\",\"type\":\"number\",\"count\":0,\"scripted\":false,\"searchable\":true,\"aggregatable\":true,\"readFromDocValues\":true},{\"name\":\"index_date\",\"type\":\"string\",\"count\":0,\"scripted\":false,\"searchable\":false,\"aggregatable\":true,\"readFromDocValues\":true},{\"name\":\"offer_id\",\"type\":\"string\",\"count\":0,\"scripted\":false,\"searchable\":true,\"aggregatable\":true,\"readFromDocValues\":true},{\"name\":\"offset\",\"type\":\"number\",\"count\":0,\"scripted\":false,\"searchable\":true,\"aggregatable\":true,\"readFromDocValues\":true},{\"name\":\"path\",\"type\":\"string\",\"count\":0,\"scripted\":false,\"searchable\":false,\"aggregatable\":true,\"readFromDocValues\":true},{\"name\":\"prospector.type\",\"type\":\"string\",\"count\":0,\"scripted\":false,\"searchable\":true,\"aggregatable\":false,\"readFromDocValues\":false},{\"name\":\"prospector.type.keyword\",\"type\":\"string\",\"count\":0,\"scripted\":false,\"searchable\":true,\"aggregatable\":true,\"readFromDocValues\":true},{\"name\":\"rsp_time\",\"type\":\"number\",\"count\":0,\"scripted\":false,\"searchable\":true,\"aggregatable\":true,\"readFromDocValues\":true},{\"name\":\"segment\",\"type\":\"string\",\"count\":0,\"scripted\":false,\"searchable\":true,\"aggregatable\":true,\"readFromDocValues\":true},{\"name\":\"source\",\"type\":\"string\",\"count\":0,\"scripted\":false,\"searchable\":true,\"aggregatable\":false,\"readFromDocValues\":false},{\"name\":\"source.keyword\",\"type\":\"string\",\"count\":0,\"scripted\":false,\"searchable\":true,\"aggregatable\":true,\"readFromDocValues\":true},{\"name\":\"stats_interval_timestamp\",\"type\":\"date\",\"count\":0,\"scripted\":false,\"searchable\":true,\"aggregatable\":true,\"readFromDocValues\":true},{\"name\":\"tags\",\"type\":\"string\",\"count\":0,\"scripted\":false,\"searchable\":false,\"aggregatable\":true,\"readFromDocValues\":true},{\"name\":\"tenant_id\",\"type\":\"string\",\"count\":0,\"scripted\":false,\"searchable\":true,\"aggregatable\":true,\"readFromDocValues\":true},{\"name\":\"total_revenue\",\"type\":\"number\",\"count\":0,\"scripted\":false,\"searchable\":true,\"aggregatable\":true,\"readFromDocValues\":true},{\"name\":\"trigger\",\"type\":\"string\",\"count\":0,\"scripted\":false,\"searchable\":true,\"aggregatable\":true,\"readFromDocValues\":true},{\"name\":\"unit_price\",\"type\":\"number\",\"count\":0,\"scripted\":false,\"searchable\":true,\"aggregatable\":true,\"readFromDocValues\":true},{\"name\":\"vplmn\",\"type\":\"string\",\"count\":0,\"scripted\":false,\"searchable\":true,\"aggregatable\":true,\"readFromDocValues\":true}]",
        "timeFieldName": "stats_interval_timestamp",
        "title": "{{ tenant }}-campaign_stats"
      },
      "references": [],
      "migrationVersion": {
        "index-pattern": "6.5.0"
      }
    }
  ]
}