{
  "version": "7.3.0",
  "objects": [
    {
      "id": "{{ tenant }}-Campaign_Dashboard",
      "type": "dashboard",
      "updated_at": "2019-09-09T09:48:40.785Z",
      "version": "WzEwMDIsMTRd",
      "attributes": {
        "title": "{{ tenant }}-RTE_Campaign_Dashboard",
        "hits": 0,
        "description": "",
        "panelsJSON": "[{\"panelIndex\":\"1\",\"gridData\":{\"x\":0,\"y\":0,\"w\":10,\"h\":8,\"i\":\"1\"},\"version\":\"7.3.0\",\"panelRefName\":\"panel_0\"},{\"panelIndex\":\"2\",\"gridData\":{\"x\":10,\"y\":0,\"w\":12,\"h\":8,\"i\":\"2\"},\"version\":\"7.3.0\",\"panelRefName\":\"panel_1\"},{\"panelIndex\":\"3\",\"gridData\":{\"x\":22,\"y\":0,\"w\":13,\"h\":8,\"i\":\"3\"},\"version\":\"7.3.0\",\"panelRefName\":\"panel_2\"},{\"panelIndex\":\"4\",\"gridData\":{\"x\":35,\"y\":0,\"w\":13,\"h\":8,\"i\":\"4\"},\"version\":\"7.3.0\",\"panelRefName\":\"panel_3\"},{\"panelIndex\":\"5\",\"gridData\":{\"x\":0,\"y\":8,\"w\":22,\"h\":23,\"i\":\"5\"},\"embeddableConfig\":{\"vis\":{\"params\":{\"sort\":{\"columnIndex\":null,\"direction\":null}}}},\"version\":\"7.3.0\",\"panelRefName\":\"panel_4\"},{\"panelIndex\":\"7\",\"gridData\":{\"x\":0,\"y\":49,\"w\":22,\"h\":33,\"i\":\"7\"},\"version\":\"7.3.0\",\"panelRefName\":\"panel_5\"},{\"panelIndex\":\"9\",\"gridData\":{\"x\":22,\"y\":8,\"w\":26,\"h\":23,\"i\":\"9\"},\"version\":\"7.3.0\",\"panelRefName\":\"panel_6\"},{\"panelIndex\":\"10\",\"gridData\":{\"x\":0,\"y\":31,\"w\":48,\"h\":18,\"i\":\"10\"},\"version\":\"7.3.0\",\"panelRefName\":\"panel_7\"},{\"panelIndex\":\"11\",\"gridData\":{\"x\":22,\"y\":49,\"w\":26,\"h\":33,\"i\":\"11\"},\"version\":\"7.3.0\",\"panelRefName\":\"panel_8\"}]",
        "optionsJSON": "{\"darkTheme\":false,\"useMargins\":false}",
        "version": 1,
        "timeRestore": true,
        "timeTo": "now/d",
        "timeFrom": "now/d",
        "refreshInterval": {
          "pause": false,
          "value": 300000
        },
        "kibanaSavedObjectMeta": {
          "searchSourceJSON": "{\"filter\":[],\"highlightAll\":true,\"version\":true,\"query\":{\"query\":\"\",\"language\":\"lucene\"}}"
        }
      },
      "references": [
        {
          "name": "panel_0",
          "type": "visualization",
          "id": "{{ tenant }}-413c5690-4f54-11e7-80b4-27e721c1ffe7"
        },
        {
          "name": "panel_1",
          "type": "visualization",
          "id": "{{ tenant }}-6ac7dde0-4f54-11e7-80b4-27e721c1ffe7"
        },
        {
          "name": "panel_2",
          "type": "visualization",
          "id": "{{ tenant }}-98c05c40-4f54-11e7-80b4-27e721c1ffe7"
        },
        {
          "name": "panel_3",
          "type": "visualization",
          "id": "{{ tenant }}-c909a870-4f54-11e7-80b4-27e721c1ffe7"
        },
        {
          "name": "panel_4",
          "type": "visualization",
          "id": "{{ tenant }}-6b6cb3f0-4f55-11e7-80b4-27e721c1ffe7"
        },
        {
          "name": "panel_5",
          "type": "visualization",
          "id": "{{ tenant }}-ce54b890-4f56-11e7-9425-e96ff43d74ed"
        },
        {
          "name": "panel_6",
          "type": "visualization",
          "id": "{{ tenant }}-2c606c00-5028-11e7-8a8c-ede11936abd0"
        },
        {
          "name": "panel_7",
          "type": "visualization",
          "id": "{{ tenant }}-eda2afc0-502a-11e7-8c24-17a8926e831e"
        },
        {
          "name": "panel_8",
          "type": "visualization",
          "id": "{{ tenant }}-903da120-76ac-11e7-8ca8-f580b186bd39"
        }
      ],
      "migrationVersion": {
        "dashboard": "7.3.0"
      }
    },
    {
      "id": "{{ tenant }}-413c5690-4f54-11e7-80b4-27e721c1ffe7",
      "type": "visualization",
      "updated_at": "2019-09-09T08:56:47.563Z",
      "version": "WzkzNiwxNF0=",
      "attributes": {
        "visState": "{\"title\":\"Total Active Campaigns\",\"type\":\"metric\",\"params\":{\"handleNoResults\":true,\"fontSize\":\"20\"},\"aggs\":[{\"id\":\"1\",\"enabled\":true,\"type\":\"cardinality\",\"schema\":\"metric\",\"params\":{\"field\":\"campaign_id\",\"customLabel\":\"Total Active Campaigns\"}}],\"listeners\":{}}",
        "description": "{{ tenant }}",
        "title": "Total Active Campaigns",
        "uiStateJSON": "{}",
        "version": 1,
        "kibanaSavedObjectMeta": {
          "searchSourceJSON": "{\"query\":{\"query\":{\"query_string\":{\"query\":\"*\",\"analyze_wildcard\":true}},\"language\":\"lucene\"},\"filter\":[],\"indexRefName\":\"kibanaSavedObjectMeta.searchSourceJSON.index\"}"
        }
      },
      "references": [
        {
          "name": "kibanaSavedObjectMeta.searchSourceJSON.index",
          "type": "index-pattern",
          "id": "{{ tenant }}-fa814080-5394-11e8-9921-552b615582ae"
        }
      ],
      "migrationVersion": {
        "visualization": "7.3.0"
      }
    },
    {
      "id": "{{ tenant }}-6ac7dde0-4f54-11e7-80b4-27e721c1ffe7",
      "type": "visualization",
      "updated_at": "2019-09-09T08:56:47.563Z",
      "version": "WzkzNywxNF0=",
      "attributes": {
        "visState": "{\"title\":\"Total Offers Made\",\"type\":\"metric\",\"params\":{\"handleNoResults\":true,\"fontSize\":\"20\"},\"aggs\":[{\"id\":\"1\",\"enabled\":true,\"type\":\"sum\",\"schema\":\"metric\",\"params\":{\"field\":\"count\",\"customLabel\":\"Total Offers Made\"}}],\"listeners\":{}}",
        "description": "{{ tenant }}",
        "title": "Total Offers Made",
        "uiStateJSON": "{}",
        "version": 1,
        "kibanaSavedObjectMeta": {
          "searchSourceJSON": "{\"query\":{\"query\":{\"query_string\":{\"query\":\"cdr_type: \\\"added\\\"\",\"analyze_wildcard\":true}},\"language\":\"lucene\"},\"filter\":[],\"indexRefName\":\"kibanaSavedObjectMeta.searchSourceJSON.index\"}"
        }
      },
      "references": [
        {
          "name": "kibanaSavedObjectMeta.searchSourceJSON.index",
          "type": "index-pattern",
          "id": "{{ tenant }}-fa814080-5394-11e8-9921-552b615582ae"
        }
      ],
      "migrationVersion": {
        "visualization": "7.3.0"
      }
    },
    {
      "id": "{{ tenant }}-98c05c40-4f54-11e7-80b4-27e721c1ffe7",
      "type": "visualization",
      "updated_at": "2019-09-09T08:56:47.563Z",
      "version": "WzkzOCwxNF0=",
      "attributes": {
        "visState": "{\"title\":\"Total Offers Accepted\",\"type\":\"metric\",\"params\":{\"handleNoResults\":true,\"fontSize\":\"20\"},\"aggs\":[{\"id\":\"1\",\"enabled\":true,\"type\":\"sum\",\"schema\":\"metric\",\"params\":{\"field\":\"count\",\"customLabel\":\"Total\"}}],\"listeners\":{}}",
        "description": "{{ tenant }}",
        "title": "Total Offers Accepted",
        "uiStateJSON": "{}",
        "version": 1,
        "kibanaSavedObjectMeta": {
          "searchSourceJSON": "{\"query\":{\"query\":{\"query_string\":{\"query\":\"cdr_type: \\\"accepted\\\"\",\"analyze_wildcard\":true}},\"language\":\"lucene\"},\"filter\":[],\"indexRefName\":\"kibanaSavedObjectMeta.searchSourceJSON.index\"}"
        }
      },
      "references": [
        {
          "name": "kibanaSavedObjectMeta.searchSourceJSON.index",
          "type": "index-pattern",
          "id": "{{ tenant }}-fa814080-5394-11e8-9921-552b615582ae"
        }
      ],
      "migrationVersion": {
        "visualization": "7.3.0"
      }
    },
    {
      "id": "{{ tenant }}-c909a870-4f54-11e7-80b4-27e721c1ffe7",
      "type": "visualization",
      "updated_at": "2019-09-09T08:56:47.563Z",
      "version": "WzkzOSwxNF0=",
      "attributes": {
        "visState": "{\"title\":\"Total Estimated Revenue\",\"type\":\"metric\",\"params\":{\"handleNoResults\":true,\"fontSize\":\"20\"},\"aggs\":[{\"id\":\"1\",\"enabled\":true,\"type\":\"sum\",\"schema\":\"metric\",\"params\":{\"field\":\"total_revenue\",\"customLabel\":\"Total\"}}],\"listeners\":{}}",
        "description": "{{ tenant }}",
        "title": "Total Estimated Revenue",
        "uiStateJSON": "{}",
        "version": 1,
        "kibanaSavedObjectMeta": {
          "searchSourceJSON": "{\"query\":{\"query\":{\"query_string\":{\"query\":\"*\",\"analyze_wildcard\":true}},\"language\":\"lucene\"},\"filter\":[],\"indexRefName\":\"kibanaSavedObjectMeta.searchSourceJSON.index\"}"
        }
      },
      "references": [
        {
          "name": "kibanaSavedObjectMeta.searchSourceJSON.index",
          "type": "index-pattern",
          "id": "{{ tenant }}-fa814080-5394-11e8-9921-552b615582ae"
        }
      ],
      "migrationVersion": {
        "visualization": "7.3.0"
      }
    },
    {
      "id": "{{ tenant }}-6b6cb3f0-4f55-11e7-80b4-27e721c1ffe7",
      "type": "visualization",
      "updated_at": "2019-09-09T08:56:47.563Z",
      "version": "Wzk0MCwxNF0=",
      "attributes": {
        "visState": "{\"title\":\"Campaigns Table\",\"type\":\"table\",\"params\":{\"perPage\":10,\"showMeticsAtAllLevels\":false,\"showPartialRows\":false,\"showTotal\":false,\"sort\":{\"columnIndex\":null,\"direction\":null},\"totalFunc\":\"sum\"},\"aggs\":[{\"id\":\"1\",\"enabled\":true,\"type\":\"sum\",\"schema\":\"metric\",\"params\":{\"field\":\"total_revenue\",\"customLabel\":\"Estimated Revenue\"}},{\"id\":\"2\",\"enabled\":true,\"type\":\"terms\",\"schema\":\"bucket\",\"params\":{\"field\":\"campaign_name\",\"size\":200,\"order\":\"desc\",\"orderBy\":\"1\",\"customLabel\":\"Campaigns\"}}],\"listeners\":{}}",
        "description": "{{ tenant }}",
        "title": "Campaigns Table",
        "uiStateJSON": "{\"vis\":{\"params\":{\"sort\":{\"columnIndex\":null,\"direction\":null}}}}",
        "version": 1,
        "kibanaSavedObjectMeta": {
          "searchSourceJSON": "{\"query\":{\"query\":{\"query_string\":{\"analyze_wildcard\":true,\"query\":\"cdr_type:\\\"accepted\\\"\"}},\"language\":\"lucene\"},\"filter\":[],\"indexRefName\":\"kibanaSavedObjectMeta.searchSourceJSON.index\"}"
        }
      },
      "references": [
        {
          "name": "kibanaSavedObjectMeta.searchSourceJSON.index",
          "type": "index-pattern",
          "id": "{{ tenant }}-fa814080-5394-11e8-9921-552b615582ae"
        }
      ],
      "migrationVersion": {
        "visualization": "7.3.0"
      }
    },
    {
      "id": "{{ tenant }}-ce54b890-4f56-11e7-9425-e96ff43d74ed",
      "type": "visualization",
      "updated_at": "2019-09-09T08:56:47.563Z",
      "version": "Wzk0MSwxNF0=",
      "attributes": {
        "visState": "{\"title\":\"Response Time Percentiles\",\"type\":\"line\",\"params\":{\"addLegend\":true,\"addTimeMarker\":true,\"addTooltip\":true,\"categoryAxes\":[{\"id\":\"CategoryAxis-1\",\"labels\":{\"show\":true,\"truncate\":100},\"position\":\"bottom\",\"scale\":{\"type\":\"linear\"},\"show\":true,\"style\":{},\"title\":{\"text\":\"Time\"},\"type\":\"category\"}],\"defaultYExtents\":false,\"drawLinesBetweenPoints\":true,\"grid\":{\"categoryLines\":true,\"style\":{\"color\":\"#eee\"},\"valueAxis\":\"ValueAxis-1\"},\"interpolate\":\"linear\",\"legendPosition\":\"right\",\"radiusRatio\":9,\"scale\":\"linear\",\"seriesParams\":[{\"data\":{\"id\":\"1\",\"label\":\"Response Time\"},\"drawLinesBetweenPoints\":true,\"interpolate\":\"cardinal\",\"lineWidth\":2,\"mode\":\"normal\",\"show\":true,\"showCircles\":true,\"type\":\"line\",\"valueAxis\":\"ValueAxis-1\"},{\"data\":{\"id\":\"2\",\"label\":\"Average Response Time\"},\"drawLinesBetweenPoints\":true,\"interpolate\":\"linear\",\"lineWidth\":2,\"mode\":\"normal\",\"show\":true,\"showCircles\":true,\"type\":\"line\",\"valueAxis\":\"ValueAxis-1\"}],\"setYExtents\":false,\"showCircles\":true,\"times\":[],\"valueAxes\":[{\"id\":\"ValueAxis-1\",\"labels\":{\"filter\":false,\"rotate\":0,\"show\":true,\"truncate\":100},\"name\":\"LeftAxis-1\",\"position\":\"left\",\"scale\":{\"mode\":\"normal\",\"type\":\"linear\"},\"show\":true,\"style\":{},\"title\":{\"text\":\"\"},\"type\":\"value\"}]},\"aggs\":[{\"id\":\"1\",\"enabled\":true,\"type\":\"percentiles\",\"schema\":\"metric\",\"params\":{\"field\":\"rsp_time\",\"percents\":[99],\"customLabel\":\"Response Time\"}},{\"id\":\"2\",\"enabled\":true,\"type\":\"avg\",\"schema\":\"metric\",\"params\":{\"field\":\"rsp_time\",\"customLabel\":\"Average Response Time\"}},{\"id\":\"3\",\"enabled\":true,\"type\":\"date_histogram\",\"schema\":\"segment\",\"params\":{\"field\":\"stats_interval_timestamp\",\"interval\":\"auto\",\"min_doc_count\":1,\"extended_bounds\":{},\"customLabel\":\"Time\"}}],\"listeners\":{}}",
        "description": "{{ tenant }}",
        "title": "Response Time Percentiles",
        "uiStateJSON": "{}",
        "version": 1,
        "kibanaSavedObjectMeta": {
          "searchSourceJSON": "{\"query\":{\"query\":{\"query_string\":{\"query\":\"cdr_type: \\\"accepted\\\"\",\"analyze_wildcard\":true}},\"language\":\"lucene\"},\"filter\":[],\"indexRefName\":\"kibanaSavedObjectMeta.searchSourceJSON.index\"}"
        }
      },
      "references": [
        {
          "name": "kibanaSavedObjectMeta.searchSourceJSON.index",
          "type": "index-pattern",
          "id": "{{ tenant }}-fa814080-5394-11e8-9921-552b615582ae"
        }
      ],
      "migrationVersion": {
        "visualization": "7.3.0"
      }
    },
    {
      "id": "{{ tenant }}-2c606c00-5028-11e7-8a8c-ede11936abd0",
      "type": "visualization",
      "updated_at": "2019-09-09T08:56:47.563Z",
      "version": "Wzk0MiwxNF0=",
      "attributes": {
        "visState": "{\"type\":\"timelion\",\"title\":\"Percentage Uptake\",\"params\":{\"expression\":\".es(index='{{ tenant }}-campaign_stats', q='cdr_type:accepted', metric='sum:count',kibana=true,timefield='stats_interval_timestamp').divide(.es(index='{{ tenant }}-campaign_stats', q='cdr_type:added', metric='sum:count',kibana=true,timefield='stats_interval_timestamp')).multiply(100).color(#f0f).label('Percentage Uptake').yaxis(label='Percentage Uptake').lines(fill=1,width=0.5)\",\"interval\":\"1h\"}}",
        "description": "{{ tenant }}",
        "title": "Percentage Uptake",
        "uiStateJSON": "{}",
        "version": 1,
        "kibanaSavedObjectMeta": {
          "searchSourceJSON": "{}"
        }
      },
      "references": [],
      "migrationVersion": {
        "visualization": "7.3.0"
      }
    },
    {
      "id": "{{ tenant }}-eda2afc0-502a-11e7-8c24-17a8926e831e",
      "type": "visualization",
      "updated_at": "2019-09-09T08:56:47.563Z",
      "version": "Wzk0MywxNF0=",
      "attributes": {
        "visState": "{\"title\":\"Campaigns Estimated Revenue\",\"type\":\"timelion\",\"params\":{\"expression\":\".es(index='{{ tenant }}-campaign_stats', q='cdr_type:accepted', metric='sum:total_revenue',kibana=true,timefield='stats_interval_timestamp').color(#00ff00).label('Estimated Revenue').yaxis(label='Estimated Revenue'), .es(index='{{ tenant }}-campaign_stats', q='cdr_type:accepted', metric='sum:total_revenue',kibana=true,timefield='stats_interval_timestamp').divide(.es(index='{{ tenant }}-campaign_stats', q='cdr_type:added', metric='cardinality:campaign_name',kibana=true,timefield='stats_interval_timestamp')).color(#0000ff).label('Estimated Average Revenue Per Campaign').yaxis(label='Estimated Revenue')\",\"interval\":\"1h\"},\"aggs\":[],\"listeners\":{}}",
        "description": "{{ tenant }}",
        "title": "Campaigns Estimated Revenue",
        "uiStateJSON": "{}",
        "version": 1,
        "kibanaSavedObjectMeta": {
          "searchSourceJSON": "{\"query\":{\"query\":{\"query_string\":{\"query\":\"*\"}},\"language\":\"lucene\"},\"filter\":[]}"
        }
      },
      "references": [],
      "migrationVersion": {
        "visualization": "7.3.0"
      }
    },
    {
      "id": "{{ tenant }}-903da120-76ac-11e7-8ca8-f580b186bd39",
      "type": "visualization",
      "updated_at": "2019-09-09T08:56:47.563Z",
      "version": "Wzk0NCwxNF0=",
      "attributes": {
        "visState": "{\"title\":\"Campaign Dashboard Hints\",\"type\":\"markdown\",\"params\":{\"markdown\":\"### Filters\\n* Filter per _Campaign_ by highlighting a row in the _Campaigns Table_ table and clicking the magnifying glass.\\n* Click browser back button to revert.\\n\\n### Time\\n* Zoom in on the results at a particular time by clicking and dragging across the grid in the _Campaigns Estimated Revenue_ line chart.\\n* Select a different time boundary for the dashboard by clicking on time widget in top-right corner.\\n* Click browser back button to revert.\\n\\n### Questions\\n* What are the values for important metrics associated with _Campaigns_?\\n* What is the estimated revenue over the time boundary of the dashboard?\\n* What is the average estimated revenue per  _Campaign_   over the time boundary of the dashboard?\\n* What is the uptake across all _Campaigns_ or for a particular _Campaign_?\\n* How long before the average subscriber accepts an offer? Are most subscribers accepting offers in the airport or are some subscribers not accepting the offer until days later?\"},\"aggs\":[],\"listeners\":{}}",
        "description": "{{ tenant }}",
        "title": "Campaign Dashboard Hints",
        "uiStateJSON": "{}",
        "version": 1,
        "kibanaSavedObjectMeta": {
          "searchSourceJSON": "{\"query\":{\"query\":{\"query_string\":{\"query\":\"*\"}},\"language\":\"lucene\"},\"filter\":[]}"
        }
      },
      "references": [],
      "migrationVersion": {
        "visualization": "7.3.0"
      }
    },
    {
      "id": "{{ tenant }}-fa814080-5394-11e8-9921-552b615582ae",
      "type": "index-pattern",
      "updated_at": "2019-09-09T08:56:47.563Z",
      "version": "Wzk0NSwxNF0=",
      "attributes": {
        "fields": "[{\"name\":\"@timestamp\",\"type\":\"date\",\"count\":0,\"scripted\":false,\"searchable\":true,\"aggregatable\":true,\"readFromDocValues\":true},{\"name\":\"_id\",\"type\":\"string\",\"count\":0,\"scripted\":false,\"searchable\":true,\"aggregatable\":true,\"readFromDocValues\":false},{\"name\":\"_index\",\"type\":\"string\",\"count\":0,\"scripted\":false,\"searchable\":true,\"aggregatable\":true,\"readFromDocValues\":false},{\"name\":\"_score\",\"type\":\"number\",\"count\":0,\"scripted\":false,\"searchable\":false,\"aggregatable\":false,\"readFromDocValues\":false},{\"name\":\"_source\",\"type\":\"_source\",\"count\":0,\"scripted\":false,\"searchable\":false,\"aggregatable\":false,\"readFromDocValues\":false},{\"name\":\"_type\",\"type\":\"string\",\"count\":0,\"scripted\":false,\"searchable\":true,\"aggregatable\":true,\"readFromDocValues\":false},{\"name\":\"beat.hostname\",\"type\":\"string\",\"count\":0,\"scripted\":false,\"searchable\":true,\"aggregatable\":false,\"readFromDocValues\":false},{\"name\":\"beat.hostname.keyword\",\"type\":\"string\",\"count\":0,\"scripted\":false,\"searchable\":true,\"aggregatable\":true,\"readFromDocValues\":true},{\"name\":\"beat.name\",\"type\":\"string\",\"count\":0,\"scripted\":false,\"searchable\":true,\"aggregatable\":false,\"readFromDocValues\":false},{\"name\":\"beat.name.keyword\",\"type\":\"string\",\"count\":0,\"scripted\":false,\"searchable\":true,\"aggregatable\":true,\"readFromDocValues\":true},{\"name\":\"beat.version\",\"type\":\"string\",\"count\":0,\"scripted\":false,\"searchable\":true,\"aggregatable\":false,\"readFromDocValues\":false},{\"name\":\"beat.version.keyword\",\"type\":\"string\",\"count\":0,\"scripted\":false,\"searchable\":true,\"aggregatable\":true,\"readFromDocValues\":true},{\"name\":\"campaign_id\",\"type\":\"string\",\"count\":0,\"scripted\":false,\"searchable\":true,\"aggregatable\":true,\"readFromDocValues\":true},{\"name\":\"campaign_name\",\"type\":\"string\",\"count\":0,\"scripted\":false,\"searchable\":true,\"aggregatable\":true,\"readFromDocValues\":true},{\"name\":\"cdr_type\",\"type\":\"string\",\"count\":0,\"scripted\":false,\"searchable\":true,\"aggregatable\":true,\"readFromDocValues\":true},{\"name\":\"channel\",\"type\":\"string\",\"count\":0,\"scripted\":false,\"searchable\":true,\"aggregatable\":true,\"readFromDocValues\":true},{\"name\":\"count\",\"type\":\"number\",\"count\":0,\"scripted\":false,\"searchable\":true,\"aggregatable\":true,\"readFromDocValues\":true},{\"name\":\"index_date\",\"type\":\"string\",\"count\":0,\"scripted\":false,\"searchable\":false,\"aggregatable\":true,\"readFromDocValues\":true},{\"name\":\"offer_id\",\"type\":\"string\",\"count\":0,\"scripted\":false,\"searchable\":true,\"aggregatable\":true,\"readFromDocValues\":true},{\"name\":\"offset\",\"type\":\"number\",\"count\":0,\"scripted\":false,\"searchable\":true,\"aggregatable\":true,\"readFromDocValues\":true},{\"name\":\"path\",\"type\":\"string\",\"count\":0,\"scripted\":false,\"searchable\":false,\"aggregatable\":true,\"readFromDocValues\":true},{\"name\":\"prospector.type\",\"type\":\"string\",\"count\":0,\"scripted\":false,\"searchable\":true,\"aggregatable\":false,\"readFromDocValues\":false},{\"name\":\"prospector.type.keyword\",\"type\":\"string\",\"count\":0,\"scripted\":false,\"searchable\":true,\"aggregatable\":true,\"readFromDocValues\":true},{\"name\":\"rsp_time\",\"type\":\"number\",\"count\":0,\"scripted\":false,\"searchable\":true,\"aggregatable\":true,\"readFromDocValues\":true},{\"name\":\"segment\",\"type\":\"string\",\"count\":0,\"scripted\":false,\"searchable\":true,\"aggregatable\":true,\"readFromDocValues\":true},{\"name\":\"source\",\"type\":\"string\",\"count\":0,\"scripted\":false,\"searchable\":true,\"aggregatable\":false,\"readFromDocValues\":false},{\"name\":\"source.keyword\",\"type\":\"string\",\"count\":0,\"scripted\":false,\"searchable\":true,\"aggregatable\":true,\"readFromDocValues\":true},{\"name\":\"stats_interval_timestamp\",\"type\":\"date\",\"count\":0,\"scripted\":false,\"searchable\":true,\"aggregatable\":true,\"readFromDocValues\":true},{\"name\":\"tags\",\"type\":\"string\",\"count\":0,\"scripted\":false,\"searchable\":false,\"aggregatable\":true,\"readFromDocValues\":true},{\"name\":\"tenant_id\",\"type\":\"string\",\"count\":0,\"scripted\":false,\"searchable\":true,\"aggregatable\":true,\"readFromDocValues\":true},{\"name\":\"total_revenue\",\"type\":\"number\",\"count\":0,\"scripted\":false,\"searchable\":true,\"aggregatable\":true,\"readFromDocValues\":true},{\"name\":\"trigger\",\"type\":\"string\",\"count\":0,\"scripted\":false,\"searchable\":true,\"aggregatable\":true,\"readFromDocValues\":true},{\"name\":\"unit_price\",\"type\":\"number\",\"count\":0,\"scripted\":false,\"searchable\":true,\"aggregatable\":true,\"readFromDocValues\":true},{\"name\":\"vplmn\",\"type\":\"string\",\"count\":0,\"scripted\":false,\"searchable\":true,\"aggregatable\":true,\"readFromDocValues\":true}]",
        "timeFieldName": "stats_interval_timestamp",
        "title": "{{ tenant }}-campaign_stats"
      },
      "references": [],
      "migrationVersion": {
        "index-pattern": "6.5.0"
      }
    }
  ]
}