{
  "version": "7.3.0",
  "objects": [
    {
      "id": "{{ tenant }}-Segment_Dashboard",
      "type": "dashboard",
      "updated_at": "2019-09-09T10:09:54.813Z",
      "version": "WzEwMDcsMTRd",
      "attributes": {
        "title": "{{ tenant }}-RTE_Segment_Dashboard",
        "hits": 0,
        "description": "",
        "panelsJSON": "[{\"panelIndex\":\"1\",\"gridData\":{\"x\":0,\"y\":0,\"w\":23,\"h\":19,\"i\":\"1\"},\"embeddableConfig\":{\"vis\":{\"params\":{\"sort\":{\"columnIndex\":null,\"direction\":null}}}},\"version\":\"7.3.0\",\"panelRefName\":\"panel_0\"},{\"panelIndex\":\"3\",\"gridData\":{\"x\":0,\"y\":36,\"w\":24,\"h\":24,\"i\":\"3\"},\"version\":\"7.3.0\",\"panelRefName\":\"panel_1\"},{\"panelIndex\":\"5\",\"gridData\":{\"x\":23,\"y\":0,\"w\":25,\"h\":19,\"i\":\"5\"},\"version\":\"7.3.0\",\"panelRefName\":\"panel_2\"},{\"panelIndex\":\"6\",\"gridData\":{\"x\":0,\"y\":19,\"w\":48,\"h\":17,\"i\":\"6\"},\"version\":\"7.3.0\",\"panelRefName\":\"panel_3\"},{\"panelIndex\":\"7\",\"gridData\":{\"x\":24,\"y\":36,\"w\":24,\"h\":24,\"i\":\"7\"},\"version\":\"7.3.0\",\"panelRefName\":\"panel_4\"}]",
        "optionsJSON": "{\"darkTheme\":false,\"useMargins\":false}",
        "version": 1,
        "timeRestore": true,
        "timeTo": "now/d",
        "timeFrom": "now/d",
        "refreshInterval": {
          "pause": false,
          "value": 300000
        },
        "kibanaSavedObjectMeta": {
          "searchSourceJSON": "{\"filter\":[],\"highlightAll\":true,\"version\":true,\"query\":{\"query\":{\"query_string\":{\"analyze_wildcard\":true,\"query\":\"*\",\"default_field\":\"*\",\"time_zone\":\"Europe/Dublin\"}},\"language\":\"lucene\"}}"
        }
      },
      "references": [
        {
          "name": "panel_0",
          "type": "visualization",
          "id": "{{ tenant }}-ff51b690-5015-11e7-9740-73b7ab828de9"
        },
        {
          "name": "panel_1",
          "type": "visualization",
          "id": "{{ tenant }}-8a214bf0-5016-11e7-9740-73b7ab828de9"
        },
        {
          "name": "panel_2",
          "type": "visualization",
          "id": "{{ tenant }}-2c606c00-5028-11e7-8a8c-ede11936abd0"
        },
        {
          "name": "panel_3",
          "type": "visualization",
          "id": "{{ tenant }}-15c56d60-502d-11e7-ae4a-dfede1bdf540"
        },
        {
          "name": "panel_4",
          "type": "visualization",
          "id": "{{ tenant }}-72197750-76b1-11e7-8ca8-f580b186bd39"
        }
      ],
      "migrationVersion": {
        "dashboard": "7.3.0"
      }
    },
    {
      "id": "{{ tenant }}-ff51b690-5015-11e7-9740-73b7ab828de9",
      "type": "visualization",
      "updated_at": "2019-09-09T08:56:53.068Z",
      "version": "Wzk3OCwxNF0=",
      "attributes": {
        "visState": "{\"title\":\"Segments Table\",\"type\":\"table\",\"params\":{\"perPage\":10,\"showPartialRows\":false,\"showMeticsAtAllLevels\":false,\"sort\":{\"columnIndex\":null,\"direction\":null},\"showTotal\":false,\"totalFunc\":\"sum\"},\"aggs\":[{\"id\":\"1\",\"enabled\":true,\"type\":\"sum\",\"schema\":\"metric\",\"params\":{\"field\":\"total_revenue\",\"customLabel\":\"Estimated Revenue\"}},{\"id\":\"2\",\"enabled\":true,\"type\":\"terms\",\"schema\":\"bucket\",\"params\":{\"field\":\"segment\",\"size\":200,\"order\":\"desc\",\"orderBy\":\"1\",\"customLabel\":\"Segments\"}}],\"listeners\":{}}",
        "description": "{{ tenant }}",
        "title": "Segments Table",
        "uiStateJSON": "{\"vis\":{\"params\":{\"sort\":{\"columnIndex\":null,\"direction\":null}}}}",
        "version": 1,
        "kibanaSavedObjectMeta": {
          "searchSourceJSON": "{\"query\":{\"query\":{\"query_string\":{\"query\":\"cdr_type:\\\"accepted\\\"\",\"analyze_wildcard\":true}},\"language\":\"lucene\"},\"filter\":[],\"indexRefName\":\"kibanaSavedObjectMeta.searchSourceJSON.index\"}"
        }
      },
      "references": [
        {
          "name": "kibanaSavedObjectMeta.searchSourceJSON.index",
          "type": "index-pattern",
          "id": "{{ tenant }}-fa814080-5394-11e8-9921-552b615582ae"
        }
      ],
      "migrationVersion": {
        "visualization": "7.3.0"
      }
    },
    {
      "id": "{{ tenant }}-8a214bf0-5016-11e7-9740-73b7ab828de9",
      "type": "visualization",
      "updated_at": "2019-09-09T08:56:53.068Z",
      "version": "Wzk3OSwxNF0=",
      "attributes": {
        "visState": "{\"title\":\"Top Segments with their Top Campaigns and Offers\",\"type\":\"pie\",\"params\":{\"addTooltip\":true,\"addLegend\":true,\"legendPosition\":\"right\",\"isDonut\":false},\"aggs\":[{\"id\":\"1\",\"enabled\":true,\"type\":\"sum\",\"schema\":\"metric\",\"params\":{\"field\":\"total_revenue\",\"customLabel\":\"Revenue\"}},{\"id\":\"2\",\"enabled\":true,\"type\":\"terms\",\"schema\":\"segment\",\"params\":{\"field\":\"segment\",\"size\":5,\"order\":\"desc\",\"orderBy\":\"1\",\"customLabel\":\"Segment\"}},{\"id\":\"3\",\"enabled\":true,\"type\":\"terms\",\"schema\":\"segment\",\"params\":{\"field\":\"campaign_name\",\"size\":5,\"order\":\"desc\",\"orderBy\":\"1\",\"customLabel\":\"Campaign\"}},{\"id\":\"4\",\"enabled\":true,\"type\":\"terms\",\"schema\":\"segment\",\"params\":{\"field\":\"offer_id\",\"size\":5,\"order\":\"desc\",\"orderBy\":\"1\",\"customLabel\":\"Offer\"}}],\"listeners\":{}}",
        "description": "{{ tenant }}",
        "title": "Top Segments with their Top Campaigns and Offers",
        "uiStateJSON": "{}",
        "version": 1,
        "kibanaSavedObjectMeta": {
          "searchSourceJSON": "{\"query\":{\"query\":{\"query_string\":{\"query\":\"*\",\"analyze_wildcard\":true}},\"language\":\"lucene\"},\"filter\":[],\"indexRefName\":\"kibanaSavedObjectMeta.searchSourceJSON.index\"}"
        }
      },
      "references": [
        {
          "name": "kibanaSavedObjectMeta.searchSourceJSON.index",
          "type": "index-pattern",
          "id": "{{ tenant }}-fa814080-5394-11e8-9921-552b615582ae"
        }
      ],
      "migrationVersion": {
        "visualization": "7.3.0"
      }
    },
    {
      "id": "{{ tenant }}-2c606c00-5028-11e7-8a8c-ede11936abd0",
      "type": "visualization",
      "updated_at": "2019-09-09T08:56:47.563Z",
      "version": "Wzk0MiwxNF0=",
      "attributes": {
        "visState": "{\"type\":\"timelion\",\"title\":\"Percentage Uptake\",\"params\":{\"expression\":\".es(index='{{ tenant }}-campaign_stats', q='cdr_type:accepted', metric='sum:count',kibana=true,timefield='stats_interval_timestamp').divide(.es(index='{{ tenant }}-campaign_stats', q='cdr_type:added', metric='sum:count',kibana=true,timefield='stats_interval_timestamp')).multiply(100).color(#f0f).label('Percentage Uptake').yaxis(label='Percentage Uptake').lines(fill=1,width=0.5)\",\"interval\":\"1h\"}}",
        "description": "{{ tenant }}",
        "title": "Percentage Uptake",
        "uiStateJSON": "{}",
        "version": 1,
        "kibanaSavedObjectMeta": {
          "searchSourceJSON": "{}"
        }
      },
      "references": [],
      "migrationVersion": {
        "visualization": "7.3.0"
      }
    },
    {
      "id": "{{ tenant }}-15c56d60-502d-11e7-ae4a-dfede1bdf540",
      "type": "visualization",
      "updated_at": "2019-09-09T08:56:53.068Z",
      "version": "Wzk4MCwxNF0=",
      "attributes": {
        "visState": "{\"title\":\"Segments Estimated Revenue\",\"type\":\"timelion\",\"params\":{\"expression\":\".es(index='{{ tenant }}-campaign_stats', q='cdr_type:accepted', metric='sum:total_revenue',kibana=true,timefield='stats_interval_timestamp').color(#00ff00).label('Estimated Revenue').yaxis(label='Estimated Revenue'), .es(index='{{ tenant }}-campaign_stats', q='cdr_type:accepted', metric='sum:total_revenue',kibana=false,timefield='stats_interval_timestamp').divide(.es(index='{{ tenant }}-campaign_stats', q='cdr_type:added', metric='cardinality:segment',kibana=false,timefield='stats_interval_timestamp')).color(#0000ff).label('Average Estimated Revenue Per Segment').yaxis(label='Estimated Revenue')\",\"interval\":\"1h\"},\"aggs\":[],\"listeners\":{}}",
        "description": "{{ tenant }}",
        "title": "Segments Estimated Revenue",
        "uiStateJSON": "{}",
        "version": 1,
        "kibanaSavedObjectMeta": {
          "searchSourceJSON": "{\"query\":{\"query\":{\"query_string\":{\"query\":\"*\"}},\"language\":\"lucene\"},\"filter\":[]}"
        }
      },
      "references": [],
      "migrationVersion": {
        "visualization": "7.3.0"
      }
    },
    {
      "id": "{{ tenant }}-72197750-76b1-11e7-8ca8-f580b186bd39",
      "type": "visualization",
      "updated_at": "2019-09-09T08:56:53.068Z",
      "version": "Wzk4MSwxNF0=",
      "attributes": {
        "visState": "{\"title\":\"Segment Dashboard Hints\",\"type\":\"markdown\",\"params\":{\"markdown\":\"### Filters\\n* Filter per _Segment_ by highlighting a row in the _Segments Table_ table and clicking the magnifying glass.\\n* From the pie chart click an _Offer_ to get the uptake for that _Segment_ on that _Offer_ in a particular _Campaign_.\\n* Click browser back button to revert.\\n\\n### Time\\n* Zoom in on the results at a particular time by clicking and dragging across the grid in the _Segments Estimated Revenue_ line chart.\\n* Select a different time boundary for the dashboard by clicking on time widget in top-right corner.\\n* Click browser back button to revert.\\n\\n### Questions\\n* What is the estimated revenue associated with that _Segment_?\\n* What is the estimated revenue across  _Segments_   over the time boundary of the dashboard?\\n* What is the average estimated revenue per  _Segment_   over the time boundary of the dashboard?\\n* What is the estimated revenue for a particular _Segment_ or in a particular _Campaign_?\\n* What is the uptake for a particular _Segment_ for a particular _Offer_ in a particular _Campaign_?\"},\"aggs\":[],\"listeners\":{}}",
        "description": "{{ tenant }}",
        "title": "Segment Dashboard Hints",
        "uiStateJSON": "{}",
        "version": 1,
        "kibanaSavedObjectMeta": {
          "searchSourceJSON": "{\"query\":{\"query\":{\"query_string\":{\"query\":\"*\"}},\"language\":\"lucene\"},\"filter\":[]}"
        }
      },
      "references": [],
      "migrationVersion": {
        "visualization": "7.3.0"
      }
    },
    {
      "id": "{{ tenant }}-fa814080-5394-11e8-9921-552b615582ae",
      "type": "index-pattern",
      "updated_at": "2019-09-09T08:56:47.563Z",
      "version": "Wzk0NSwxNF0=",
      "attributes": {
        "fields": "[{\"name\":\"@timestamp\",\"type\":\"date\",\"count\":0,\"scripted\":false,\"searchable\":true,\"aggregatable\":true,\"readFromDocValues\":true},{\"name\":\"_id\",\"type\":\"string\",\"count\":0,\"scripted\":false,\"searchable\":true,\"aggregatable\":true,\"readFromDocValues\":false},{\"name\":\"_index\",\"type\":\"string\",\"count\":0,\"scripted\":false,\"searchable\":true,\"aggregatable\":true,\"readFromDocValues\":false},{\"name\":\"_score\",\"type\":\"number\",\"count\":0,\"scripted\":false,\"searchable\":false,\"aggregatable\":false,\"readFromDocValues\":false},{\"name\":\"_source\",\"type\":\"_source\",\"count\":0,\"scripted\":false,\"searchable\":false,\"aggregatable\":false,\"readFromDocValues\":false},{\"name\":\"_type\",\"type\":\"string\",\"count\":0,\"scripted\":false,\"searchable\":true,\"aggregatable\":true,\"readFromDocValues\":false},{\"name\":\"beat.hostname\",\"type\":\"string\",\"count\":0,\"scripted\":false,\"searchable\":true,\"aggregatable\":false,\"readFromDocValues\":false},{\"name\":\"beat.hostname.keyword\",\"type\":\"string\",\"count\":0,\"scripted\":false,\"searchable\":true,\"aggregatable\":true,\"readFromDocValues\":true},{\"name\":\"beat.name\",\"type\":\"string\",\"count\":0,\"scripted\":false,\"searchable\":true,\"aggregatable\":false,\"readFromDocValues\":false},{\"name\":\"beat.name.keyword\",\"type\":\"string\",\"count\":0,\"scripted\":false,\"searchable\":true,\"aggregatable\":true,\"readFromDocValues\":true},{\"name\":\"beat.version\",\"type\":\"string\",\"count\":0,\"scripted\":false,\"searchable\":true,\"aggregatable\":false,\"readFromDocValues\":false},{\"name\":\"beat.version.keyword\",\"type\":\"string\",\"count\":0,\"scripted\":false,\"searchable\":true,\"aggregatable\":true,\"readFromDocValues\":true},{\"name\":\"campaign_id\",\"type\":\"string\",\"count\":0,\"scripted\":false,\"searchable\":true,\"aggregatable\":true,\"readFromDocValues\":true},{\"name\":\"campaign_name\",\"type\":\"string\",\"count\":0,\"scripted\":false,\"searchable\":true,\"aggregatable\":true,\"readFromDocValues\":true},{\"name\":\"cdr_type\",\"type\":\"string\",\"count\":0,\"scripted\":false,\"searchable\":true,\"aggregatable\":true,\"readFromDocValues\":true},{\"name\":\"channel\",\"type\":\"string\",\"count\":0,\"scripted\":false,\"searchable\":true,\"aggregatable\":true,\"readFromDocValues\":true},{\"name\":\"count\",\"type\":\"number\",\"count\":0,\"scripted\":false,\"searchable\":true,\"aggregatable\":true,\"readFromDocValues\":true},{\"name\":\"index_date\",\"type\":\"string\",\"count\":0,\"scripted\":false,\"searchable\":false,\"aggregatable\":true,\"readFromDocValues\":true},{\"name\":\"offer_id\",\"type\":\"string\",\"count\":0,\"scripted\":false,\"searchable\":true,\"aggregatable\":true,\"readFromDocValues\":true},{\"name\":\"offset\",\"type\":\"number\",\"count\":0,\"scripted\":false,\"searchable\":true,\"aggregatable\":true,\"readFromDocValues\":true},{\"name\":\"path\",\"type\":\"string\",\"count\":0,\"scripted\":false,\"searchable\":false,\"aggregatable\":true,\"readFromDocValues\":true},{\"name\":\"prospector.type\",\"type\":\"string\",\"count\":0,\"scripted\":false,\"searchable\":true,\"aggregatable\":false,\"readFromDocValues\":false},{\"name\":\"prospector.type.keyword\",\"type\":\"string\",\"count\":0,\"scripted\":false,\"searchable\":true,\"aggregatable\":true,\"readFromDocValues\":true},{\"name\":\"rsp_time\",\"type\":\"number\",\"count\":0,\"scripted\":false,\"searchable\":true,\"aggregatable\":true,\"readFromDocValues\":true},{\"name\":\"segment\",\"type\":\"string\",\"count\":0,\"scripted\":false,\"searchable\":true,\"aggregatable\":true,\"readFromDocValues\":true},{\"name\":\"source\",\"type\":\"string\",\"count\":0,\"scripted\":false,\"searchable\":true,\"aggregatable\":false,\"readFromDocValues\":false},{\"name\":\"source.keyword\",\"type\":\"string\",\"count\":0,\"scripted\":false,\"searchable\":true,\"aggregatable\":true,\"readFromDocValues\":true},{\"name\":\"stats_interval_timestamp\",\"type\":\"date\",\"count\":0,\"scripted\":false,\"searchable\":true,\"aggregatable\":true,\"readFromDocValues\":true},{\"name\":\"tags\",\"type\":\"string\",\"count\":0,\"scripted\":false,\"searchable\":false,\"aggregatable\":true,\"readFromDocValues\":true},{\"name\":\"tenant_id\",\"type\":\"string\",\"count\":0,\"scripted\":false,\"searchable\":true,\"aggregatable\":true,\"readFromDocValues\":true},{\"name\":\"total_revenue\",\"type\":\"number\",\"count\":0,\"scripted\":false,\"searchable\":true,\"aggregatable\":true,\"readFromDocValues\":true},{\"name\":\"trigger\",\"type\":\"string\",\"count\":0,\"scripted\":false,\"searchable\":true,\"aggregatable\":true,\"readFromDocValues\":true},{\"name\":\"unit_price\",\"type\":\"number\",\"count\":0,\"scripted\":false,\"searchable\":true,\"aggregatable\":true,\"readFromDocValues\":true},{\"name\":\"vplmn\",\"type\":\"string\",\"count\":0,\"scripted\":false,\"searchable\":true,\"aggregatable\":true,\"readFromDocValues\":true}]",
        "timeFieldName": "stats_interval_timestamp",
        "title": "{{ tenant }}-campaign_stats"
      },
      "references": [],
      "migrationVersion": {
        "index-pattern": "6.5.0"
      }
    }
  ]
}