{
  "version": "7.3.0",
  "objects": [
    {
      "id": "master-Trigger_Dashboard",
      "type": "dashboard",
      "updated_at": "2019-09-13T12:05:27.372Z",
      "version": "WzIzNTMsMTRd",
      "attributes": {
        "title": "master-RTE_Trigger_Dashboard",
        "hits": 0,
        "description": "",
        "panelsJSON": "[{\"panelIndex\":\"1\",\"gridData\":{\"x\":22,\"y\":29,\"w\":26,\"h\":14,\"i\":\"1\"},\"version\":\"7.3.0\",\"panelRefName\":\"panel_0\"},{\"panelIndex\":\"2\",\"gridData\":{\"x\":0,\"y\":0,\"w\":22,\"h\":14,\"i\":\"2\"},\"embeddableConfig\":{\"vis\":{\"params\":{\"sort\":{\"columnIndex\":null,\"direction\":null}}}},\"version\":\"7.3.0\",\"panelRefName\":\"panel_1\"},{\"panelIndex\":\"3\",\"gridData\":{\"x\":22,\"y\":0,\"w\":26,\"h\":14,\"i\":\"3\"},\"version\":\"7.3.0\",\"panelRefName\":\"panel_2\"},{\"panelIndex\":\"4\",\"gridData\":{\"x\":0,\"y\":29,\"w\":22,\"h\":14,\"i\":\"4\"},\"version\":\"7.3.0\",\"panelRefName\":\"panel_3\"},{\"panelIndex\":\"5\",\"gridData\":{\"x\":0,\"y\":14,\"w\":48,\"h\":15,\"i\":\"5\"},\"version\":\"7.3.0\",\"panelRefName\":\"panel_4\"}]",
        "optionsJSON": "{\"darkTheme\":false,\"useMargins\":false}",
        "version": 1,
        "timeRestore": true,
        "timeTo": "now/d",
        "timeFrom": "now/d",
        "refreshInterval": {
          "pause": false,
          "value": 300000
        },
        "kibanaSavedObjectMeta": {
          "searchSourceJSON": "{\"filter\":[],\"highlightAll\":true,\"version\":true,\"query\":{\"query\":{\"query_string\":{\"analyze_wildcard\":true,\"query\":\"*\",\"default_field\":\"*\",\"time_zone\":\"Europe/Dublin\"}},\"language\":\"lucene\"}}"
        }
      },
      "references": [
        {
          "name": "panel_0",
          "type": "visualization",
          "id": "master-abd98350-76b0-11e7-8ca8-f580b186bd39"
        },
        {
          "name": "panel_1",
          "type": "visualization",
          "id": "master-4657b2b0-9869-11e7-9d5c-739893cee90b"
        },
        {
          "name": "panel_2",
          "type": "visualization",
          "id": "master-2c606c00-5028-11e7-8a8c-ede11936abd0"
        },
        {
          "name": "panel_3",
          "type": "visualization",
          "id": "master-f327a860-9869-11e7-9d5c-739893cee90b"
        },
        {
          "name": "panel_4",
          "type": "visualization",
          "id": "master-9a2d11d0-9875-11e7-b1b0-adac2dc8399f"
        }
      ],
      "migrationVersion": {
        "dashboard": "7.3.0"
      }
    },
    {
      "id": "master-abd98350-76b0-11e7-8ca8-f580b186bd39",
      "type": "visualization",
      "updated_at": "2019-09-03T09:59:10.719Z",
      "version": "WzU2NSwxXQ==",
      "attributes": {
        "visState": "{\"title\":\"Trigger Dashboard Hints\",\"type\":\"markdown\",\"params\":{\"markdown\":\"### Filters\\n* Filter per _Trigger_ by highlighting a row in the _Triggers Table_ table and clicking the magnifying glass.\\n* From the pie chart click on an _Offer_ to get the uptake for that _Trigger_ on the _Offer_ in that _Campaign_.\\n* Click browser back button to revert.\\n\\n### Time\\n* Zoom in on the results at a particular time by clicking and dragging across the grid in the _Trigger Estimated Revenue_ line chart.\\n* Select a different time boundary for the dashboard by clicking on time widget in top-right corner.\\n* Click browser back button to revert.\\n\\n### Questions\\n* What is the total revenue associated with that _Trigger_?\\n* What is the estimated revenue per  _Trigger_   over the time boundary of the dashboard?\\n* What is the average estimated revenue per  _Trigger_   over the time boundary of the dashboard?\\n* What is the estimated revenue for a particular _Trigger_ or on a particular _Campaign_?\\n* What is the uptake for a particular _Trigger_ for a particular _Offer_ in a particular _Campaign_?\"},\"aggs\":[],\"listeners\":{}}",
        "description": "",
        "title": "Trigger Dashboard Hints",
        "uiStateJSON": "{}",
        "version": 1,
        "kibanaSavedObjectMeta": {
          "searchSourceJSON": "{\"query\":{\"query\":{\"query_string\":{\"query\":\"*\"}},\"language\":\"lucene\"},\"filter\":[]}"
        }
      },
      "references": [],
      "migrationVersion": {
        "visualization": "7.3.0"
      }
    },
    {
      "id": "master-4657b2b0-9869-11e7-9d5c-739893cee90b",
      "type": "visualization",
      "updated_at": "2019-09-03T09:59:10.719Z",
      "version": "WzU2NiwxXQ==",
      "attributes": {
        "visState": "{\"title\":\"Triggers Table\",\"type\":\"table\",\"params\":{\"perPage\":10,\"showPartialRows\":false,\"showMeticsAtAllLevels\":false,\"sort\":{\"columnIndex\":null,\"direction\":null},\"showTotal\":false,\"totalFunc\":\"sum\"},\"aggs\":[{\"id\":\"1\",\"enabled\":true,\"type\":\"sum\",\"schema\":\"metric\",\"params\":{\"field\":\"total_revenue\",\"customLabel\":\"Estimated Revenue\"}},{\"id\":\"2\",\"enabled\":true,\"type\":\"terms\",\"schema\":\"bucket\",\"params\":{\"field\":\"trigger\",\"size\":20,\"order\":\"desc\",\"orderBy\":\"1\",\"customLabel\":\"Triggers\"}}],\"listeners\":{}}",
        "description": "",
        "title": "Triggers Table",
        "uiStateJSON": "{\n  \"vis\": {\n    \"params\": {\n      \"sort\": {\n        \"columnIndex\": null,\n        \"direction\": null\n      }\n    }\n  }\n}",
        "version": 1,
        "kibanaSavedObjectMeta": {
          "searchSourceJSON": "{\"query\":{\"query\":{\"query_string\":{\"query\":\"cdr_type:\\\"accepted\\\"\",\"analyze_wildcard\":true}},\"language\":\"lucene\"},\"filter\":[],\"indexRefName\":\"kibanaSavedObjectMeta.searchSourceJSON.index\"}"
        }
      },
      "references": [
        {
          "name": "kibanaSavedObjectMeta.searchSourceJSON.index",
          "type": "index-pattern",
          "id": "master-d95212e0-5394-11e8-9921-552b615582ae"
        }
      ],
      "migrationVersion": {
        "visualization": "7.3.0"
      }
    },
    {
      "id": "master-2c606c00-5028-11e7-8a8c-ede11936abd0",
      "type": "visualization",
      "updated_at": "2019-09-03T09:58:56.559Z",
      "version": "WzUwMCwxXQ==",
      "attributes": {
        "visState": "{\"type\":\"timelion\",\"title\":\"Percentage Uptake\",\"params\":{\"expression\":\".es(index='master-campaign_stats', q='cdr_type:accepted', metric='sum:count',kibana=true,timefield='stats_interval_timestamp').divide(.es(index='master-campaign_stats', q='cdr_type:added', metric='sum:count',kibana=true,timefield='stats_interval_timestamp')).multiply(100).color(#f0f).label('Percentage Uptake').yaxis(label='Percentage Uptake').lines(fill=1,width=0.5)\",\"interval\":\"1h\"}}",
        "description": "",
        "title": "Percentage Uptake",
        "uiStateJSON": "{}",
        "version": 1,
        "kibanaSavedObjectMeta": {
          "searchSourceJSON": "{}"
        }
      },
      "references": [],
      "migrationVersion": {
        "visualization": "7.3.0"
      }
    },
    {
      "id": "master-f327a860-9869-11e7-9d5c-739893cee90b",
      "type": "visualization",
      "updated_at": "2019-09-03T09:59:10.719Z",
      "version": "WzU2NywxXQ==",
      "attributes": {
        "visState": "{\"title\":\"Top Triggers with the Top Campaigns and Offers\",\"type\":\"pie\",\"params\":{\"addTooltip\":true,\"addLegend\":true,\"legendPosition\":\"right\",\"isDonut\":false},\"aggs\":[{\"id\":\"1\",\"enabled\":true,\"type\":\"sum\",\"schema\":\"metric\",\"params\":{\"field\":\"total_revenue\",\"customLabel\":\"Revenue\"}},{\"id\":\"2\",\"enabled\":true,\"type\":\"terms\",\"schema\":\"segment\",\"params\":{\"field\":\"trigger\",\"size\":5,\"order\":\"desc\",\"orderBy\":\"1\",\"customLabel\":\"Trigger\"}},{\"id\":\"3\",\"enabled\":true,\"type\":\"terms\",\"schema\":\"segment\",\"params\":{\"field\":\"campaign_name\",\"size\":5,\"order\":\"desc\",\"orderBy\":\"1\",\"customLabel\":\"Campaigns\"}},{\"id\":\"4\",\"enabled\":true,\"type\":\"terms\",\"schema\":\"segment\",\"params\":{\"field\":\"offer_id\",\"size\":5,\"order\":\"desc\",\"orderBy\":\"1\",\"customLabel\":\"Offers\"}}],\"listeners\":{}}",
        "description": "",
        "title": "Top Triggers with the Top Campaigns and Offers",
        "uiStateJSON": "{}",
        "version": 1,
        "kibanaSavedObjectMeta": {
          "searchSourceJSON": "{\"query\":{\"query\":{\"query_string\":{\"query\":\"*\",\"analyze_wildcard\":true}},\"language\":\"lucene\"},\"filter\":[],\"indexRefName\":\"kibanaSavedObjectMeta.searchSourceJSON.index\"}"
        }
      },
      "references": [
        {
          "name": "kibanaSavedObjectMeta.searchSourceJSON.index",
          "type": "index-pattern",
          "id": "master-d95212e0-5394-11e8-9921-552b615582ae"
        }
      ],
      "migrationVersion": {
        "visualization": "7.3.0"
      }
    },
    {
      "id": "master-9a2d11d0-9875-11e7-b1b0-adac2dc8399f",
      "type": "visualization",
      "updated_at": "2019-09-03T09:59:10.719Z",
      "version": "WzU2OCwxXQ==",
      "attributes": {
        "visState": "{\"type\":\"timelion\",\"title\":\"Triggers Estimate Revenue\",\"params\":{\"expression\":\".es(index='master-campaign_stats', q='cdr_type:accepted', metric='sum:total_revenue',kibana=true,timefield='stats_interval_timestamp').color(#00ff00).label('Revenue').yaxis(label='Revenue'), .es(index='master-campaign_stats', q='cdr_type:accepted', metric='sum:total_revenue',kibana=false,timefield='stats_interval_timestamp').divide(.es(index='master-campaign_stats', q='cdr_type:added', metric='cardinality:trigger',kibana=false,timefield='stats_interval_timestamp')).color(#0000ff).label('Average Revenue Per Trigger').yaxis(label='Revenue')\",\"interval\":\"1h\"}}",
        "description": "",
        "title": "Triggers Estimate Revenue",
        "uiStateJSON": "{}",
        "version": 1,
        "kibanaSavedObjectMeta": {
          "searchSourceJSON": "{}"
        }
      },
      "references": [],
      "migrationVersion": {
        "visualization": "7.3.0"
      }
    },
    {
      "id": "master-d95212e0-5394-11e8-9921-552b615582ae",
      "type": "index-pattern",
      "updated_at": "2019-09-02T16:15:00.839Z",
      "version": "WzEyLDFd",
      "attributes": {
        "fields": "[{\"name\":\"@timestamp\",\"type\":\"date\",\"count\":0,\"scripted\":false,\"searchable\":true,\"aggregatable\":true,\"readFromDocValues\":true},{\"name\":\"_id\",\"type\":\"string\",\"count\":0,\"scripted\":false,\"searchable\":true,\"aggregatable\":true,\"readFromDocValues\":false},{\"name\":\"_index\",\"type\":\"string\",\"count\":0,\"scripted\":false,\"searchable\":true,\"aggregatable\":true,\"readFromDocValues\":false},{\"name\":\"_score\",\"type\":\"number\",\"count\":0,\"scripted\":false,\"searchable\":false,\"aggregatable\":false,\"readFromDocValues\":false},{\"name\":\"_source\",\"type\":\"_source\",\"count\":0,\"scripted\":false,\"searchable\":false,\"aggregatable\":false,\"readFromDocValues\":false},{\"name\":\"_type\",\"type\":\"string\",\"count\":0,\"scripted\":false,\"searchable\":true,\"aggregatable\":true,\"readFromDocValues\":false},{\"name\":\"beat.hostname\",\"type\":\"string\",\"count\":0,\"scripted\":false,\"searchable\":true,\"aggregatable\":false,\"readFromDocValues\":false},{\"name\":\"beat.hostname.keyword\",\"type\":\"string\",\"count\":0,\"scripted\":false,\"searchable\":true,\"aggregatable\":true,\"readFromDocValues\":true},{\"name\":\"beat.name\",\"type\":\"string\",\"count\":0,\"scripted\":false,\"searchable\":true,\"aggregatable\":false,\"readFromDocValues\":false},{\"name\":\"beat.name.keyword\",\"type\":\"string\",\"count\":0,\"scripted\":false,\"searchable\":true,\"aggregatable\":true,\"readFromDocValues\":true},{\"name\":\"beat.version\",\"type\":\"string\",\"count\":0,\"scripted\":false,\"searchable\":true,\"aggregatable\":false,\"readFromDocValues\":false},{\"name\":\"beat.version.keyword\",\"type\":\"string\",\"count\":0,\"scripted\":false,\"searchable\":true,\"aggregatable\":true,\"readFromDocValues\":true},{\"name\":\"campaign_id\",\"type\":\"string\",\"count\":0,\"scripted\":false,\"searchable\":true,\"aggregatable\":true,\"readFromDocValues\":true},{\"name\":\"campaign_name\",\"type\":\"string\",\"count\":0,\"scripted\":false,\"searchable\":true,\"aggregatable\":true,\"readFromDocValues\":true},{\"name\":\"cdr_type\",\"type\":\"string\",\"count\":0,\"scripted\":false,\"searchable\":true,\"aggregatable\":true,\"readFromDocValues\":true},{\"name\":\"channel\",\"type\":\"string\",\"count\":0,\"scripted\":false,\"searchable\":true,\"aggregatable\":true,\"readFromDocValues\":true},{\"name\":\"count\",\"type\":\"number\",\"count\":0,\"scripted\":false,\"searchable\":true,\"aggregatable\":true,\"readFromDocValues\":true},{\"name\":\"index_date\",\"type\":\"string\",\"count\":0,\"scripted\":false,\"searchable\":false,\"aggregatable\":true,\"readFromDocValues\":true},{\"name\":\"offer_id\",\"type\":\"string\",\"count\":0,\"scripted\":false,\"searchable\":true,\"aggregatable\":true,\"readFromDocValues\":true},{\"name\":\"offset\",\"type\":\"number\",\"count\":0,\"scripted\":false,\"searchable\":true,\"aggregatable\":true,\"readFromDocValues\":true},{\"name\":\"path\",\"type\":\"string\",\"count\":0,\"scripted\":false,\"searchable\":false,\"aggregatable\":true,\"readFromDocValues\":true},{\"name\":\"prospector.type\",\"type\":\"string\",\"count\":0,\"scripted\":false,\"searchable\":true,\"aggregatable\":false,\"readFromDocValues\":false},{\"name\":\"prospector.type.keyword\",\"type\":\"string\",\"count\":0,\"scripted\":false,\"searchable\":true,\"aggregatable\":true,\"readFromDocValues\":true},{\"name\":\"rsp_time\",\"type\":\"number\",\"count\":0,\"scripted\":false,\"searchable\":true,\"aggregatable\":true,\"readFromDocValues\":true},{\"name\":\"segment\",\"type\":\"string\",\"count\":0,\"scripted\":false,\"searchable\":true,\"aggregatable\":true,\"readFromDocValues\":true},{\"name\":\"source\",\"type\":\"string\",\"count\":0,\"scripted\":false,\"searchable\":true,\"aggregatable\":false,\"readFromDocValues\":false},{\"name\":\"source.keyword\",\"type\":\"string\",\"count\":0,\"scripted\":false,\"searchable\":true,\"aggregatable\":true,\"readFromDocValues\":true},{\"name\":\"stats_interval_timestamp\",\"type\":\"date\",\"count\":0,\"scripted\":false,\"searchable\":true,\"aggregatable\":true,\"readFromDocValues\":true},{\"name\":\"tags\",\"type\":\"string\",\"count\":0,\"scripted\":false,\"searchable\":false,\"aggregatable\":true,\"readFromDocValues\":true},{\"name\":\"tenant_id\",\"type\":\"string\",\"count\":0,\"scripted\":false,\"searchable\":true,\"aggregatable\":true,\"readFromDocValues\":true},{\"name\":\"total_revenue\",\"type\":\"number\",\"count\":0,\"scripted\":false,\"searchable\":true,\"aggregatable\":true,\"readFromDocValues\":true},{\"name\":\"trigger\",\"type\":\"string\",\"count\":0,\"scripted\":false,\"searchable\":true,\"aggregatable\":true,\"readFromDocValues\":true},{\"name\":\"unit_price\",\"type\":\"number\",\"count\":0,\"scripted\":false,\"searchable\":true,\"aggregatable\":true,\"readFromDocValues\":true},{\"name\":\"vplmn\",\"type\":\"string\",\"count\":0,\"scripted\":false,\"searchable\":true,\"aggregatable\":true,\"readFromDocValues\":true}]",
        "timeFieldName": "stats_interval_timestamp",
        "title": "master-campaign_stats"
      },
      "references": [],
      "migrationVersion": {
        "index-pattern": "6.5.0"
      }
    }
  ]
}