{
  "version": "7.3.0",
  "objects": [
    {
      "id": "master-Licences_Dashboard",
      "type": "dashboard",
      "updated_at": "2019-09-13T12:03:45.430Z",
      "version": "WzIzNTIsMTRd",
      "attributes": {
        "title": "master-Licences_Dashboard",
        "hits": 0,
        "description": "",
        "panelsJSON": "[{\"gridData\":{\"x\":0,\"y\":0,\"w\":48,\"h\":15,\"i\":\"1\"},\"panelIndex\":\"1\",\"version\":\"7.3.0\",\"panelRefName\":\"panel_0\"},{\"gridData\":{\"x\":0,\"y\":15,\"w\":48,\"h\":16,\"i\":\"2\"},\"panelIndex\":\"2\",\"version\":\"7.3.0\",\"panelRefName\":\"panel_1\"}]",
        "optionsJSON": "{\"darkTheme\":false,\"useMargins\":false}",
        "version": 1,
        "timeRestore": true,
        "timeTo": "now/M",
        "timeFrom": "now/M",
        "refreshInterval": {
          "pause": false,
          "value": 300000
        },
        "kibanaSavedObjectMeta": {
          "searchSourceJSON": "{\"filter\":[],\"highlightAll\":true,\"version\":true,\"query\":{\"language\":\"lucene\",\"query\":{\"query_string\":{\"analyze_wildcard\":true,\"query\":\"*\",\"default_field\":\"*\",\"time_zone\":\"Europe/Dublin\"}}}}"
        }
      },
      "references": [
        {
          "name": "panel_0",
          "type": "visualization",
          "id": "master-c50d0290-93b4-11e7-9c61-89d32fff4f7d"
        },
        {
          "name": "panel_1",
          "type": "visualization",
          "id": "master-502e64a0-93b9-11e7-a539-d18b09689195"
        }
      ],
      "migrationVersion": {
        "dashboard": "7.3.0"
      }
    },
    {
      "id": "master-c50d0290-93b4-11e7-9c61-89d32fff4f7d",
      "type": "visualization",
      "updated_at": "2019-09-03T09:58:59.678Z",
      "version": "WzUxMywxXQ==",
      "attributes": {
        "visState": "{\"aggs\":[{\"enabled\":true,\"id\":\"1\",\"params\":{\"customLabel\":\"Licences Used\",\"field\":\"licences_used\"},\"schema\":\"metric\",\"type\":\"max\"},{\"enabled\":true,\"id\":\"2\",\"params\":{\"customLabel\":\"Time\",\"extended_bounds\":{},\"field\":\"cdr_timestamp\",\"interval\":\"auto\",\"min_doc_count\":1},\"schema\":\"segment\",\"type\":\"date_histogram\"}],\"listeners\":{},\"params\":{\"addLegend\":true,\"addTimeMarker\":false,\"addTooltip\":true,\"categoryAxes\":[{\"id\":\"CategoryAxis-1\",\"labels\":{\"show\":true,\"truncate\":100},\"position\":\"bottom\",\"scale\":{\"type\":\"linear\"},\"show\":true,\"style\":{},\"title\":{\"text\":\"Time\"},\"type\":\"category\"}],\"defaultYExtents\":false,\"drawLinesBetweenPoints\":true,\"grid\":{\"categoryLines\":false,\"style\":{\"color\":\"#eee\"}},\"interpolate\":\"linear\",\"legendPosition\":\"right\",\"radiusRatio\":9,\"scale\":\"linear\",\"seriesParams\":[{\"data\":{\"id\":\"1\",\"label\":\"Licences Used\"},\"drawLinesBetweenPoints\":true,\"interpolate\":\"linear\",\"lineWidth\":2,\"mode\":\"normal\",\"show\":true,\"showCircles\":true,\"type\":\"line\",\"valueAxis\":\"ValueAxis-1\"}],\"setYExtents\":false,\"showCircles\":true,\"times\":[],\"valueAxes\":[{\"id\":\"ValueAxis-1\",\"labels\":{\"filter\":false,\"rotate\":0,\"show\":true,\"truncate\":100},\"name\":\"LeftAxis-1\",\"position\":\"left\",\"scale\":{\"mode\":\"normal\",\"type\":\"linear\"},\"show\":true,\"style\":{},\"title\":{\"text\":\"Licences Used\"},\"type\":\"value\"}]},\"title\":\"Licences Used Over Time\",\"type\":\"line\"}",
        "description": "",
        "title": "Licences Used Over Time",
        "uiStateJSON": "{}",
        "version": 1,
        "kibanaSavedObjectMeta": {
          "searchSourceJSON": "{\"query\":{\"query\":{\"query_string\":{\"query\":\"*\",\"analyze_wildcard\":true}},\"language\":\"lucene\"},\"filter\":[],\"indexRefName\":\"kibanaSavedObjectMeta.searchSourceJSON.index\"}"
        }
      },
      "references": [
        {
          "name": "kibanaSavedObjectMeta.searchSourceJSON.index",
          "type": "index-pattern",
          "id": "master-28a995b0-4fa9-11e8-8f3d-cdc0ac51783d"
        }
      ],
      "migrationVersion": {
        "visualization": "7.3.0"
      }
    },
    {
      "id": "master-502e64a0-93b9-11e7-a539-d18b09689195",
      "type": "visualization",
      "updated_at": "2019-09-03T09:58:59.678Z",
      "version": "WzUxNCwxXQ==",
      "attributes": {
        "visState": "{\"title\":\"Licences Trend\",\"type\":\"timelion\",\"params\":{\"expression\":\".es(index='master-licence', metric='max:licences_used', kibana=true, timefield='cdr_timestamp').color(#f66).label('Licences Used').title('Licences Trend'), .es(index='master-licence', metric='max:licences_used', offset=-1M, kibana=true, timefield='cdr_timestamp').color(#0000ff).label('Licences Used Last Month'), .static(500000, label='Active Subscribers Threshold').color(#cc1a6f), .es(index='master-licence', metric='max:licences_used', kibana=true, timefield='cdr_timestamp').subtract(.es(index='master-licence', metric='max:licences_used', offset=-1M, kibana=true, timefield='cdr_timestamp')).label(\\\"Difference\\\").lines(steps=1,fill=2,width=0)\",\"interval\":\"auto\"},\"aggs\":[],\"listeners\":{}}",
        "description": "",
        "title": "Licences Trend",
        "uiStateJSON": "{}",
        "version": 1,
        "kibanaSavedObjectMeta": {
          "searchSourceJSON": "{\"query\":{\"query\":{\"query_string\":{\"query\":\"*\"}},\"language\":\"lucene\"},\"filter\":[]}"
        }
      },
      "references": [],
      "migrationVersion": {
        "visualization": "7.3.0"
      }
    },
    {
      "id": "master-28a995b0-4fa9-11e8-8f3d-cdc0ac51783d",
      "type": "index-pattern",
      "updated_at": "2019-09-02T16:15:04.491Z",
      "version": "WzI2LDFd",
      "attributes": {
        "fields": "[{\"name\":\"_id\",\"type\":\"string\",\"count\":0,\"scripted\":false,\"searchable\":true,\"aggregatable\":true,\"readFromDocValues\":false},{\"name\":\"_index\",\"type\":\"string\",\"count\":0,\"scripted\":false,\"searchable\":true,\"aggregatable\":true,\"readFromDocValues\":false},{\"name\":\"_score\",\"type\":\"number\",\"count\":0,\"scripted\":false,\"searchable\":false,\"aggregatable\":false,\"readFromDocValues\":false},{\"name\":\"_source\",\"type\":\"_source\",\"count\":0,\"scripted\":false,\"searchable\":false,\"aggregatable\":false,\"readFromDocValues\":false},{\"name\":\"_type\",\"type\":\"string\",\"count\":0,\"scripted\":false,\"searchable\":true,\"aggregatable\":true,\"readFromDocValues\":false},{\"name\":\"cdr_timestamp\",\"type\":\"date\",\"count\":0,\"scripted\":false,\"searchable\":true,\"aggregatable\":true,\"readFromDocValues\":true},{\"name\":\"licences_used\",\"type\":\"number\",\"count\":2,\"scripted\":false,\"searchable\":true,\"aggregatable\":true,\"readFromDocValues\":true}]",
        "timeFieldName": "cdr_timestamp",
        "title": "master-licence"
      },
      "references": [],
      "migrationVersion": {
        "index-pattern": "6.5.0"
      }
    }
  ]
}