{
  "version": "7.3.0",
  "objects": [
    {
      "id": "master-Notifications_Dashboard",
      "type": "dashboard",
      "updated_at": "2019-09-13T11:55:55.189Z",
      "version": "WzIzNTAsMTRd",
      "attributes": {
        "title": "master-NH_Notifications_Dashboard",
        "hits": 0,
        "description": "",
        "panelsJSON": "[{\"gridData\":{\"x\":0,\"y\":0,\"w\":24,\"h\":8,\"i\":\"1\"},\"panelIndex\":\"1\",\"version\":\"7.3.0\",\"panelRefName\":\"panel_0\"},{\"gridData\":{\"x\":24,\"y\":0,\"w\":24,\"h\":8,\"i\":\"2\"},\"panelIndex\":\"2\",\"version\":\"7.3.0\",\"panelRefName\":\"panel_1\"},{\"gridData\":{\"x\":0,\"y\":8,\"w\":24,\"h\":14,\"i\":\"3\"},\"panelIndex\":\"3\",\"version\":\"7.3.0\",\"panelRefName\":\"panel_2\"},{\"gridData\":{\"x\":24,\"y\":8,\"w\":24,\"h\":14,\"i\":\"4\"},\"panelIndex\":\"4\",\"version\":\"7.3.0\",\"panelRefName\":\"panel_3\"},{\"gridData\":{\"x\":0,\"y\":22,\"w\":24,\"h\":16,\"i\":\"5\"},\"panelIndex\":\"5\",\"version\":\"7.3.0\",\"panelRefName\":\"panel_4\"},{\"gridData\":{\"x\":24,\"y\":22,\"w\":24,\"h\":16,\"i\":\"6\"},\"panelIndex\":\"6\",\"version\":\"7.3.0\",\"panelRefName\":\"panel_5\"}]",
        "optionsJSON": "{\"darkTheme\":false,\"useMargins\":false}",
        "version": 1,
        "timeRestore": true,
        "timeTo": "now/d",
        "timeFrom": "now/d",
        "refreshInterval": {
          "pause": false,
          "value": 300000
        },
        "kibanaSavedObjectMeta": {
          "searchSourceJSON": "{\"filter\":[],\"highlightAll\":true,\"version\":true,\"query\":{\"language\":\"lucene\",\"query\":{\"query_string\":{\"analyze_wildcard\":true,\"query\":\"*\",\"default_field\":\"*\",\"time_zone\":\"Europe/Dublin\"}}}}"
        }
      },
      "references": [
        {
          "name": "panel_0",
          "type": "visualization",
          "id": "master-c3be0520-9ebc-11e7-abd7-1fd349b12a25"
        },
        {
          "name": "panel_1",
          "type": "visualization",
          "id": "master-a4070db0-9ebe-11e7-abd7-1fd349b12a25"
        },
        {
          "name": "panel_2",
          "type": "visualization",
          "id": "master-13044ac0-9ebf-11e7-abd7-1fd349b12a25"
        },
        {
          "name": "panel_3",
          "type": "visualization",
          "id": "master-cce6ebb0-9ebe-11e7-abd7-1fd349b12a25"
        },
        {
          "name": "panel_4",
          "type": "visualization",
          "id": "master-c28bd470-9ec1-11e7-abd7-1fd349b12a25"
        },
        {
          "name": "panel_5",
          "type": "visualization",
          "id": "master-72097a70-9ec1-11e7-abd7-1fd349b12a25"
        }
      ],
      "migrationVersion": {
        "dashboard": "7.3.0"
      }
    },
    {
      "id": "master-c3be0520-9ebc-11e7-abd7-1fd349b12a25",
      "type": "visualization",
      "updated_at": "2019-09-03T09:59:00.560Z",
      "version": "WzUxNiwxXQ==",
      "attributes": {
        "visState": "{\"title\":\"Successful Notifications\",\"type\":\"metric\",\"params\":{\"handleNoResults\":true,\"fontSize\":60},\"aggs\":[{\"id\":\"1\",\"enabled\":true,\"type\":\"count\",\"schema\":\"metric\",\"params\":{\"customLabel\":\"Successful Notifications\"}}],\"listeners\":{}}",
        "description": "",
        "title": "Successful Notifications",
        "uiStateJSON": "{}",
        "version": 1,
        "kibanaSavedObjectMeta": {
          "searchSourceJSON": "{\"query\":{\"query\":{\"query_string\":{\"query\":\"local_err_code:\\\"  0\\\" && mapped_nw_err_code:\\\"  0\\\"\",\"analyze_wildcard\":true}},\"language\":\"lucene\"},\"filter\":[],\"indexRefName\":\"kibanaSavedObjectMeta.searchSourceJSON.index\"}"
        }
      },
      "references": [
        {
          "name": "kibanaSavedObjectMeta.searchSourceJSON.index",
          "type": "index-pattern",
          "id": "master-8c0ab740-4ec0-11e8-bd91-9d0016b69bee"
        }
      ],
      "migrationVersion": {
        "visualization": "7.3.0"
      }
    },
    {
      "id": "master-a4070db0-9ebe-11e7-abd7-1fd349b12a25",
      "type": "visualization",
      "updated_at": "2019-09-03T09:59:00.560Z",
      "version": "WzUxNywxXQ==",
      "attributes": {
        "visState": "{\"title\":\"Failed Notifications\",\"type\":\"metric\",\"params\":{\"handleNoResults\":true,\"fontSize\":60,\"addTooltip\":true,\"addLegend\":false,\"type\":\"metric\",\"metric\":{\"percentageMode\":false,\"useRanges\":false,\"colorSchema\":\"Green to Red\",\"metricColorMode\":\"None\",\"colorsRange\":[{\"from\":0,\"to\":10000}],\"labels\":{\"show\":true},\"invertColors\":false,\"style\":{\"bgFill\":\"#000\",\"bgColor\":false,\"labelColor\":false,\"subText\":\"\",\"fontSize\":60}}},\"aggs\":[{\"id\":\"1\",\"enabled\":true,\"type\":\"count\",\"schema\":\"metric\",\"params\":{\"customLabel\":\"Failed Notification\"}}]}",
        "description": "",
        "title": "Failed Notifications",
        "uiStateJSON": "{}",
        "version": 1,
        "kibanaSavedObjectMeta": {
          "searchSourceJSON": "{\"query\":{\"query\":\"(NOT mapped_nw_err_code:\\\"  0\\\") || (NOT local_err_code:\\\"  0\\\")\",\"language\":\"lucene\"},\"filter\":[],\"indexRefName\":\"kibanaSavedObjectMeta.searchSourceJSON.index\"}"
        }
      },
      "references": [
        {
          "name": "kibanaSavedObjectMeta.searchSourceJSON.index",
          "type": "index-pattern",
          "id": "master-8c0ab740-4ec0-11e8-bd91-9d0016b69bee"
        }
      ],
      "migrationVersion": {
        "visualization": "7.3.0"
      }
    },
    {
      "id": "master-13044ac0-9ebf-11e7-abd7-1fd349b12a25",
      "type": "visualization",
      "updated_at": "2019-09-03T09:59:00.560Z",
      "version": "WzUxOCwxXQ==",
      "attributes": {
        "visState": "{\"title\":\"Successful Notifications Over Time\",\"type\":\"line\",\"params\":{\"grid\":{\"categoryLines\":false,\"style\":{\"color\":\"#eee\"}},\"categoryAxes\":[{\"id\":\"CategoryAxis-1\",\"type\":\"category\",\"position\":\"bottom\",\"show\":true,\"style\":{},\"scale\":{\"type\":\"linear\"},\"labels\":{\"show\":true,\"truncate\":100},\"title\":{\"text\":\"Time\"}}],\"valueAxes\":[{\"id\":\"ValueAxis-1\",\"name\":\"LeftAxis-1\",\"type\":\"value\",\"position\":\"left\",\"show\":true,\"style\":{},\"scale\":{\"type\":\"linear\",\"mode\":\"normal\"},\"labels\":{\"show\":true,\"rotate\":0,\"filter\":false,\"truncate\":100},\"title\":{\"text\":\"Successful Notifications\"}}],\"seriesParams\":[{\"show\":true,\"mode\":\"normal\",\"type\":\"line\",\"drawLinesBetweenPoints\":true,\"showCircles\":true,\"interpolate\":\"linear\",\"lineWidth\":2,\"data\":{\"id\":\"1\",\"label\":\"Successful Notifications\"},\"valueAxis\":\"ValueAxis-1\"}],\"addTooltip\":true,\"addLegend\":true,\"legendPosition\":\"right\",\"showCircles\":true,\"interpolate\":\"linear\",\"scale\":\"linear\",\"drawLinesBetweenPoints\":true,\"radiusRatio\":9,\"times\":[],\"addTimeMarker\":false,\"defaultYExtents\":false,\"setYExtents\":false},\"aggs\":[{\"id\":\"1\",\"enabled\":true,\"type\":\"count\",\"schema\":\"metric\",\"params\":{\"customLabel\":\"Successful Notifications\"}},{\"id\":\"2\",\"enabled\":true,\"type\":\"date_histogram\",\"schema\":\"segment\",\"params\":{\"field\":\"cdr_timestamp\",\"interval\":\"auto\",\"min_doc_count\":1,\"extended_bounds\":{},\"customLabel\":\"Time\"}}],\"listeners\":{}}",
        "description": "",
        "title": "Successful Notifications Over Time",
        "uiStateJSON": "{}",
        "version": 1,
        "kibanaSavedObjectMeta": {
          "searchSourceJSON": "{\"query\":{\"query\":{\"query_string\":{\"query\":\"mapped_nw_err_code:\\\"  0\\\" && local_err_code:\\\"  0\\\"\",\"analyze_wildcard\":true}},\"language\":\"lucene\"},\"filter\":[],\"indexRefName\":\"kibanaSavedObjectMeta.searchSourceJSON.index\"}"
        }
      },
      "references": [
        {
          "name": "kibanaSavedObjectMeta.searchSourceJSON.index",
          "type": "index-pattern",
          "id": "master-8c0ab740-4ec0-11e8-bd91-9d0016b69bee"
        }
      ],
      "migrationVersion": {
        "visualization": "7.3.0"
      }
    },
    {
      "id": "master-cce6ebb0-9ebe-11e7-abd7-1fd349b12a25",
      "type": "visualization",
      "updated_at": "2019-09-03T09:59:00.560Z",
      "version": "WzUxOSwxXQ==",
      "attributes": {
        "visState": "{\"title\":\"Notification Failures Over Time\",\"type\":\"line\",\"params\":{\"addLegend\":true,\"addTimeMarker\":false,\"addTooltip\":true,\"categoryAxes\":[{\"id\":\"CategoryAxis-1\",\"labels\":{\"show\":true,\"truncate\":100},\"position\":\"bottom\",\"scale\":{\"type\":\"linear\"},\"show\":true,\"style\":{},\"title\":{\"text\":\"Time\"},\"type\":\"category\"}],\"defaultYExtents\":false,\"drawLinesBetweenPoints\":true,\"grid\":{\"categoryLines\":false,\"style\":{\"color\":\"#eee\"}},\"interpolate\":\"linear\",\"legendPosition\":\"right\",\"radiusRatio\":9,\"scale\":\"linear\",\"seriesParams\":[{\"data\":{\"id\":\"1\",\"label\":\"Notification Failures\"},\"drawLinesBetweenPoints\":true,\"interpolate\":\"linear\",\"lineWidth\":2,\"mode\":\"normal\",\"show\":true,\"showCircles\":true,\"type\":\"line\",\"valueAxis\":\"ValueAxis-1\"}],\"setYExtents\":false,\"showCircles\":true,\"times\":[],\"valueAxes\":[{\"id\":\"ValueAxis-1\",\"labels\":{\"filter\":false,\"rotate\":0,\"show\":true,\"truncate\":100},\"name\":\"LeftAxis-1\",\"position\":\"left\",\"scale\":{\"mode\":\"normal\",\"type\":\"linear\"},\"show\":true,\"style\":{},\"title\":{\"text\":\"Notification Failures\"},\"type\":\"value\"}],\"type\":\"line\"},\"aggs\":[{\"id\":\"1\",\"enabled\":true,\"type\":\"count\",\"schema\":\"metric\",\"params\":{\"customLabel\":\"Notification Failures\"}},{\"id\":\"2\",\"enabled\":true,\"type\":\"date_histogram\",\"schema\":\"segment\",\"params\":{\"field\":\"cdr_timestamp\",\"interval\":\"auto\",\"min_doc_count\":1,\"extended_bounds\":{},\"customLabel\":\"Time\"}}]}",
        "description": "",
        "title": "Notification Failures Over Time",
        "uiStateJSON": "{}",
        "version": 1,
        "kibanaSavedObjectMeta": {
          "searchSourceJSON": "{\"query\":{\"query\":\"(NOT mapped_nw_err_code:\\\"  0\\\") || (NOT local_err_code:\\\"  0\\\")\",\"language\":\"lucene\"},\"filter\":[],\"indexRefName\":\"kibanaSavedObjectMeta.searchSourceJSON.index\"}"
        }
      },
      "references": [
        {
          "name": "kibanaSavedObjectMeta.searchSourceJSON.index",
          "type": "index-pattern",
          "id": "master-8c0ab740-4ec0-11e8-bd91-9d0016b69bee"
        }
      ],
      "migrationVersion": {
        "visualization": "7.3.0"
      }
    },
    {
      "id": "master-c28bd470-9ec1-11e7-abd7-1fd349b12a25",
      "type": "visualization",
      "updated_at": "2019-09-03T09:59:00.560Z",
      "version": "WzUyMCwxXQ==",
      "attributes": {
        "visState": "{\"title\":\"Notification Success Versus Failure\",\"type\":\"pie\",\"params\":{\"addTooltip\":true,\"addLegend\":true,\"legendPosition\":\"right\",\"isDonut\":false,\"type\":\"pie\",\"labels\":{\"show\":false,\"values\":true,\"last_level\":true,\"truncate\":100}},\"aggs\":[{\"id\":\"1\",\"enabled\":true,\"type\":\"count\",\"schema\":\"metric\",\"params\":{\"customLabel\":\"Percentage\"}},{\"id\":\"2\",\"enabled\":true,\"type\":\"filters\",\"schema\":\"segment\",\"params\":{\"filters\":[{\"input\":{\"query\":\"(NOT mapped_nw_err_code:\\\"  0\\\") || (NOT local_err_code:\\\"  0\\\")\",\"language\":\"lucene\"},\"label\":\"Failed Notifications\"},{\"input\":{\"query\":{\"query_string\":{\"query\":\"mapped_nw_err_code:'  0' && local_err_code:'  0'\",\"analyze_wildcard\":true}},\"language\":\"lucene\"},\"label\":\"Successful Notifications\"}]}}]}",
        "description": "",
        "title": "Notification Success Versus Failure",
        "uiStateJSON": "{}",
        "version": 1,
        "kibanaSavedObjectMeta": {
          "searchSourceJSON": "{\"query\":{\"query\":{\"query_string\":{\"query\":\"*\",\"analyze_wildcard\":true}},\"language\":\"lucene\"},\"filter\":[],\"indexRefName\":\"kibanaSavedObjectMeta.searchSourceJSON.index\"}"
        }
      },
      "references": [
        {
          "name": "kibanaSavedObjectMeta.searchSourceJSON.index",
          "type": "index-pattern",
          "id": "master-8c0ab740-4ec0-11e8-bd91-9d0016b69bee"
        }
      ],
      "migrationVersion": {
        "visualization": "7.3.0"
      }
    },
    {
      "id": "master-72097a70-9ec1-11e7-abd7-1fd349b12a25",
      "type": "visualization",
      "updated_at": "2019-09-03T09:59:00.560Z",
      "version": "WzUyMSwxXQ==",
      "attributes": {
        "visState": "{\"title\":\"Notification Failure Distribution\",\"type\":\"pie\",\"params\":{\"addTooltip\":true,\"addLegend\":true,\"legendPosition\":\"right\",\"isDonut\":false,\"type\":\"pie\",\"labels\":{\"show\":false,\"values\":true,\"last_level\":true,\"truncate\":100}},\"aggs\":[{\"id\":\"1\",\"enabled\":true,\"type\":\"count\",\"schema\":\"metric\",\"params\":{\"customLabel\":\"Failure Type\"}},{\"id\":\"3\",\"enabled\":true,\"type\":\"terms\",\"schema\":\"segment\",\"params\":{\"field\":\"mapped_nw_err\",\"otherBucket\":false,\"otherBucketLabel\":\"Other\",\"missingBucket\":false,\"missingBucketLabel\":\"Missing\",\"size\":20,\"order\":\"desc\",\"orderBy\":\"1\",\"customLabel\":\"Network Error\"}}]}",
        "description": "",
        "title": "Notification Failure Distribution",
        "uiStateJSON": "{\"vis\":{\"colors\":{\"Failed Notifications\":\"#9AC48A\"}}}",
        "version": 1,
        "kibanaSavedObjectMeta": {
          "searchSourceJSON": "{\"query\":{\"query\":\"(NOT mapped_nw_err_code:\\\"  0\\\") || (NOT local_err_code:\\\"  0\\\")\",\"language\":\"lucene\"},\"filter\":[],\"indexRefName\":\"kibanaSavedObjectMeta.searchSourceJSON.index\"}"
        }
      },
      "references": [
        {
          "name": "kibanaSavedObjectMeta.searchSourceJSON.index",
          "type": "index-pattern",
          "id": "master-8c0ab740-4ec0-11e8-bd91-9d0016b69bee"
        }
      ],
      "migrationVersion": {
        "visualization": "7.3.0"
      }
    },
    {
      "id": "master-8c0ab740-4ec0-11e8-bd91-9d0016b69bee",
      "type": "index-pattern",
      "updated_at": "2019-09-02T16:15:05.547Z",
      "version": "WzM0LDFd",
      "attributes": {
        "fields": "[{\"name\":\"@timestamp\",\"type\":\"date\",\"count\":0,\"scripted\":false,\"searchable\":true,\"aggregatable\":true,\"readFromDocValues\":true},{\"name\":\"@version\",\"type\":\"string\",\"count\":0,\"scripted\":false,\"searchable\":true,\"aggregatable\":false,\"readFromDocValues\":false},{\"name\":\"@version.keyword\",\"type\":\"string\",\"count\":0,\"scripted\":false,\"searchable\":true,\"aggregatable\":true,\"readFromDocValues\":true},{\"name\":\"_id\",\"type\":\"string\",\"count\":0,\"scripted\":false,\"searchable\":true,\"aggregatable\":true,\"readFromDocValues\":false},{\"name\":\"_index\",\"type\":\"string\",\"count\":0,\"scripted\":false,\"searchable\":true,\"aggregatable\":true,\"readFromDocValues\":false},{\"name\":\"_score\",\"type\":\"number\",\"count\":0,\"scripted\":false,\"searchable\":false,\"aggregatable\":false,\"readFromDocValues\":false},{\"name\":\"_source\",\"type\":\"_source\",\"count\":0,\"scripted\":false,\"searchable\":false,\"aggregatable\":false,\"readFromDocValues\":false},{\"name\":\"_type\",\"type\":\"string\",\"count\":0,\"scripted\":false,\"searchable\":true,\"aggregatable\":true,\"readFromDocValues\":false},{\"name\":\"a_imsi\",\"type\":\"string\",\"count\":0,\"scripted\":false,\"searchable\":true,\"aggregatable\":true,\"readFromDocValues\":true},{\"name\":\"b_imsi\",\"type\":\"string\",\"count\":0,\"scripted\":false,\"searchable\":true,\"aggregatable\":true,\"readFromDocValues\":true},{\"name\":\"beat.hostname\",\"type\":\"string\",\"count\":0,\"scripted\":false,\"searchable\":true,\"aggregatable\":false,\"readFromDocValues\":false},{\"name\":\"beat.hostname.keyword\",\"type\":\"string\",\"count\":0,\"scripted\":false,\"searchable\":true,\"aggregatable\":true,\"readFromDocValues\":true},{\"name\":\"beat.name\",\"type\":\"string\",\"count\":0,\"scripted\":false,\"searchable\":true,\"aggregatable\":false,\"readFromDocValues\":false},{\"name\":\"beat.name.keyword\",\"type\":\"string\",\"count\":0,\"scripted\":false,\"searchable\":true,\"aggregatable\":true,\"readFromDocValues\":true},{\"name\":\"beat.version\",\"type\":\"string\",\"count\":0,\"scripted\":false,\"searchable\":true,\"aggregatable\":false,\"readFromDocValues\":false},{\"name\":\"beat.version.keyword\",\"type\":\"string\",\"count\":0,\"scripted\":false,\"searchable\":true,\"aggregatable\":true,\"readFromDocValues\":true},{\"name\":\"call_ref\",\"type\":\"string\",\"count\":0,\"scripted\":false,\"searchable\":true,\"aggregatable\":true,\"readFromDocValues\":true},{\"name\":\"called_id\",\"type\":\"string\",\"count\":0,\"scripted\":false,\"searchable\":true,\"aggregatable\":true,\"readFromDocValues\":true},{\"name\":\"called_number\",\"type\":\"string\",\"count\":0,\"scripted\":false,\"searchable\":true,\"aggregatable\":true,\"readFromDocValues\":true},{\"name\":\"called_ton_npi\",\"type\":\"string\",\"count\":0,\"scripted\":false,\"searchable\":true,\"aggregatable\":true,\"readFromDocValues\":true},{\"name\":\"calling_id\",\"type\":\"string\",\"count\":0,\"scripted\":false,\"searchable\":true,\"aggregatable\":true,\"readFromDocValues\":true},{\"name\":\"calling_number\",\"type\":\"string\",\"count\":0,\"scripted\":false,\"searchable\":true,\"aggregatable\":true,\"readFromDocValues\":true},{\"name\":\"calling_ton_npi\",\"type\":\"string\",\"count\":0,\"scripted\":false,\"searchable\":true,\"aggregatable\":true,\"readFromDocValues\":true},{\"name\":\"cdr_struct\",\"type\":\"string\",\"count\":0,\"scripted\":false,\"searchable\":true,\"aggregatable\":true,\"readFromDocValues\":true},{\"name\":\"cdr_timestamp\",\"type\":\"date\",\"count\":0,\"scripted\":false,\"searchable\":true,\"aggregatable\":true,\"readFromDocValues\":true},{\"name\":\"cdr_type\",\"type\":\"string\",\"count\":0,\"scripted\":false,\"searchable\":true,\"aggregatable\":true,\"readFromDocValues\":true},{\"name\":\"deferred\",\"type\":\"string\",\"count\":0,\"scripted\":false,\"searchable\":true,\"aggregatable\":true,\"readFromDocValues\":true},{\"name\":\"dest_msc_addr\",\"type\":\"string\",\"count\":0,\"scripted\":false,\"searchable\":true,\"aggregatable\":true,\"readFromDocValues\":true},{\"name\":\"host\",\"type\":\"string\",\"count\":0,\"scripted\":false,\"searchable\":true,\"aggregatable\":false,\"readFromDocValues\":false},{\"name\":\"host.keyword\",\"type\":\"string\",\"count\":0,\"scripted\":false,\"searchable\":true,\"aggregatable\":true,\"readFromDocValues\":true},{\"name\":\"index_date\",\"type\":\"string\",\"count\":0,\"scripted\":false,\"searchable\":true,\"aggregatable\":false,\"readFromDocValues\":false},{\"name\":\"index_date.keyword\",\"type\":\"string\",\"count\":0,\"scripted\":false,\"searchable\":true,\"aggregatable\":true,\"readFromDocValues\":true},{\"name\":\"local_err\",\"type\":\"string\",\"count\":0,\"scripted\":false,\"searchable\":true,\"aggregatable\":true,\"readFromDocValues\":true},{\"name\":\"local_err_code\",\"type\":\"string\",\"count\":1,\"scripted\":false,\"searchable\":true,\"aggregatable\":true,\"readFromDocValues\":true},{\"name\":\"mapped_nw_err\",\"type\":\"string\",\"count\":0,\"scripted\":false,\"searchable\":true,\"aggregatable\":true,\"readFromDocValues\":true},{\"name\":\"mapped_nw_err_code\",\"type\":\"string\",\"count\":0,\"scripted\":false,\"searchable\":true,\"aggregatable\":true,\"readFromDocValues\":true},{\"name\":\"msg_delivery_time\",\"type\":\"date\",\"count\":0,\"scripted\":false,\"searchable\":true,\"aggregatable\":true,\"readFromDocValues\":true},{\"name\":\"msg_delivery_tz\",\"type\":\"string\",\"count\":0,\"scripted\":false,\"searchable\":true,\"aggregatable\":true,\"readFromDocValues\":true},{\"name\":\"msg_len\",\"type\":\"number\",\"count\":0,\"scripted\":false,\"searchable\":true,\"aggregatable\":true,\"readFromDocValues\":true},{\"name\":\"msg_state\",\"type\":\"string\",\"count\":0,\"scripted\":false,\"searchable\":true,\"aggregatable\":true,\"readFromDocValues\":true},{\"name\":\"msg_state_code\",\"type\":\"string\",\"count\":0,\"scripted\":false,\"searchable\":true,\"aggregatable\":true,\"readFromDocValues\":true},{\"name\":\"msg_status\",\"type\":\"string\",\"count\":0,\"scripted\":false,\"searchable\":true,\"aggregatable\":true,\"readFromDocValues\":true},{\"name\":\"msg_status_code\",\"type\":\"string\",\"count\":0,\"scripted\":false,\"searchable\":true,\"aggregatable\":true,\"readFromDocValues\":true},{\"name\":\"msg_submit_time\",\"type\":\"date\",\"count\":0,\"scripted\":false,\"searchable\":true,\"aggregatable\":true,\"readFromDocValues\":true},{\"name\":\"msg_submit_tz\",\"type\":\"string\",\"count\":0,\"scripted\":false,\"searchable\":true,\"aggregatable\":true,\"readFromDocValues\":true},{\"name\":\"msg_term_cause\",\"type\":\"string\",\"count\":0,\"scripted\":false,\"searchable\":true,\"aggregatable\":true,\"readFromDocValues\":true},{\"name\":\"msg_term_cause_code\",\"type\":\"string\",\"count\":0,\"scripted\":false,\"searchable\":true,\"aggregatable\":true,\"readFromDocValues\":true},{\"name\":\"num_attempts\",\"type\":\"number\",\"count\":0,\"scripted\":false,\"searchable\":true,\"aggregatable\":true,\"readFromDocValues\":true},{\"name\":\"offset\",\"type\":\"number\",\"count\":0,\"scripted\":false,\"searchable\":true,\"aggregatable\":true,\"readFromDocValues\":true},{\"name\":\"orig_msc_addr\",\"type\":\"string\",\"count\":0,\"scripted\":false,\"searchable\":true,\"aggregatable\":true,\"readFromDocValues\":true},{\"name\":\"priority\",\"type\":\"string\",\"count\":0,\"scripted\":false,\"searchable\":true,\"aggregatable\":true,\"readFromDocValues\":true},{\"name\":\"prospector.type\",\"type\":\"string\",\"count\":0,\"scripted\":false,\"searchable\":true,\"aggregatable\":false,\"readFromDocValues\":false},{\"name\":\"prospector.type.keyword\",\"type\":\"string\",\"count\":0,\"scripted\":false,\"searchable\":true,\"aggregatable\":true,\"readFromDocValues\":true},{\"name\":\"protocol_id\",\"type\":\"string\",\"count\":0,\"scripted\":false,\"searchable\":true,\"aggregatable\":true,\"readFromDocValues\":true},{\"name\":\"receipt\",\"type\":\"string\",\"count\":0,\"scripted\":false,\"searchable\":true,\"aggregatable\":true,\"readFromDocValues\":true},{\"name\":\"source\",\"type\":\"string\",\"count\":0,\"scripted\":false,\"searchable\":true,\"aggregatable\":false,\"readFromDocValues\":false},{\"name\":\"source.keyword\",\"type\":\"string\",\"count\":0,\"scripted\":false,\"searchable\":true,\"aggregatable\":true,\"readFromDocValues\":true},{\"name\":\"tags\",\"type\":\"string\",\"count\":0,\"scripted\":false,\"searchable\":true,\"aggregatable\":false,\"readFromDocValues\":false},{\"name\":\"tags.keyword\",\"type\":\"string\",\"count\":0,\"scripted\":false,\"searchable\":true,\"aggregatable\":true,\"readFromDocValues\":true}]",
        "timeFieldName": "cdr_timestamp",
        "title": "master-notification_handler"
      },
      "references": [],
      "migrationVersion": {
        "index-pattern": "6.5.0"
      }
    }
  ]
}