{
  "version": "7.3.0",
  "objects": [
    {
      "id": "master-Offers_Dashboard",
      "type": "dashboard",
      "updated_at": "2019-09-13T11:22:23.296Z",
      "version": "WzIzNDUsMTRd",
      "attributes": {
        "title": "master-RTE_Offers_Dashboard",
        "hits": 0,
        "description": "",
        "panelsJSON": "[{\"panelIndex\":\"1\",\"gridData\":{\"x\":0,\"y\":0,\"w\":23,\"h\":9,\"i\":\"1\"},\"version\":\"7.3.0\",\"panelRefName\":\"panel_0\"},{\"panelIndex\":\"2\",\"gridData\":{\"x\":23,\"y\":0,\"w\":25,\"h\":9,\"i\":\"2\"},\"version\":\"7.3.0\",\"panelRefName\":\"panel_1\"},{\"panelIndex\":\"3\",\"gridData\":{\"x\":0,\"y\":9,\"w\":23,\"h\":8,\"i\":\"3\"},\"version\":\"7.3.0\",\"panelRefName\":\"panel_2\"},{\"panelIndex\":\"4\",\"gridData\":{\"x\":23,\"y\":9,\"w\":25,\"h\":8,\"i\":\"4\"},\"version\":\"7.3.0\",\"panelRefName\":\"panel_3\"},{\"panelIndex\":\"7\",\"gridData\":{\"x\":0,\"y\":55,\"w\":23,\"h\":18,\"i\":\"7\"},\"embeddableConfig\":{\"vis\":{\"colors\":{\"Data Taster Offer\":\"#E5AC0E\",\"Silent Roamer\":\"#DEDAF7\"}}},\"version\":\"7.3.0\",\"panelRefName\":\"panel_4\"},{\"panelIndex\":\"9\",\"gridData\":{\"x\":23,\"y\":17,\"w\":25,\"h\":20,\"i\":\"9\"},\"version\":\"7.3.0\",\"panelRefName\":\"panel_5\"},{\"panelIndex\":\"10\",\"gridData\":{\"x\":0,\"y\":17,\"w\":23,\"h\":20,\"i\":\"10\"},\"embeddableConfig\":{\"vis\":{\"params\":{\"sort\":{\"columnIndex\":null,\"direction\":null}}}},\"version\":\"7.3.0\",\"panelRefName\":\"panel_6\"},{\"panelIndex\":\"11\",\"gridData\":{\"x\":0,\"y\":37,\"w\":48,\"h\":18,\"i\":\"11\"},\"version\":\"7.3.0\",\"panelRefName\":\"panel_7\"},{\"panelIndex\":\"12\",\"gridData\":{\"x\":23,\"y\":55,\"w\":25,\"h\":18,\"i\":\"12\"},\"version\":\"7.3.0\",\"panelRefName\":\"panel_8\"}]",
        "optionsJSON": "{\"darkTheme\":false,\"useMargins\":false}",
        "version": 1,
        "timeRestore": true,
        "timeTo": "now",
        "timeFrom": "now-5m",
        "refreshInterval": {
          "pause": false,
          "value": 300000
        },
        "kibanaSavedObjectMeta": {
          "searchSourceJSON": "{\"filter\":[],\"highlightAll\":true,\"version\":true,\"query\":{\"language\":\"lucene\",\"query\":{\"query_string\":{\"analyze_wildcard\":true,\"query\":\"*\",\"default_field\":\"*\",\"time_zone\":\"Europe/Dublin\"}}}}"
        }
      },
      "references": [
        {
          "name": "panel_0",
          "type": "visualization",
          "id": "master-d68f2e30-4f5d-11e7-9425-e96ff43d74ed"
        },
        {
          "name": "panel_1",
          "type": "visualization",
          "id": "master-6ac7dde0-4f54-11e7-80b4-27e721c1ffe7"
        },
        {
          "name": "panel_2",
          "type": "visualization",
          "id": "master-98c05c40-4f54-11e7-80b4-27e721c1ffe7"
        },
        {
          "name": "panel_3",
          "type": "visualization",
          "id": "master-c909a870-4f54-11e7-80b4-27e721c1ffe7"
        },
        {
          "name": "panel_4",
          "type": "visualization",
          "id": "master-67fa5a70-4f5e-11e7-9425-e96ff43d74ed"
        },
        {
          "name": "panel_5",
          "type": "visualization",
          "id": "master-2c606c00-5028-11e7-8a8c-ede11936abd0"
        },
        {
          "name": "panel_6",
          "type": "visualization",
          "id": "master-034f6f10-502c-11e7-82d4-973f1a034215"
        },
        {
          "name": "panel_7",
          "type": "visualization",
          "id": "master-43535f90-502c-11e7-8b45-67744044b51c"
        },
        {
          "name": "panel_8",
          "type": "visualization",
          "id": "master-56f67930-76ae-11e7-8ca8-f580b186bd39"
        }
      ],
      "migrationVersion": {
        "dashboard": "7.3.0"
      }
    },
    {
      "id": "master-d68f2e30-4f5d-11e7-9425-e96ff43d74ed",
      "type": "visualization",
      "updated_at": "2019-09-03T09:59:01.650Z",
      "version": "WzUyMywxXQ==",
      "attributes": {
        "visState": "{\"title\":\"Total Offers\",\"type\":\"metric\",\"params\":{\"handleNoResults\":true,\"fontSize\":\"20\",\"addTooltip\":true,\"addLegend\":false,\"type\":\"metric\",\"metric\":{\"percentageMode\":false,\"useRanges\":false,\"colorSchema\":\"Green to Red\",\"metricColorMode\":\"None\",\"colorsRange\":[{\"from\":0,\"to\":10000}],\"labels\":{\"show\":true},\"invertColors\":false,\"style\":{\"bgFill\":\"#000\",\"bgColor\":false,\"labelColor\":false,\"subText\":\"\",\"fontSize\":60}}},\"aggs\":[{\"id\":\"1\",\"enabled\":true,\"type\":\"cardinality\",\"schema\":\"metric\",\"params\":{\"field\":\"offer_id\",\"customLabel\":\"Total\"}}]}",
        "description": "",
        "title": "Total Offers",
        "uiStateJSON": "{}",
        "version": 1,
        "kibanaSavedObjectMeta": {
          "searchSourceJSON": "{\"query\":{\"query\":{\"query_string\":{\"query\":\"*\",\"analyze_wildcard\":true}},\"language\":\"lucene\"},\"filter\":[],\"indexRefName\":\"kibanaSavedObjectMeta.searchSourceJSON.index\"}"
        }
      },
      "references": [
        {
          "name": "kibanaSavedObjectMeta.searchSourceJSON.index",
          "type": "index-pattern",
          "id": "master-d95212e0-5394-11e8-9921-552b615582ae"
        }
      ],
      "migrationVersion": {
        "visualization": "7.3.0"
      }
    },
    {
      "id": "master-6ac7dde0-4f54-11e7-80b4-27e721c1ffe7",
      "type": "visualization",
      "updated_at": "2019-09-03T09:58:56.559Z",
      "version": "WzQ5NSwxXQ==",
      "attributes": {
        "visState": "{\"title\":\"Total Offers Made\",\"type\":\"metric\",\"params\":{\"handleNoResults\":true,\"fontSize\":\"20\"},\"aggs\":[{\"id\":\"1\",\"enabled\":true,\"type\":\"sum\",\"schema\":\"metric\",\"params\":{\"field\":\"count\",\"customLabel\":\"Total Offers Made\"}}],\"listeners\":{}}",
        "description": "",
        "title": "Total Offers Made",
        "uiStateJSON": "{}",
        "version": 1,
        "kibanaSavedObjectMeta": {
          "searchSourceJSON": "{\"query\":{\"query\":{\"query_string\":{\"query\":\"cdr_type: \\\"added\\\"\",\"analyze_wildcard\":true}},\"language\":\"lucene\"},\"filter\":[],\"indexRefName\":\"kibanaSavedObjectMeta.searchSourceJSON.index\"}"
        }
      },
      "references": [
        {
          "name": "kibanaSavedObjectMeta.searchSourceJSON.index",
          "type": "index-pattern",
          "id": "master-d95212e0-5394-11e8-9921-552b615582ae"
        }
      ],
      "migrationVersion": {
        "visualization": "7.3.0"
      }
    },
    {
      "id": "master-98c05c40-4f54-11e7-80b4-27e721c1ffe7",
      "type": "visualization",
      "updated_at": "2019-09-03T09:58:56.559Z",
      "version": "WzQ5NiwxXQ==",
      "attributes": {
        "visState": "{\"title\":\"Total Offers Accepted\",\"type\":\"metric\",\"params\":{\"handleNoResults\":true,\"fontSize\":\"20\"},\"aggs\":[{\"id\":\"1\",\"enabled\":true,\"type\":\"sum\",\"schema\":\"metric\",\"params\":{\"field\":\"count\",\"customLabel\":\"Total\"}}],\"listeners\":{}}",
        "description": "",
        "title": "Total Offers Accepted",
        "uiStateJSON": "{}",
        "version": 1,
        "kibanaSavedObjectMeta": {
          "searchSourceJSON": "{\"query\":{\"query\":{\"query_string\":{\"query\":\"cdr_type: \\\"accepted\\\"\",\"analyze_wildcard\":true}},\"language\":\"lucene\"},\"filter\":[],\"indexRefName\":\"kibanaSavedObjectMeta.searchSourceJSON.index\"}"
        }
      },
      "references": [
        {
          "name": "kibanaSavedObjectMeta.searchSourceJSON.index",
          "type": "index-pattern",
          "id": "master-d95212e0-5394-11e8-9921-552b615582ae"
        }
      ],
      "migrationVersion": {
        "visualization": "7.3.0"
      }
    },
    {
      "id": "master-c909a870-4f54-11e7-80b4-27e721c1ffe7",
      "type": "visualization",
      "updated_at": "2019-09-03T09:58:56.559Z",
      "version": "WzQ5NywxXQ==",
      "attributes": {
        "visState": "{\"title\":\"Total Estimated Revenue\",\"type\":\"metric\",\"params\":{\"handleNoResults\":true,\"fontSize\":\"20\"},\"aggs\":[{\"id\":\"1\",\"enabled\":true,\"type\":\"sum\",\"schema\":\"metric\",\"params\":{\"field\":\"total_revenue\",\"customLabel\":\"Total\"}}],\"listeners\":{}}",
        "description": "",
        "title": "Total Estimated Revenue",
        "uiStateJSON": "{}",
        "version": 1,
        "kibanaSavedObjectMeta": {
          "searchSourceJSON": "{\"query\":{\"query\":{\"query_string\":{\"query\":\"*\",\"analyze_wildcard\":true}},\"language\":\"lucene\"},\"filter\":[],\"indexRefName\":\"kibanaSavedObjectMeta.searchSourceJSON.index\"}"
        }
      },
      "references": [
        {
          "name": "kibanaSavedObjectMeta.searchSourceJSON.index",
          "type": "index-pattern",
          "id": "master-d95212e0-5394-11e8-9921-552b615582ae"
        }
      ],
      "migrationVersion": {
        "visualization": "7.3.0"
      }
    },
    {
      "id": "master-67fa5a70-4f5e-11e7-9425-e96ff43d74ed",
      "type": "visualization",
      "updated_at": "2019-09-03T09:59:01.650Z",
      "version": "WzUyNCwxXQ==",
      "attributes": {
        "visState": "{\"title\":\"Top Campaigns with their Top Offers\",\"type\":\"pie\",\"params\":{\"addTooltip\":true,\"addLegend\":true,\"legendPosition\":\"right\",\"isDonut\":false},\"aggs\":[{\"id\":\"1\",\"enabled\":true,\"type\":\"sum\",\"schema\":\"metric\",\"params\":{\"field\":\"total_revenue\",\"customLabel\":\"Revenue\"}},{\"id\":\"2\",\"enabled\":true,\"type\":\"terms\",\"schema\":\"segment\",\"params\":{\"field\":\"campaign_name\",\"size\":5,\"order\":\"desc\",\"orderBy\":\"1\",\"customLabel\":\"Campaign\"}},{\"id\":\"3\",\"enabled\":true,\"type\":\"terms\",\"schema\":\"segment\",\"params\":{\"field\":\"offer_id\",\"size\":5,\"order\":\"desc\",\"orderBy\":\"1\",\"customLabel\":\"Offer\"}}],\"listeners\":{}}",
        "description": "",
        "title": "Top Campaigns with their Top Offers",
        "uiStateJSON": "{}",
        "version": 1,
        "kibanaSavedObjectMeta": {
          "searchSourceJSON": "{\"query\":{\"query\":{\"query_string\":{\"query\":\"*\",\"analyze_wildcard\":true}},\"language\":\"lucene\"},\"filter\":[],\"indexRefName\":\"kibanaSavedObjectMeta.searchSourceJSON.index\"}"
        }
      },
      "references": [
        {
          "name": "kibanaSavedObjectMeta.searchSourceJSON.index",
          "type": "index-pattern",
          "id": "master-d95212e0-5394-11e8-9921-552b615582ae"
        }
      ],
      "migrationVersion": {
        "visualization": "7.3.0"
      }
    },
    {
      "id": "master-2c606c00-5028-11e7-8a8c-ede11936abd0",
      "type": "visualization",
      "updated_at": "2019-09-03T09:58:56.559Z",
      "version": "WzUwMCwxXQ==",
      "attributes": {
        "visState": "{\"type\":\"timelion\",\"title\":\"Percentage Uptake\",\"params\":{\"expression\":\".es(index='master-campaign_stats', q='cdr_type:accepted', metric='sum:count',kibana=true,timefield='stats_interval_timestamp').divide(.es(index='master-campaign_stats', q='cdr_type:added', metric='sum:count',kibana=true,timefield='stats_interval_timestamp')).multiply(100).color(#f0f).label('Percentage Uptake').yaxis(label='Percentage Uptake').lines(fill=1,width=0.5)\",\"interval\":\"1h\"}}",
        "description": "",
        "title": "Percentage Uptake",
        "uiStateJSON": "{}",
        "version": 1,
        "kibanaSavedObjectMeta": {
          "searchSourceJSON": "{}"
        }
      },
      "references": [],
      "migrationVersion": {
        "visualization": "7.3.0"
      }
    },
    {
      "id": "master-034f6f10-502c-11e7-82d4-973f1a034215",
      "type": "visualization",
      "updated_at": "2019-09-03T09:59:01.650Z",
      "version": "WzUyNSwxXQ==",
      "attributes": {
        "visState": "{\"title\":\"Offers Table\",\"type\":\"table\",\"params\":{\"perPage\":10,\"showPartialRows\":false,\"showMeticsAtAllLevels\":false,\"sort\":{\"columnIndex\":null,\"direction\":null},\"showTotal\":false,\"totalFunc\":\"sum\"},\"aggs\":[{\"id\":\"1\",\"enabled\":true,\"type\":\"sum\",\"schema\":\"metric\",\"params\":{\"field\":\"total_revenue\",\"customLabel\":\"Estimated Revenue\"}},{\"id\":\"2\",\"enabled\":true,\"type\":\"terms\",\"schema\":\"bucket\",\"params\":{\"field\":\"offer_id\",\"size\":200,\"order\":\"desc\",\"orderBy\":\"1\",\"customLabel\":\"Offers\"}}],\"listeners\":{}}",
        "description": "",
        "title": "Offers Table",
        "uiStateJSON": "{\"vis\":{\"params\":{\"sort\":{\"columnIndex\":null,\"direction\":null}}}}",
        "version": 1,
        "kibanaSavedObjectMeta": {
          "searchSourceJSON": "{\"query\":{\"query\":{\"query_string\":{\"query\":\"*\",\"analyze_wildcard\":true}},\"language\":\"lucene\"},\"filter\":[],\"indexRefName\":\"kibanaSavedObjectMeta.searchSourceJSON.index\"}"
        }
      },
      "references": [
        {
          "name": "kibanaSavedObjectMeta.searchSourceJSON.index",
          "type": "index-pattern",
          "id": "master-d95212e0-5394-11e8-9921-552b615582ae"
        }
      ],
      "migrationVersion": {
        "visualization": "7.3.0"
      }
    },
    {
      "id": "master-43535f90-502c-11e7-8b45-67744044b51c",
      "type": "visualization",
      "updated_at": "2019-09-03T09:59:01.650Z",
      "version": "WzUyNiwxXQ==",
      "attributes": {
        "visState": "{\"title\":\"Offers Estimated Revenue\",\"type\":\"timelion\",\"params\":{\"expression\":\".es(index='master-campaign_stats', q='cdr_type:accepted', metric='sum:total_revenue',kibana=true,timefield='stats_interval_timestamp').color(#00ff00).label('Estimated Revenue').yaxis(label='Estimated Revenue'), .es(index='master-campaign_stats', q='cdr_type:accepted', metric='sum:total_revenue',kibana=false,timefield='stats_interval_timestamp').divide(.es(index='master-campaign_stats', q='cdr_type:added', metric='cardinality:offer_id',kibana=false,timefield='stats_interval_timestamp')).color(#0000ff).label('Average Estimated Revenue Per Offer').yaxis(label='Estimated Revenue')\",\"interval\":\"1h\"},\"aggs\":[],\"listeners\":{}}",
        "description": "",
        "title": "Offers Estimated Revenue",
        "uiStateJSON": "{}",
        "version": 1,
        "kibanaSavedObjectMeta": {
          "searchSourceJSON": "{\"query\":{\"query\":{\"query_string\":{\"query\":\"*\"}},\"language\":\"lucene\"},\"filter\":[]}"
        }
      },
      "references": [],
      "migrationVersion": {
        "visualization": "7.3.0"
      }
    },
    {
      "id": "master-56f67930-76ae-11e7-8ca8-f580b186bd39",
      "type": "visualization",
      "updated_at": "2019-09-03T09:59:01.650Z",
      "version": "WzUyNywxXQ==",
      "attributes": {
        "visState": "{\"title\":\"Offers Dashboard Hints\",\"type\":\"markdown\",\"params\":{\"markdown\":\"### Filters\\n* Filter per _Offer_ by highlighting a row in the _Offers Table_ table and clicking the magnifying glass.\\n* Click browser back button to revert.\\n\\n### Time\\n* Zoom in on the results at a particular time by clicking and dragging across the grid in the _Offers Estimated Revenue_ line chart.\\n* Select a different time boundary for the dashboard by clicking on time widget in top-right corner.\\n* Click browser back button to revert.\\n\\n### Questions\\n* What are the values for important metrics associated with _Offers_?\\n* What is the estimated revenue over the time boundary of the dashboard?\\n* What is the average estimated revenue per  _Offer_   over the time boundary of the dashboard?\\n* What is the uptake across all _Offers_ or for a particular _Offer_?\\n* What are the top revenue generating _Offers_ in the individual _Campaigns_?\"},\"aggs\":[],\"listeners\":{}}",
        "description": "",
        "title": "Offers Dashboard Hints",
        "uiStateJSON": "{}",
        "version": 1,
        "kibanaSavedObjectMeta": {
          "searchSourceJSON": "{\"query\":{\"query\":{\"query_string\":{\"query\":\"*\"}},\"language\":\"lucene\"},\"filter\":[]}"
        }
      },
      "references": [],
      "migrationVersion": {
        "visualization": "7.3.0"
      }
    },
    {
      "id": "master-d95212e0-5394-11e8-9921-552b615582ae",
      "type": "index-pattern",
      "updated_at": "2019-09-02T16:15:00.839Z",
      "version": "WzEyLDFd",
      "attributes": {
        "fields": "[{\"name\":\"@timestamp\",\"type\":\"date\",\"count\":0,\"scripted\":false,\"searchable\":true,\"aggregatable\":true,\"readFromDocValues\":true},{\"name\":\"_id\",\"type\":\"string\",\"count\":0,\"scripted\":false,\"searchable\":true,\"aggregatable\":true,\"readFromDocValues\":false},{\"name\":\"_index\",\"type\":\"string\",\"count\":0,\"scripted\":false,\"searchable\":true,\"aggregatable\":true,\"readFromDocValues\":false},{\"name\":\"_score\",\"type\":\"number\",\"count\":0,\"scripted\":false,\"searchable\":false,\"aggregatable\":false,\"readFromDocValues\":false},{\"name\":\"_source\",\"type\":\"_source\",\"count\":0,\"scripted\":false,\"searchable\":false,\"aggregatable\":false,\"readFromDocValues\":false},{\"name\":\"_type\",\"type\":\"string\",\"count\":0,\"scripted\":false,\"searchable\":true,\"aggregatable\":true,\"readFromDocValues\":false},{\"name\":\"beat.hostname\",\"type\":\"string\",\"count\":0,\"scripted\":false,\"searchable\":true,\"aggregatable\":false,\"readFromDocValues\":false},{\"name\":\"beat.hostname.keyword\",\"type\":\"string\",\"count\":0,\"scripted\":false,\"searchable\":true,\"aggregatable\":true,\"readFromDocValues\":true},{\"name\":\"beat.name\",\"type\":\"string\",\"count\":0,\"scripted\":false,\"searchable\":true,\"aggregatable\":false,\"readFromDocValues\":false},{\"name\":\"beat.name.keyword\",\"type\":\"string\",\"count\":0,\"scripted\":false,\"searchable\":true,\"aggregatable\":true,\"readFromDocValues\":true},{\"name\":\"beat.version\",\"type\":\"string\",\"count\":0,\"scripted\":false,\"searchable\":true,\"aggregatable\":false,\"readFromDocValues\":false},{\"name\":\"beat.version.keyword\",\"type\":\"string\",\"count\":0,\"scripted\":false,\"searchable\":true,\"aggregatable\":true,\"readFromDocValues\":true},{\"name\":\"campaign_id\",\"type\":\"string\",\"count\":0,\"scripted\":false,\"searchable\":true,\"aggregatable\":true,\"readFromDocValues\":true},{\"name\":\"campaign_name\",\"type\":\"string\",\"count\":0,\"scripted\":false,\"searchable\":true,\"aggregatable\":true,\"readFromDocValues\":true},{\"name\":\"cdr_type\",\"type\":\"string\",\"count\":0,\"scripted\":false,\"searchable\":true,\"aggregatable\":true,\"readFromDocValues\":true},{\"name\":\"channel\",\"type\":\"string\",\"count\":0,\"scripted\":false,\"searchable\":true,\"aggregatable\":true,\"readFromDocValues\":true},{\"name\":\"count\",\"type\":\"number\",\"count\":0,\"scripted\":false,\"searchable\":true,\"aggregatable\":true,\"readFromDocValues\":true},{\"name\":\"index_date\",\"type\":\"string\",\"count\":0,\"scripted\":false,\"searchable\":false,\"aggregatable\":true,\"readFromDocValues\":true},{\"name\":\"offer_id\",\"type\":\"string\",\"count\":0,\"scripted\":false,\"searchable\":true,\"aggregatable\":true,\"readFromDocValues\":true},{\"name\":\"offset\",\"type\":\"number\",\"count\":0,\"scripted\":false,\"searchable\":true,\"aggregatable\":true,\"readFromDocValues\":true},{\"name\":\"path\",\"type\":\"string\",\"count\":0,\"scripted\":false,\"searchable\":false,\"aggregatable\":true,\"readFromDocValues\":true},{\"name\":\"prospector.type\",\"type\":\"string\",\"count\":0,\"scripted\":false,\"searchable\":true,\"aggregatable\":false,\"readFromDocValues\":false},{\"name\":\"prospector.type.keyword\",\"type\":\"string\",\"count\":0,\"scripted\":false,\"searchable\":true,\"aggregatable\":true,\"readFromDocValues\":true},{\"name\":\"rsp_time\",\"type\":\"number\",\"count\":0,\"scripted\":false,\"searchable\":true,\"aggregatable\":true,\"readFromDocValues\":true},{\"name\":\"segment\",\"type\":\"string\",\"count\":0,\"scripted\":false,\"searchable\":true,\"aggregatable\":true,\"readFromDocValues\":true},{\"name\":\"source\",\"type\":\"string\",\"count\":0,\"scripted\":false,\"searchable\":true,\"aggregatable\":false,\"readFromDocValues\":false},{\"name\":\"source.keyword\",\"type\":\"string\",\"count\":0,\"scripted\":false,\"searchable\":true,\"aggregatable\":true,\"readFromDocValues\":true},{\"name\":\"stats_interval_timestamp\",\"type\":\"date\",\"count\":0,\"scripted\":false,\"searchable\":true,\"aggregatable\":true,\"readFromDocValues\":true},{\"name\":\"tags\",\"type\":\"string\",\"count\":0,\"scripted\":false,\"searchable\":false,\"aggregatable\":true,\"readFromDocValues\":true},{\"name\":\"tenant_id\",\"type\":\"string\",\"count\":0,\"scripted\":false,\"searchable\":true,\"aggregatable\":true,\"readFromDocValues\":true},{\"name\":\"total_revenue\",\"type\":\"number\",\"count\":0,\"scripted\":false,\"searchable\":true,\"aggregatable\":true,\"readFromDocValues\":true},{\"name\":\"trigger\",\"type\":\"string\",\"count\":0,\"scripted\":false,\"searchable\":true,\"aggregatable\":true,\"readFromDocValues\":true},{\"name\":\"unit_price\",\"type\":\"number\",\"count\":0,\"scripted\":false,\"searchable\":true,\"aggregatable\":true,\"readFromDocValues\":true},{\"name\":\"vplmn\",\"type\":\"string\",\"count\":0,\"scripted\":false,\"searchable\":true,\"aggregatable\":true,\"readFromDocValues\":true}]",
        "timeFieldName": "stats_interval_timestamp",
        "title": "master-campaign_stats"
      },
      "references": [],
      "migrationVersion": {
        "index-pattern": "6.5.0"
      }
    }
  ]
}