{
  "version": "7.3.0",
  "objects": [
    {
      "id": "master-Traffic_Analysis_Dashboard",
      "type": "dashboard",
      "updated_at": "2019-09-13T11:19:15.415Z",
      "version": "WzIzNDMsMTRd",
      "attributes": {
        "title": "master-Traffic_Analysis_Dashboard",
        "hits": 0,
        "description": "",
        "panelsJSON": "[{\"panelIndex\":\"1\",\"gridData\":{\"x\":0,\"y\":0,\"w\":24,\"h\":15,\"i\":\"1\"},\"embeddableConfig\":{\"vis\":{\"colors\":{\"Example Traffic Class\":\"#6ED0E0\"}}},\"version\":\"7.3.0\",\"panelRefName\":\"panel_0\"},{\"panelIndex\":\"2\",\"gridData\":{\"x\":24,\"y\":0,\"w\":24,\"h\":15,\"i\":\"2\"},\"embeddableConfig\":{\"vis\":{\"colors\":{\"Example Traffic Class\":\"#BA43A9\"}}},\"version\":\"7.3.0\",\"panelRefName\":\"panel_1\"},{\"panelIndex\":\"3\",\"gridData\":{\"x\":0,\"y\":15,\"w\":24,\"h\":14,\"i\":\"3\"},\"version\":\"7.3.0\",\"panelRefName\":\"panel_2\"},{\"panelIndex\":\"4\",\"gridData\":{\"x\":24,\"y\":15,\"w\":24,\"h\":14,\"i\":\"4\"},\"version\":\"7.3.0\",\"panelRefName\":\"panel_3\"},{\"panelIndex\":\"5\",\"gridData\":{\"x\":0,\"y\":29,\"w\":24,\"h\":15,\"i\":\"5\"},\"version\":\"7.3.0\",\"panelRefName\":\"panel_4\"},{\"panelIndex\":\"6\",\"gridData\":{\"x\":24,\"y\":29,\"w\":24,\"h\":15,\"i\":\"6\"},\"version\":\"7.3.0\",\"panelRefName\":\"panel_5\"},{\"title\":\"Most Visited URLs\",\"panelIndex\":\"7\",\"gridData\":{\"x\":0,\"y\":44,\"w\":24,\"h\":15,\"i\":\"7\"},\"version\":\"7.3.0\",\"panelRefName\":\"panel_6\"},{\"title\":\"Most Visited URLs\",\"panelIndex\":\"8\",\"gridData\":{\"x\":0,\"y\":59,\"w\":48,\"h\":22,\"i\":\"8\"},\"version\":\"7.3.0\",\"panelRefName\":\"panel_7\"},{\"title\":\"Trending URLs\",\"panelIndex\":\"9\",\"gridData\":{\"x\":24,\"y\":44,\"w\":24,\"h\":15,\"i\":\"9\"},\"version\":\"7.3.0\",\"panelRefName\":\"panel_8\"}]",
        "optionsJSON": "{\"darkTheme\":false,\"useMargins\":false}",
        "version": 1,
        "timeRestore": false,
        "kibanaSavedObjectMeta": {
          "searchSourceJSON": "{\"filter\":[],\"highlightAll\":true,\"version\":true,\"query\":{\"language\":\"lucene\",\"query\":{\"query_string\":{\"analyze_wildcard\":true,\"query\":\"*\",\"default_field\":\"*\",\"time_zone\":\"Europe/Dublin\"}}}}"
        }
      },
      "references": [
        {
          "name": "panel_0",
          "type": "visualization",
          "id": "master-d36b2990-5118-11e7-9a70-1be572206164"
        },
        {
          "name": "panel_1",
          "type": "visualization",
          "id": "master-011fc120-5119-11e7-9a70-1be572206164"
        },
        {
          "name": "panel_2",
          "type": "visualization",
          "id": "master-31ece350-5119-11e7-9a70-1be572206164"
        },
        {
          "name": "panel_3",
          "type": "visualization",
          "id": "master-768212f0-51a1-11e7-8dfb-ffea3d33fd27"
        },
        {
          "name": "panel_4",
          "type": "visualization",
          "id": "master-522a50f0-51a8-11e7-b04a-4139785c24dd"
        },
        {
          "name": "panel_5",
          "type": "visualization",
          "id": "master-54717ce0-511b-11e7-abc4-8f686d4b1f7a"
        },
        {
          "name": "panel_6",
          "type": "visualization",
          "id": "master-8145fcd0-9ca3-11e8-8653-4f4d231eec8f"
        },
        {
          "name": "panel_7",
          "type": "visualization",
          "id": "master-412e40c0-9ca4-11e8-8653-4f4d231eec8f"
        },
        {
          "name": "panel_8",
          "type": "visualization",
          "id": "master-e12d6110-9ca3-11e8-8653-4f4d231eec8f"
        }
      ],
      "migrationVersion": {
        "dashboard": "7.3.0"
      }
    },
    {
      "id": "master-d36b2990-5118-11e7-9a70-1be572206164",
      "type": "visualization",
      "updated_at": "2019-09-03T09:59:09.697Z",
      "version": "WzU1NSwxXQ==",
      "attributes": {
        "visState": "{\"title\":\"Application Usage Downstream\",\"type\":\"pie\",\"params\":{\"addTooltip\":true,\"addLegend\":true,\"legendPosition\":\"right\",\"isDonut\":false,\"type\":\"pie\",\"labels\":{\"show\":false,\"values\":true,\"last_level\":true,\"truncate\":100}},\"aggs\":[{\"id\":\"1\",\"enabled\":true,\"type\":\"sum\",\"schema\":\"metric\",\"params\":{\"field\":\"tc_downstream_bytes\",\"json\":\"{\\n  \\\"script\\\": {\\n    \\\"lang\\\": \\\"painless\\\",\\n    \\\"inline\\\": \\\"return doc['tc_downstream_bytes'].value / (1024*1024);\\\"\\n  }\\n}\",\"customLabel\":\"Data Consumed\"}},{\"id\":\"2\",\"enabled\":true,\"type\":\"terms\",\"schema\":\"segment\",\"params\":{\"field\":\"traffic_class\",\"otherBucket\":false,\"otherBucketLabel\":\"Other\",\"missingBucket\":false,\"missingBucketLabel\":\"Missing\",\"size\":200,\"order\":\"desc\",\"orderBy\":\"1\",\"customLabel\":\"Application\"}}]}",
        "description": "master",
        "title": "master-Application Usage Downstream",
        "uiStateJSON": "{}",
        "version": 1,
        "kibanaSavedObjectMeta": {
          "searchSourceJSON": "{\"query\":{\"query\":{\"query_string\":{\"query\":\"tags: \\\"data_proxy_app\\\"\",\"analyze_wildcard\":true,\"default_field\":\"*\"}},\"language\":\"lucene\"},\"filter\":[],\"indexRefName\":\"kibanaSavedObjectMeta.searchSourceJSON.index\"}"
        }
      },
      "references": [
        {
          "name": "kibanaSavedObjectMeta.searchSourceJSON.index",
          "type": "index-pattern",
          "id": "master-ff3b63d0-4ecb-11e8-bd91-9d0016b69bee"
        }
      ],
      "migrationVersion": {
        "visualization": "7.3.0"
      }
    },
    {
      "id": "master-011fc120-5119-11e7-9a70-1be572206164",
      "type": "visualization",
      "updated_at": "2019-09-03T09:59:09.697Z",
      "version": "WzU1NiwxXQ==",
      "attributes": {
        "visState": "{\"title\":\"Application Usage Upstream\",\"type\":\"pie\",\"params\":{\"addTooltip\":true,\"addLegend\":true,\"legendPosition\":\"right\",\"isDonut\":false,\"type\":\"pie\",\"labels\":{\"show\":false,\"values\":true,\"last_level\":true,\"truncate\":100}},\"aggs\":[{\"id\":\"1\",\"enabled\":true,\"type\":\"sum\",\"schema\":\"metric\",\"params\":{\"field\":\"tc_upstream_bytes\",\"json\":\"{\\n  \\\"script\\\": {\\n    \\\"lang\\\": \\\"painless\\\",\\n    \\\"inline\\\": \\\"return doc['tc_upstream_bytes'].value / (1024*1024);\\\"\\n  }\\n}\",\"customLabel\":\"Data Produced\"}},{\"id\":\"2\",\"enabled\":true,\"type\":\"terms\",\"schema\":\"segment\",\"params\":{\"field\":\"traffic_class\",\"otherBucket\":false,\"otherBucketLabel\":\"Other\",\"missingBucket\":false,\"missingBucketLabel\":\"Missing\",\"size\":200,\"order\":\"desc\",\"orderBy\":\"1\",\"customLabel\":\"Application\"}}]}",
        "description": "master",
        "title": "master-Application Usage Upstream",
        "uiStateJSON": "{}",
        "version": 1,
        "kibanaSavedObjectMeta": {
          "searchSourceJSON": "{\"query\":{\"query\":{\"query_string\":{\"query\":\"*\",\"analyze_wildcard\":true,\"default_field\":\"*\"}},\"language\":\"lucene\"},\"filter\":[],\"indexRefName\":\"kibanaSavedObjectMeta.searchSourceJSON.index\"}"
        }
      },
      "references": [
        {
          "name": "kibanaSavedObjectMeta.searchSourceJSON.index",
          "type": "index-pattern",
          "id": "master-ff3b63d0-4ecb-11e8-bd91-9d0016b69bee"
        }
      ],
      "migrationVersion": {
        "visualization": "7.3.0"
      }
    },
    {
      "id": "master-31ece350-5119-11e7-9a70-1be572206164",
      "type": "visualization",
      "updated_at": "2019-09-03T09:59:09.697Z",
      "version": "WzU1NywxXQ==",
      "attributes": {
        "visState": "{\"title\":\"Application Usage Aggregate\",\"type\":\"pie\",\"params\":{\"addTooltip\":true,\"addLegend\":true,\"legendPosition\":\"right\",\"isDonut\":false,\"type\":\"pie\",\"labels\":{\"show\":false,\"values\":true,\"last_level\":true,\"truncate\":100}},\"aggs\":[{\"id\":\"1\",\"enabled\":true,\"type\":\"sum\",\"schema\":\"metric\",\"params\":{\"field\":\"tc_total_bytes\",\"json\":\"{\\n  \\\"script\\\": {\\n    \\\"lang\\\": \\\"painless\\\",\\n    \\\"inline\\\": \\\"return doc['tc_total_bytes'].value / (1024*1024);\\\"\\n  }\\n}\",\"customLabel\":\"Data Used\"}},{\"id\":\"2\",\"enabled\":true,\"type\":\"terms\",\"schema\":\"segment\",\"params\":{\"field\":\"traffic_class\",\"otherBucket\":false,\"otherBucketLabel\":\"Other\",\"missingBucket\":false,\"missingBucketLabel\":\"Missing\",\"size\":200,\"order\":\"desc\",\"orderBy\":\"1\",\"customLabel\":\"Application\"}}]}",
        "description": "master",
        "title": "master-Application Usage Aggregate",
        "uiStateJSON": "{}",
        "version": 1,
        "kibanaSavedObjectMeta": {
          "searchSourceJSON": "{\"query\":{\"query\":{\"query_string\":{\"query\":\"tags: \\\"data_proxy_app\\\"\",\"analyze_wildcard\":true,\"default_field\":\"*\"}},\"language\":\"lucene\"},\"filter\":[],\"indexRefName\":\"kibanaSavedObjectMeta.searchSourceJSON.index\"}"
        }
      },
      "references": [
        {
          "name": "kibanaSavedObjectMeta.searchSourceJSON.index",
          "type": "index-pattern",
          "id": "master-ff3b63d0-4ecb-11e8-bd91-9d0016b69bee"
        }
      ],
      "migrationVersion": {
        "visualization": "7.3.0"
      }
    },
    {
      "id": "master-768212f0-51a1-11e7-8dfb-ffea3d33fd27",
      "type": "visualization",
      "updated_at": "2019-09-03T09:59:09.697Z",
      "version": "WzU1OCwxXQ==",
      "attributes": {
        "visState": "{\"title\":\"Applications Usage\",\"type\":\"line\",\"params\":{\"addLegend\":true,\"addTimeMarker\":true,\"addTooltip\":true,\"categoryAxes\":[{\"id\":\"CategoryAxis-1\",\"labels\":{\"show\":true,\"truncate\":100},\"position\":\"bottom\",\"scale\":{\"type\":\"linear\"},\"show\":true,\"style\":{},\"title\":{\"text\":\"Time\"},\"type\":\"category\"}],\"defaultYExtents\":false,\"drawLinesBetweenPoints\":true,\"grid\":{\"categoryLines\":true,\"style\":{\"color\":\"#eee\"},\"valueAxis\":\"ValueAxis-1\"},\"interpolate\":\"linear\",\"legendPosition\":\"right\",\"radiusRatio\":9,\"scale\":\"linear\",\"seriesParams\":[{\"data\":{\"id\":\"1\",\"label\":\"Data Used\"},\"drawLinesBetweenPoints\":true,\"interpolate\":\"cardinal\",\"lineWidth\":2,\"mode\":\"normal\",\"show\":true,\"showCircles\":true,\"type\":\"line\",\"valueAxis\":\"ValueAxis-1\"}],\"setYExtents\":false,\"showCircles\":true,\"times\":[],\"valueAxes\":[{\"id\":\"ValueAxis-1\",\"labels\":{\"filter\":false,\"rotate\":0,\"show\":true,\"truncate\":100},\"name\":\"LeftAxis-1\",\"position\":\"left\",\"scale\":{\"mode\":\"normal\",\"type\":\"linear\"},\"show\":true,\"style\":{},\"title\":{\"text\":\"Data Used\"},\"type\":\"value\"}],\"type\":\"line\"},\"aggs\":[{\"id\":\"1\",\"enabled\":true,\"type\":\"sum\",\"schema\":\"metric\",\"params\":{\"field\":\"tc_total_bytes\",\"json\":\"{\\n  \\\"script\\\": {\\n    \\\"lang\\\": \\\"painless\\\",\\n    \\\"inline\\\": \\\"return doc['tc_total_bytes'].value / (1024*1024);\\\"\\n  }\\n}\",\"customLabel\":\"Data Used\"}},{\"id\":\"2\",\"enabled\":true,\"type\":\"date_histogram\",\"schema\":\"segment\",\"params\":{\"field\":\"cdr_timestamp\",\"interval\":\"auto\",\"min_doc_count\":1,\"extended_bounds\":{},\"customLabel\":\"Time\"}},{\"id\":\"3\",\"enabled\":true,\"type\":\"terms\",\"schema\":\"group\",\"params\":{\"field\":\"traffic_class\",\"otherBucket\":false,\"otherBucketLabel\":\"Other\",\"missingBucket\":false,\"missingBucketLabel\":\"Missing\",\"size\":200,\"order\":\"desc\",\"orderBy\":\"1\",\"customLabel\":\"Application\"}}]}",
        "description": "master",
        "title": "master-Applications Usage",
        "uiStateJSON": "{}",
        "version": 1,
        "kibanaSavedObjectMeta": {
          "searchSourceJSON": "{\"query\":{\"query\":{\"query_string\":{\"query\":\"tags:data_proxy_app\",\"analyze_wildcard\":true,\"default_field\":\"*\"}},\"language\":\"lucene\"},\"filter\":[],\"indexRefName\":\"kibanaSavedObjectMeta.searchSourceJSON.index\"}"
        }
      },
      "references": [
        {
          "name": "kibanaSavedObjectMeta.searchSourceJSON.index",
          "type": "index-pattern",
          "id": "master-ff3b63d0-4ecb-11e8-bd91-9d0016b69bee"
        }
      ],
      "migrationVersion": {
        "visualization": "7.3.0"
      }
    },
    {
      "id": "master-522a50f0-51a8-11e7-b04a-4139785c24dd",
      "type": "visualization",
      "updated_at": "2019-09-03T09:59:09.697Z",
      "version": "WzU1OSwxXQ==",
      "attributes": {
        "visState": "{\"title\":\"Application Data Trend\",\"type\":\"timelion\",\"params\":{\"expression\":\".es(index='master-gtp_proxy', timefield='cdr_timestamp',q='tags:data_proxy_app',metric='sum:tc_upstream_bytes').divide(1048576).lines(fill=2, width=1).color(green).label(\\\"Upstream Data\\\").title('Data Used in MB over time'), .es(index='master-gtp_proxy', timefield='cdr_timestamp',q='tags:data_proxy_app',metric=sum:tc_downstream_bytes).divide(1048576).multiply(-1).lines(fill=2, width=1).color(blue).label(\\\"Downstream Data\\\"), .es(index='master-gtp_proxy', timefield='cdr_timestamp',q='tags:data_proxy_app', metric='sum:tc_total_bytes').divide(1048576).lines(fill=2, width=1).color(orange).label(\\\"Total Data\\\").legend(columns=3, position=nw)\",\"interval\":\"1h\"},\"aggs\":[],\"listeners\":{}}",
        "description": "master",
        "title": "master-Application Data Trend",
        "uiStateJSON": "{}",
        "version": 1,
        "kibanaSavedObjectMeta": {
          "searchSourceJSON": "{\"query\":{\"query\":{\"query_string\":{\"query\":\"*\"}},\"language\":\"lucene\"},\"filter\":[]}"
        }
      },
      "references": [],
      "migrationVersion": {
        "visualization": "7.3.0"
      }
    },
    {
      "id": "master-54717ce0-511b-11e7-abc4-8f686d4b1f7a",
      "type": "visualization",
      "updated_at": "2019-09-03T09:59:09.697Z",
      "version": "WzU2MCwxXQ==",
      "attributes": {
        "visState": "{\"aggs\":[{\"enabled\":true,\"id\":\"1\",\"params\":{\"customLabel\":\"Average Duration\",\"field\":\"duration\"},\"schema\":\"metric\",\"type\":\"avg\"},{\"enabled\":true,\"id\":\"2\",\"params\":{\"customLabel\":\"Time\",\"extended_bounds\":{},\"field\":\"cdr_timestamp\",\"interval\":\"auto\",\"min_doc_count\":1},\"schema\":\"segment\",\"type\":\"date_histogram\"}],\"listeners\":{},\"params\":{\"addLegend\":true,\"addTimeMarker\":false,\"addTooltip\":true,\"categoryAxes\":[{\"id\":\"CategoryAxis-1\",\"labels\":{\"show\":true,\"truncate\":100},\"position\":\"bottom\",\"scale\":{\"type\":\"linear\"},\"show\":true,\"style\":{},\"title\":{\"text\":\"Time\"},\"type\":\"category\"}],\"defaultYExtents\":false,\"drawLinesBetweenPoints\":true,\"grid\":{\"categoryLines\":false,\"style\":{\"color\":\"#eee\"}},\"interpolate\":\"linear\",\"legendPosition\":\"right\",\"radiusRatio\":9,\"scale\":\"linear\",\"seriesParams\":[{\"data\":{\"id\":\"1\",\"label\":\"Average Duration\"},\"drawLinesBetweenPoints\":true,\"interpolate\":\"linear\",\"lineWidth\":2,\"mode\":\"normal\",\"show\":true,\"showCircles\":true,\"type\":\"line\",\"valueAxis\":\"ValueAxis-1\"}],\"setYExtents\":false,\"showCircles\":true,\"times\":[],\"valueAxes\":[{\"id\":\"ValueAxis-1\",\"labels\":{\"filter\":false,\"rotate\":0,\"show\":true,\"truncate\":100},\"name\":\"LeftAxis-1\",\"position\":\"left\",\"scale\":{\"mode\":\"normal\",\"type\":\"linear\"},\"show\":true,\"style\":{},\"title\":{\"text\":\"Average Duration\"},\"type\":\"value\"}]},\"title\":\"Average Session Duration\",\"type\":\"line\"}",
        "description": "master",
        "title": "master-Average Session Duration",
        "uiStateJSON": "{}",
        "version": 1,
        "kibanaSavedObjectMeta": {
          "searchSourceJSON": "{\"query\":{\"query\":{\"query_string\":{\"query\":\"tags:data_proxy_session\",\"analyze_wildcard\":true}},\"language\":\"lucene\"},\"filter\":[],\"indexRefName\":\"kibanaSavedObjectMeta.searchSourceJSON.index\"}"
        }
      },
      "references": [
        {
          "name": "kibanaSavedObjectMeta.searchSourceJSON.index",
          "type": "index-pattern",
          "id": "master-ff3b63d0-4ecb-11e8-bd91-9d0016b69bee"
        }
      ],
      "migrationVersion": {
        "visualization": "7.3.0"
      }
    },
    {
      "id": "master-8145fcd0-9ca3-11e8-8653-4f4d231eec8f",
      "type": "visualization",
      "updated_at": "2019-09-03T09:59:09.697Z",
      "version": "WzU2MSwxXQ==",
      "attributes": {
        "visState": "{\"title\":\"GtpProxyStatsHitsHorizontalBar\",\"type\":\"horizontal_bar\",\"params\":{\"type\":\"histogram\",\"grid\":{\"categoryLines\":false,\"style\":{\"color\":\"#eee\"}},\"categoryAxes\":[{\"id\":\"CategoryAxis-1\",\"type\":\"category\",\"position\":\"left\",\"show\":true,\"style\":{},\"scale\":{\"type\":\"linear\"},\"labels\":{\"show\":true,\"rotate\":0,\"filter\":false,\"truncate\":200},\"title\":{}}],\"valueAxes\":[{\"id\":\"ValueAxis-1\",\"name\":\"LeftAxis-1\",\"type\":\"value\",\"position\":\"bottom\",\"show\":true,\"style\":{},\"scale\":{\"type\":\"linear\",\"mode\":\"normal\"},\"labels\":{\"show\":true,\"rotate\":75,\"filter\":true,\"truncate\":100},\"title\":{\"text\":\"Hits\"}}],\"seriesParams\":[{\"show\":true,\"type\":\"histogram\",\"mode\":\"normal\",\"data\":{\"label\":\"Hits\",\"id\":\"1\"},\"valueAxis\":\"ValueAxis-1\",\"drawLinesBetweenPoints\":true,\"showCircles\":true}],\"addTooltip\":true,\"addLegend\":true,\"legendPosition\":\"right\",\"times\":[],\"addTimeMarker\":false},\"aggs\":[{\"id\":\"1\",\"enabled\":true,\"type\":\"sum\",\"schema\":\"metric\",\"params\":{\"field\":\"hits\",\"customLabel\":\"Hits\"}},{\"id\":\"2\",\"enabled\":true,\"type\":\"terms\",\"schema\":\"segment\",\"params\":{\"field\":\"url\",\"otherBucket\":false,\"otherBucketLabel\":\"Other\",\"missingBucket\":false,\"missingBucketLabel\":\"Missing\",\"size\":10,\"order\":\"desc\",\"orderBy\":\"1\",\"customLabel\":\"URL\"}}]}",
        "description": "",
        "title": "master-GtpProxyStatsHitsHorizontalBar",
        "uiStateJSON": "{}",
        "version": 1,
        "kibanaSavedObjectMeta": {
          "searchSourceJSON": "{\"filter\":[],\"query\":{\"query\":\"\",\"language\":\"lucene\"},\"indexRefName\":\"kibanaSavedObjectMeta.searchSourceJSON.index\"}"
        }
      },
      "references": [
        {
          "name": "kibanaSavedObjectMeta.searchSourceJSON.index",
          "type": "index-pattern",
          "id": "master-3baee4c0-9ca3-11e8-8653-4f4d231eec8f"
        }
      ],
      "migrationVersion": {
        "visualization": "7.3.0"
      }
    },
    {
      "id": "master-412e40c0-9ca4-11e8-8653-4f4d231eec8f",
      "type": "visualization",
      "updated_at": "2019-09-03T09:59:09.697Z",
      "version": "WzU2MiwxXQ==",
      "attributes": {
        "visState": "{\"title\":\"GtpProxyStatsUrlTable\",\"type\":\"table\",\"params\":{\"perPage\":10,\"showPartialRows\":false,\"showMeticsAtAllLevels\":false,\"sort\":{\"columnIndex\":null,\"direction\":null},\"showTotal\":false,\"totalFunc\":\"sum\"},\"aggs\":[{\"id\":\"1\",\"enabled\":true,\"type\":\"sum\",\"schema\":\"metric\",\"params\":{\"field\":\"hits\",\"customLabel\":\"Hits\"}},{\"id\":\"2\",\"enabled\":true,\"type\":\"date_histogram\",\"schema\":\"bucket\",\"params\":{\"field\":\"cdr_timestamp\",\"interval\":\"d\",\"min_doc_count\":1,\"extended_bounds\":{},\"customLabel\":\"Date\"}},{\"id\":\"3\",\"enabled\":true,\"type\":\"terms\",\"schema\":\"bucket\",\"params\":{\"field\":\"url\",\"otherBucket\":false,\"otherBucketLabel\":\"Other\",\"missingBucket\":false,\"missingBucketLabel\":\"Missing\",\"size\":10,\"order\":\"desc\",\"orderBy\":\"1\",\"customLabel\":\"URL\"}}]}",
        "description": "",
        "title": "master-GtpProxyStatsUrlTable",
        "uiStateJSON": "{\"vis\":{\"params\":{\"sort\":{\"columnIndex\":null,\"direction\":null}}}}",
        "version": 1,
        "kibanaSavedObjectMeta": {
          "searchSourceJSON": "{\"filter\":[],\"query\":{\"query\":\"\",\"language\":\"lucene\"},\"indexRefName\":\"kibanaSavedObjectMeta.searchSourceJSON.index\"}"
        }
      },
      "references": [
        {
          "name": "kibanaSavedObjectMeta.searchSourceJSON.index",
          "type": "index-pattern",
          "id": "master-3baee4c0-9ca3-11e8-8653-4f4d231eec8f"
        }
      ],
      "migrationVersion": {
        "visualization": "7.3.0"
      }
    },
    {
      "id": "master-e12d6110-9ca3-11e8-8653-4f4d231eec8f",
      "type": "visualization",
      "updated_at": "2019-09-03T09:59:09.697Z",
      "version": "WzU2MywxXQ==",
      "attributes": {
        "visState": "{\"title\":\"GtpProxyStatsUrlTrends\",\"type\":\"line\",\"params\":{\"type\":\"line\",\"grid\":{\"categoryLines\":false,\"style\":{\"color\":\"#eee\"}},\"categoryAxes\":[{\"id\":\"CategoryAxis-1\",\"type\":\"category\",\"position\":\"bottom\",\"show\":true,\"style\":{},\"scale\":{\"type\":\"linear\"},\"labels\":{\"show\":true,\"truncate\":100},\"title\":{}}],\"valueAxes\":[{\"id\":\"ValueAxis-1\",\"name\":\"LeftAxis-1\",\"type\":\"value\",\"position\":\"left\",\"show\":true,\"style\":{},\"scale\":{\"type\":\"linear\",\"mode\":\"normal\"},\"labels\":{\"show\":true,\"rotate\":0,\"filter\":false,\"truncate\":100},\"title\":{\"text\":\"Hits\"}}],\"seriesParams\":[{\"show\":\"true\",\"type\":\"line\",\"mode\":\"normal\",\"data\":{\"label\":\"Hits\",\"id\":\"1\"},\"valueAxis\":\"ValueAxis-1\",\"drawLinesBetweenPoints\":true,\"showCircles\":true}],\"addTooltip\":true,\"addLegend\":true,\"legendPosition\":\"right\",\"times\":[],\"addTimeMarker\":false},\"aggs\":[{\"id\":\"1\",\"enabled\":true,\"type\":\"sum\",\"schema\":\"metric\",\"params\":{\"field\":\"hits\",\"customLabel\":\"Hits\"}},{\"id\":\"2\",\"enabled\":true,\"type\":\"date_histogram\",\"schema\":\"segment\",\"params\":{\"field\":\"cdr_timestamp\",\"interval\":\"auto\",\"min_doc_count\":1,\"extended_bounds\":{},\"customLabel\":\"Date\"}},{\"id\":\"3\",\"enabled\":true,\"type\":\"terms\",\"schema\":\"group\",\"params\":{\"field\":\"url\",\"otherBucket\":false,\"otherBucketLabel\":\"Other\",\"missingBucket\":false,\"missingBucketLabel\":\"Missing\",\"size\":10,\"order\":\"desc\",\"orderBy\":\"1\",\"customLabel\":\"URL\"}}]}",
        "description": "",
        "title": "master-GtpProxyStatsUrlTrends",
        "uiStateJSON": "{}",
        "version": 1,
        "kibanaSavedObjectMeta": {
          "searchSourceJSON": "{\"filter\":[],\"query\":{\"query\":\"\",\"language\":\"lucene\"},\"indexRefName\":\"kibanaSavedObjectMeta.searchSourceJSON.index\"}"
        }
      },
      "references": [
        {
          "name": "kibanaSavedObjectMeta.searchSourceJSON.index",
          "type": "index-pattern",
          "id": "master-3baee4c0-9ca3-11e8-8653-4f4d231eec8f"
        }
      ],
      "migrationVersion": {
        "visualization": "7.3.0"
      }
    },
    {
      "id": "master-ff3b63d0-4ecb-11e8-bd91-9d0016b69bee",
      "type": "index-pattern",
      "updated_at": "2019-09-02T16:15:11.736Z",
      "version": "Wzc5LDFd",
      "attributes": {
        "fields": "[{\"name\":\"@timestamp\",\"type\":\"date\",\"count\":0,\"scripted\":false,\"searchable\":true,\"aggregatable\":true,\"readFromDocValues\":true},{\"name\":\"_id\",\"type\":\"string\",\"count\":0,\"scripted\":false,\"searchable\":true,\"aggregatable\":true,\"readFromDocValues\":false},{\"name\":\"_index\",\"type\":\"string\",\"count\":0,\"scripted\":false,\"searchable\":true,\"aggregatable\":true,\"readFromDocValues\":false},{\"name\":\"_score\",\"type\":\"number\",\"count\":0,\"scripted\":false,\"searchable\":false,\"aggregatable\":false,\"readFromDocValues\":false},{\"name\":\"_source\",\"type\":\"_source\",\"count\":0,\"scripted\":false,\"searchable\":false,\"aggregatable\":false,\"readFromDocValues\":false},{\"name\":\"_type\",\"type\":\"string\",\"count\":0,\"scripted\":false,\"searchable\":true,\"aggregatable\":true,\"readFromDocValues\":false},{\"name\":\"apn\",\"type\":\"string\",\"count\":0,\"scripted\":false,\"searchable\":true,\"aggregatable\":true,\"readFromDocValues\":true},{\"name\":\"beat.hostname\",\"type\":\"string\",\"count\":0,\"scripted\":false,\"searchable\":true,\"aggregatable\":false,\"readFromDocValues\":false},{\"name\":\"beat.hostname.keyword\",\"type\":\"string\",\"count\":0,\"scripted\":false,\"searchable\":true,\"aggregatable\":true,\"readFromDocValues\":true},{\"name\":\"beat.name\",\"type\":\"string\",\"count\":0,\"scripted\":false,\"searchable\":true,\"aggregatable\":false,\"readFromDocValues\":false},{\"name\":\"beat.name.keyword\",\"type\":\"string\",\"count\":0,\"scripted\":false,\"searchable\":true,\"aggregatable\":true,\"readFromDocValues\":true},{\"name\":\"beat.version\",\"type\":\"string\",\"count\":0,\"scripted\":false,\"searchable\":true,\"aggregatable\":false,\"readFromDocValues\":false},{\"name\":\"beat.version.keyword\",\"type\":\"string\",\"count\":0,\"scripted\":false,\"searchable\":true,\"aggregatable\":true,\"readFromDocValues\":true},{\"name\":\"cdr_gen_date\",\"type\":\"date\",\"count\":0,\"scripted\":false,\"searchable\":true,\"aggregatable\":true,\"readFromDocValues\":true},{\"name\":\"cdr_gen_time\",\"type\":\"date\",\"count\":0,\"scripted\":false,\"searchable\":true,\"aggregatable\":true,\"readFromDocValues\":true},{\"name\":\"cdr_segment\",\"type\":\"string\",\"count\":0,\"scripted\":false,\"searchable\":true,\"aggregatable\":true,\"readFromDocValues\":true},{\"name\":\"cdr_seq_num\",\"type\":\"string\",\"count\":0,\"scripted\":false,\"searchable\":true,\"aggregatable\":true,\"readFromDocValues\":true},{\"name\":\"cdr_timestamp\",\"type\":\"date\",\"count\":0,\"scripted\":false,\"searchable\":true,\"aggregatable\":true,\"readFromDocValues\":true},{\"name\":\"chg_units_bundle\",\"type\":\"number\",\"count\":0,\"scripted\":false,\"searchable\":true,\"aggregatable\":true,\"readFromDocValues\":true},{\"name\":\"chg_units_bypass\",\"type\":\"number\",\"count\":0,\"scripted\":false,\"searchable\":true,\"aggregatable\":true,\"readFromDocValues\":true},{\"name\":\"chg_units_postpaid\",\"type\":\"number\",\"count\":0,\"scripted\":false,\"searchable\":true,\"aggregatable\":true,\"readFromDocValues\":true},{\"name\":\"chg_units_prepaid\",\"type\":\"number\",\"count\":0,\"scripted\":false,\"searchable\":true,\"aggregatable\":true,\"readFromDocValues\":true},{\"name\":\"current_rating_param\",\"type\":\"string\",\"count\":0,\"scripted\":false,\"searchable\":true,\"aggregatable\":true,\"readFromDocValues\":true},{\"name\":\"default_rate\",\"type\":\"string\",\"count\":0,\"scripted\":false,\"searchable\":true,\"aggregatable\":true,\"readFromDocValues\":true},{\"name\":\"dest_addr_map_id\",\"type\":\"string\",\"count\":0,\"scripted\":false,\"searchable\":true,\"aggregatable\":true,\"readFromDocValues\":true},{\"name\":\"downstream_byte_count\",\"type\":\"number\",\"count\":1,\"scripted\":false,\"searchable\":true,\"aggregatable\":true,\"readFromDocValues\":true},{\"name\":\"downstream_packet_count\",\"type\":\"number\",\"count\":0,\"scripted\":false,\"searchable\":true,\"aggregatable\":true,\"readFromDocValues\":true},{\"name\":\"duration\",\"type\":\"number\",\"count\":0,\"scripted\":false,\"searchable\":true,\"aggregatable\":true,\"readFromDocValues\":true},{\"name\":\"ggsn_cause_code\",\"type\":\"string\",\"count\":0,\"scripted\":false,\"searchable\":true,\"aggregatable\":true,\"readFromDocValues\":true},{\"name\":\"ggsn_ip_addr\",\"type\":\"string\",\"count\":0,\"scripted\":false,\"searchable\":true,\"aggregatable\":true,\"readFromDocValues\":true},{\"name\":\"ggsn_return_code\",\"type\":\"string\",\"count\":0,\"scripted\":false,\"searchable\":true,\"aggregatable\":true,\"readFromDocValues\":true},{\"name\":\"gtp_charging_id\",\"type\":\"string\",\"count\":0,\"scripted\":false,\"searchable\":true,\"aggregatable\":true,\"readFromDocValues\":true},{\"name\":\"imsi\",\"type\":\"string\",\"count\":0,\"scripted\":false,\"searchable\":true,\"aggregatable\":true,\"readFromDocValues\":true},{\"name\":\"index_date\",\"type\":\"string\",\"count\":0,\"scripted\":false,\"searchable\":true,\"aggregatable\":false,\"readFromDocValues\":false},{\"name\":\"index_date.keyword\",\"type\":\"string\",\"count\":0,\"scripted\":false,\"searchable\":true,\"aggregatable\":true,\"readFromDocValues\":true},{\"name\":\"ip_analysis_tab_id\",\"type\":\"string\",\"count\":0,\"scripted\":false,\"searchable\":true,\"aggregatable\":true,\"readFromDocValues\":true},{\"name\":\"ip_rating_tab_id\",\"type\":\"string\",\"count\":0,\"scripted\":false,\"searchable\":true,\"aggregatable\":true,\"readFromDocValues\":true},{\"name\":\"mcc\",\"type\":\"string\",\"count\":0,\"scripted\":false,\"searchable\":true,\"aggregatable\":true,\"readFromDocValues\":true},{\"name\":\"mnc\",\"type\":\"string\",\"count\":0,\"scripted\":false,\"searchable\":true,\"aggregatable\":true,\"readFromDocValues\":true},{\"name\":\"negotiated_qos\",\"type\":\"string\",\"count\":0,\"scripted\":false,\"searchable\":true,\"aggregatable\":true,\"readFromDocValues\":true},{\"name\":\"nsapi\",\"type\":\"string\",\"count\":0,\"scripted\":false,\"searchable\":true,\"aggregatable\":true,\"readFromDocValues\":true},{\"name\":\"offset\",\"type\":\"number\",\"count\":0,\"scripted\":false,\"searchable\":true,\"aggregatable\":true,\"readFromDocValues\":true},{\"name\":\"pdp_ip_address\",\"type\":\"string\",\"count\":0,\"scripted\":false,\"searchable\":true,\"aggregatable\":true,\"readFromDocValues\":true},{\"name\":\"prospector.type\",\"type\":\"string\",\"count\":0,\"scripted\":false,\"searchable\":true,\"aggregatable\":false,\"readFromDocValues\":false},{\"name\":\"prospector.type.keyword\",\"type\":\"string\",\"count\":0,\"scripted\":false,\"searchable\":true,\"aggregatable\":true,\"readFromDocValues\":true},{\"name\":\"rat_type\",\"type\":\"string\",\"count\":0,\"scripted\":false,\"searchable\":true,\"aggregatable\":true,\"readFromDocValues\":true},{\"name\":\"rate_percentage\",\"type\":\"string\",\"count\":0,\"scripted\":false,\"searchable\":true,\"aggregatable\":true,\"readFromDocValues\":true},{\"name\":\"rating_type\",\"type\":\"string\",\"count\":0,\"scripted\":false,\"searchable\":true,\"aggregatable\":true,\"readFromDocValues\":true},{\"name\":\"redirection\",\"type\":\"string\",\"count\":0,\"scripted\":false,\"searchable\":true,\"aggregatable\":true,\"readFromDocValues\":true},{\"name\":\"requested_qos\",\"type\":\"string\",\"count\":0,\"scripted\":false,\"searchable\":true,\"aggregatable\":true,\"readFromDocValues\":true},{\"name\":\"roaming\",\"type\":\"string\",\"count\":0,\"scripted\":false,\"searchable\":true,\"aggregatable\":true,\"readFromDocValues\":true},{\"name\":\"session_id\",\"type\":\"string\",\"count\":0,\"scripted\":false,\"searchable\":true,\"aggregatable\":true,\"readFromDocValues\":true},{\"name\":\"sgsn_ip_addr\",\"type\":\"string\",\"count\":0,\"scripted\":false,\"searchable\":true,\"aggregatable\":true,\"readFromDocValues\":true},{\"name\":\"sgsn_zone_map_id\",\"type\":\"string\",\"count\":0,\"scripted\":false,\"searchable\":true,\"aggregatable\":true,\"readFromDocValues\":true},{\"name\":\"source\",\"type\":\"string\",\"count\":0,\"scripted\":false,\"searchable\":true,\"aggregatable\":false,\"readFromDocValues\":false},{\"name\":\"source.keyword\",\"type\":\"string\",\"count\":0,\"scripted\":false,\"searchable\":true,\"aggregatable\":true,\"readFromDocValues\":true},{\"name\":\"subscription_type\",\"type\":\"string\",\"count\":0,\"scripted\":false,\"searchable\":true,\"aggregatable\":true,\"readFromDocValues\":true},{\"name\":\"svc_id\",\"type\":\"string\",\"count\":1,\"scripted\":false,\"searchable\":true,\"aggregatable\":true,\"readFromDocValues\":true},{\"name\":\"tags\",\"type\":\"string\",\"count\":0,\"scripted\":false,\"searchable\":true,\"aggregatable\":false,\"readFromDocValues\":false},{\"name\":\"tags.keyword\",\"type\":\"string\",\"count\":0,\"scripted\":false,\"searchable\":true,\"aggregatable\":true,\"readFromDocValues\":true},{\"name\":\"msisdn\",\"type\":\"string\",\"count\":0,\"scripted\":false,\"searchable\":true,\"aggregatable\":true,\"readFromDocValues\":true},{\"name\":\"tax\",\"type\":\"string\",\"count\":0,\"scripted\":false,\"searchable\":true,\"aggregatable\":true,\"readFromDocValues\":true},{\"name\":\"tc_charging_units_consumed\",\"type\":\"number\",\"count\":0,\"scripted\":false,\"searchable\":true,\"aggregatable\":true,\"readFromDocValues\":true},{\"name\":\"tc_downstream_bytes\",\"type\":\"number\",\"count\":1,\"scripted\":false,\"searchable\":true,\"aggregatable\":true,\"readFromDocValues\":true},{\"name\":\"tc_total_bytes\",\"type\":\"number\",\"count\":0,\"scripted\":false,\"searchable\":true,\"aggregatable\":true,\"readFromDocValues\":true},{\"name\":\"tc_upstream_bytes\",\"type\":\"number\",\"count\":0,\"scripted\":false,\"searchable\":true,\"aggregatable\":true,\"readFromDocValues\":true},{\"name\":\"tenant_id\",\"type\":\"string\",\"count\":0,\"scripted\":false,\"searchable\":true,\"aggregatable\":true,\"readFromDocValues\":true},{\"name\":\"total_byte_count\",\"type\":\"number\",\"count\":0,\"scripted\":false,\"searchable\":true,\"aggregatable\":true,\"readFromDocValues\":true},{\"name\":\"traffic_class\",\"type\":\"string\",\"count\":1,\"scripted\":false,\"searchable\":true,\"aggregatable\":true,\"readFromDocValues\":true},{\"name\":\"traffic_class_raw\",\"type\":\"string\",\"count\":1,\"scripted\":false,\"searchable\":true,\"aggregatable\":true,\"readFromDocValues\":true},{\"name\":\"tunnel_date\",\"type\":\"date\",\"count\":0,\"scripted\":false,\"searchable\":true,\"aggregatable\":true,\"readFromDocValues\":true},{\"name\":\"tunnel_time\",\"type\":\"date\",\"count\":0,\"scripted\":false,\"searchable\":true,\"aggregatable\":true,\"readFromDocValues\":true},{\"name\":\"txn_type\",\"type\":\"string\",\"count\":1,\"scripted\":false,\"searchable\":true,\"aggregatable\":true,\"readFromDocValues\":true},{\"name\":\"type\",\"type\":\"string\",\"count\":0,\"scripted\":false,\"searchable\":true,\"aggregatable\":false,\"readFromDocValues\":false},{\"name\":\"type.keyword\",\"type\":\"string\",\"count\":0,\"scripted\":false,\"searchable\":true,\"aggregatable\":true,\"readFromDocValues\":true},{\"name\":\"upstream_byte_count\",\"type\":\"number\",\"count\":0,\"scripted\":false,\"searchable\":true,\"aggregatable\":true,\"readFromDocValues\":true},{\"name\":\"upstream_packet_count\",\"type\":\"number\",\"count\":0,\"scripted\":false,\"searchable\":true,\"aggregatable\":true,\"readFromDocValues\":true},{\"name\":\"user_loc_info\",\"type\":\"string\",\"count\":0,\"scripted\":false,\"searchable\":true,\"aggregatable\":true,\"readFromDocValues\":true},{\"name\":\"vplmn\",\"type\":\"string\",\"count\":0,\"scripted\":false,\"searchable\":true,\"aggregatable\":true,\"readFromDocValues\":true}]",
        "timeFieldName": "cdr_timestamp",
        "title": "master-gtp_proxy"
      },
      "references": [],
      "migrationVersion": {
        "index-pattern": "6.5.0"
      }
    },
    {
      "id": "master-3baee4c0-9ca3-11e8-8653-4f4d231eec8f",
      "type": "index-pattern",
      "updated_at": "2019-09-02T16:15:11.736Z",
      "version": "WzgwLDFd",
      "attributes": {
        "fields": "[{\"name\":\"@timestamp\",\"type\":\"date\",\"count\":0,\"scripted\":false,\"searchable\":true,\"aggregatable\":true,\"readFromDocValues\":true},{\"name\":\"_id\",\"type\":\"string\",\"count\":0,\"scripted\":false,\"searchable\":true,\"aggregatable\":true,\"readFromDocValues\":false},{\"name\":\"_index\",\"type\":\"string\",\"count\":0,\"scripted\":false,\"searchable\":true,\"aggregatable\":true,\"readFromDocValues\":false},{\"name\":\"_score\",\"type\":\"number\",\"count\":0,\"scripted\":false,\"searchable\":false,\"aggregatable\":false,\"readFromDocValues\":false},{\"name\":\"_source\",\"type\":\"_source\",\"count\":0,\"scripted\":false,\"searchable\":false,\"aggregatable\":false,\"readFromDocValues\":false},{\"name\":\"_type\",\"type\":\"string\",\"count\":0,\"scripted\":false,\"searchable\":true,\"aggregatable\":true,\"readFromDocValues\":false},{\"name\":\"cdr_timestamp\",\"type\":\"date\",\"count\":0,\"scripted\":false,\"searchable\":true,\"aggregatable\":true,\"readFromDocValues\":true},{\"name\":\"hits\",\"type\":\"number\",\"count\":0,\"scripted\":false,\"searchable\":true,\"aggregatable\":true,\"readFromDocValues\":true},{\"name\":\"offset\",\"type\":\"number\",\"count\":0,\"scripted\":false,\"searchable\":true,\"aggregatable\":true,\"readFromDocValues\":true},{\"name\":\"tags\",\"type\":\"string\",\"count\":0,\"scripted\":false,\"searchable\":true,\"aggregatable\":false,\"readFromDocValues\":false},{\"name\":\"tags.keyword\",\"type\":\"string\",\"count\":0,\"scripted\":false,\"searchable\":true,\"aggregatable\":true,\"readFromDocValues\":true},{\"name\":\"tenant_id\",\"type\":\"string\",\"count\":0,\"scripted\":false,\"searchable\":true,\"aggregatable\":true,\"readFromDocValues\":true},{\"name\":\"url\",\"type\":\"string\",\"count\":4,\"scripted\":false,\"searchable\":true,\"aggregatable\":true,\"readFromDocValues\":true}]",
        "timeFieldName": "cdr_timestamp",
        "title": "master-gtp_proxy_stats"
      },
      "references": [],
      "migrationVersion": {
        "index-pattern": "6.5.0"
      }
    }
  ]
}