{
  "version": "7.3.0",
  "objects": [
    {
      "id": "d647b010-e673-11e8-a15a-57aec69ac0d0",
      "type": "dashboard",
      "updated_at": "2019-09-13T11:51:35.282Z",
      "version": "WzIzNDksMTRd",
      "attributes": {
        "title": "master--VIVO_Remove_Throttling_Offer_Acceptance_Dashboard",
        "hits": 0,
        "description": "",
        "panelsJSON": "[{\"embeddableConfig\":{\"vis\":{\"params\":{\"sort\":{\"columnIndex\":0,\"direction\":\"desc\"}}}},\"gridData\":{\"x\":0,\"y\":18,\"w\":48,\"h\":9,\"i\":\"1\"},\"panelIndex\":\"1\",\"title\":\"Remove Throttling Plan Acceptance Per Subscriber - Offer (sendSMS) and purchase (authPrice)\",\"version\":\"7.3.0\",\"panelRefName\":\"panel_0\"},{\"gridData\":{\"x\":0,\"y\":0,\"w\":48,\"h\":9,\"i\":\"2\"},\"panelIndex\":\"2\",\"title\":\"Remove Throttling Plan Acceptance - SMS Offer (Orange)   vs   Purchase Confirmation (Green)\",\"version\":\"7.3.0\",\"panelRefName\":\"panel_1\"},{\"gridData\":{\"x\":0,\"y\":9,\"w\":48,\"h\":9,\"i\":\"3\"},\"panelIndex\":\"3\",\"title\":\"Remove Throttling Plan Acceptance - SMS Offer vs Purchase Confirmation \",\"version\":\"7.3.0\",\"panelRefName\":\"panel_2\"}]",
        "optionsJSON": "{\"darkTheme\":false,\"hidePanelTitles\":false,\"useMargins\":true}",
        "version": 1,
        "timeRestore": false,
        "kibanaSavedObjectMeta": {
          "searchSourceJSON": "{\"query\":{\"language\":\"lucene\",\"query\":\"\"},\"filter\":[],\"highlightAll\":true,\"version\":true}"
        }
      },
      "references": [
        {
          "name": "panel_0",
          "type": "visualization",
          "id": "9cc8a6b0-e65e-11e8-a15a-57aec69ac0d0"
        },
        {
          "name": "panel_1",
          "type": "visualization",
          "id": "52c543c0-e672-11e8-a15a-57aec69ac0d0"
        },
        {
          "name": "panel_2",
          "type": "visualization",
          "id": "945e6b80-e678-11e8-a15a-57aec69ac0d0"
        }
      ],
      "migrationVersion": {
        "dashboard": "7.3.0"
      }
    },
    {
      "id": "9cc8a6b0-e65e-11e8-a15a-57aec69ac0d0",
      "type": "visualization",
      "updated_at": "2019-09-03T09:58:57.767Z",
      "version": "WzUwNCwxXQ==",
      "attributes": {
        "visState": "{\"title\":\"master-HrgSubscriberRemoveThrottle\",\"type\":\"table\",\"params\":{\"perPage\":10,\"showPartialRows\":false,\"showMeticsAtAllLevels\":false,\"sort\":{\"columnIndex\":null,\"direction\":null},\"showTotal\":false,\"totalFunc\":\"sum\"},\"aggs\":[{\"id\":\"1\",\"enabled\":true,\"type\":\"count\",\"schema\":\"metric\",\"params\":{\"customLabel\":\"Requests\"}},{\"id\":\"2\",\"enabled\":true,\"type\":\"date_histogram\",\"schema\":\"bucket\",\"params\":{\"field\":\"cdr_timestamp\",\"interval\":\"auto\",\"min_doc_count\":1,\"extended_bounds\":{},\"customLabel\":\"Date\"}},{\"id\":\"3\",\"enabled\":true,\"type\":\"terms\",\"schema\":\"bucket\",\"params\":{\"field\":\"msisdn\",\"otherBucket\":false,\"otherBucketLabel\":\"Other\",\"missingBucket\":false,\"missingBucketLabel\":\"Missing\",\"size\":50,\"order\":\"desc\",\"orderBy\":\"1\",\"customLabel\":\"Throttled Subscriber\"}},{\"id\":\"4\",\"enabled\":true,\"type\":\"terms\",\"schema\":\"bucket\",\"params\":{\"field\":\"req_handler_name\",\"otherBucket\":false,\"otherBucketLabel\":\"Other\",\"missingBucket\":false,\"missingBucketLabel\":\"Missing\",\"size\":5,\"order\":\"desc\",\"orderBy\":\"1\",\"customLabel\":\"SDP Operation\"}},{\"id\":\"5\",\"enabled\":true,\"type\":\"terms\",\"schema\":\"bucket\",\"params\":{\"field\":\"server_response_code\",\"otherBucket\":false,\"otherBucketLabel\":\"Other\",\"missingBucket\":false,\"missingBucketLabel\":\"Missing\",\"size\":5,\"order\":\"desc\",\"orderBy\":\"1\",\"customLabel\":\"HTTP Response\"}}]}",
        "description": "",
        "title": "master-HrgSubscriberRemoveThrottle",
        "uiStateJSON": "{\"vis\":{\"params\":{\"sort\":{\"columnIndex\":null,\"direction\":null}}}}",
        "version": 1,
        "kibanaSavedObjectMeta": {
          "searchSourceJSON": "{\"filter\":[{\"meta\":{\"type\":\"phrases\",\"key\":\"req_handler_name\",\"value\":\"RH_vivoSDP_SPCM_sendSMS, RH_vivoSDP_SPCM_authPrice\",\"params\":[\"RH_vivoSDP_SPCM_sendSMS\",\"RH_vivoSDP_SPCM_authPrice\"],\"negate\":false,\"disabled\":false,\"alias\":null,\"indexRefName\":\"kibanaSavedObjectMeta.searchSourceJSON.filter[0].meta.index\"},\"query\":{\"bool\":{\"should\":[{\"match_phrase\":{\"req_handler_name\":\"RH_vivoSDP_SPCM_sendSMS\"}},{\"match_phrase\":{\"req_handler_name\":\"RH_vivoSDP_SPCM_authPrice\"}}],\"minimum_should_match\":1}},\"$state\":{\"store\":\"appState\"}}],\"query\":{\"query\":\"\",\"language\":\"lucene\"},\"indexRefName\":\"kibanaSavedObjectMeta.searchSourceJSON.index\"}"
        }
      },
      "references": [
        {
          "name": "kibanaSavedObjectMeta.searchSourceJSON.index",
          "type": "index-pattern",
          "id": "master-eca95190-9af3-11e8-8653-4f4d231eec8f"
        },
        {
          "name": "kibanaSavedObjectMeta.searchSourceJSON.filter[0].meta.index",
          "type": "index-pattern",
          "id": "master-eca95190-9af3-11e8-8653-4f4d231eec8f"
        }
      ],
      "migrationVersion": {
        "visualization": "7.3.0"
      }
    },
    {
      "id": "52c543c0-e672-11e8-a15a-57aec69ac0d0",
      "type": "visualization",
      "updated_at": "2019-09-03T09:58:57.767Z",
      "version": "WzUwNSwxXQ==",
      "attributes": {
        "visState": "{\"title\":\"master-HrgRemoveThrottleSMSvsAuthPrice\",\"type\":\"line\",\"params\":{\"type\":\"line\",\"grid\":{\"categoryLines\":false,\"style\":{\"color\":\"#eee\"}},\"categoryAxes\":[{\"id\":\"CategoryAxis-1\",\"type\":\"category\",\"position\":\"bottom\",\"show\":true,\"style\":{},\"scale\":{\"type\":\"linear\"},\"labels\":{\"show\":true,\"truncate\":100},\"title\":{}}],\"valueAxes\":[{\"id\":\"ValueAxis-1\",\"name\":\"LeftAxis-1\",\"type\":\"value\",\"position\":\"left\",\"show\":true,\"style\":{},\"scale\":{\"type\":\"linear\",\"mode\":\"normal\"},\"labels\":{\"show\":true,\"rotate\":0,\"filter\":false,\"truncate\":100},\"title\":{\"text\":\"HTTP Requests to SDP\"}}],\"seriesParams\":[{\"show\":\"true\",\"type\":\"line\",\"mode\":\"normal\",\"data\":{\"label\":\"HTTP Requests to SDP\",\"id\":\"1\"},\"valueAxis\":\"ValueAxis-1\",\"drawLinesBetweenPoints\":true,\"showCircles\":true}],\"addTooltip\":true,\"addLegend\":true,\"legendPosition\":\"right\",\"times\":[],\"addTimeMarker\":false},\"aggs\":[{\"id\":\"1\",\"enabled\":true,\"type\":\"count\",\"schema\":\"metric\",\"params\":{\"customLabel\":\"HTTP Requests to SDP\"}},{\"id\":\"2\",\"enabled\":true,\"type\":\"date_histogram\",\"schema\":\"segment\",\"params\":{\"field\":\"cdr_timestamp\",\"interval\":\"auto\",\"min_doc_count\":1,\"extended_bounds\":{},\"customLabel\":\"Time\"}},{\"id\":\"3\",\"enabled\":true,\"type\":\"terms\",\"schema\":\"group\",\"params\":{\"field\":\"req_handler_name\",\"otherBucket\":false,\"otherBucketLabel\":\"Other\",\"missingBucket\":false,\"missingBucketLabel\":\"Missing\",\"size\":5,\"order\":\"desc\",\"orderBy\":\"1\",\"customLabel\":\"SDP Operation\"}}]}",
        "description": "",
        "title": "master-HrgRemoveThrottleSMSvsAuthPrice",
        "uiStateJSON": "{\"vis\":{\"colors\":{\"RH_vivoSDP_SPCM_authPrice\":\"#629E51\",\"RH_vivoSDP_SPCM_sendSMS\":\"#E0752D\"},\"legendOpen\":true}}",
        "version": 1,
        "kibanaSavedObjectMeta": {
          "searchSourceJSON": "{\"filter\":[{\"meta\":{\"type\":\"phrases\",\"key\":\"req_handler_name\",\"value\":\"RH_vivoSDP_SPCM_sendSMS, RH_vivoSDP_SPCM_authPrice\",\"params\":[\"RH_vivoSDP_SPCM_sendSMS\",\"RH_vivoSDP_SPCM_authPrice\"],\"negate\":false,\"disabled\":false,\"alias\":null,\"indexRefName\":\"kibanaSavedObjectMeta.searchSourceJSON.filter[0].meta.index\"},\"query\":{\"bool\":{\"should\":[{\"match_phrase\":{\"req_handler_name\":\"RH_vivoSDP_SPCM_sendSMS\"}},{\"match_phrase\":{\"req_handler_name\":\"RH_vivoSDP_SPCM_authPrice\"}}],\"minimum_should_match\":1}},\"$state\":{\"store\":\"appState\"}}],\"query\":{\"query\":\"\",\"language\":\"lucene\"},\"indexRefName\":\"kibanaSavedObjectMeta.searchSourceJSON.index\"}"
        }
      },
      "references": [
        {
          "name": "kibanaSavedObjectMeta.searchSourceJSON.index",
          "type": "index-pattern",
          "id": "master-eca95190-9af3-11e8-8653-4f4d231eec8f"
        },
        {
          "name": "kibanaSavedObjectMeta.searchSourceJSON.filter[0].meta.index",
          "type": "index-pattern",
          "id": "master-eca95190-9af3-11e8-8653-4f4d231eec8f"
        }
      ],
      "migrationVersion": {
        "visualization": "7.3.0"
      }
    },
    {
      "id": "945e6b80-e678-11e8-a15a-57aec69ac0d0",
      "type": "visualization",
      "updated_at": "2019-09-03T09:58:57.767Z",
      "version": "WzUwNiwxXQ==",
      "attributes": {
        "visState": "{\"title\":\"master-HrgRemoveThrottleSMSvsAuthPricePie\",\"type\":\"pie\",\"params\":{\"type\":\"pie\",\"addTooltip\":true,\"addLegend\":true,\"legendPosition\":\"right\",\"isDonut\":false,\"labels\":{\"show\":true,\"values\":true,\"last_level\":true,\"truncate\":100}},\"aggs\":[{\"id\":\"1\",\"enabled\":true,\"type\":\"count\",\"schema\":\"metric\",\"params\":{}},{\"id\":\"2\",\"enabled\":true,\"type\":\"terms\",\"schema\":\"segment\",\"params\":{\"field\":\"req_handler_name\",\"otherBucket\":false,\"otherBucketLabel\":\"Other\",\"missingBucket\":false,\"missingBucketLabel\":\"Missing\",\"size\":5,\"order\":\"desc\",\"orderBy\":\"1\",\"customLabel\":\"SDP Operation\"}}]}",
        "description": "",
        "title": "master-HrgRemoveThrottleSMSvsAuthPricePie",
        "uiStateJSON": "{\"vis\":{\"colors\":{\"RH_vivoSDP_SPCM_sendSMS\":\"#E0752D\",\"RH_vivoSDP_SPCM_authPrice\":\"#7EB26D\"}}}",
        "version": 1,
        "kibanaSavedObjectMeta": {
          "searchSourceJSON": "{\"filter\":[{\"meta\":{\"type\":\"phrases\",\"key\":\"req_handler_name\",\"value\":\"RH_vivoSDP_SPCM_sendSMS, RH_vivoSDP_SPCM_authPrice\",\"params\":[\"RH_vivoSDP_SPCM_sendSMS\",\"RH_vivoSDP_SPCM_authPrice\"],\"negate\":false,\"disabled\":false,\"alias\":null,\"indexRefName\":\"kibanaSavedObjectMeta.searchSourceJSON.filter[0].meta.index\"},\"query\":{\"bool\":{\"should\":[{\"match_phrase\":{\"req_handler_name\":\"RH_vivoSDP_SPCM_sendSMS\"}},{\"match_phrase\":{\"req_handler_name\":\"RH_vivoSDP_SPCM_authPrice\"}}],\"minimum_should_match\":1}},\"$state\":{\"store\":\"appState\"}}],\"query\":{\"query\":\"\",\"language\":\"lucene\"},\"indexRefName\":\"kibanaSavedObjectMeta.searchSourceJSON.index\"}"
        }
      },
      "references": [
        {
          "name": "kibanaSavedObjectMeta.searchSourceJSON.index",
          "type": "index-pattern",
          "id": "master-eca95190-9af3-11e8-8653-4f4d231eec8f"
        },
        {
          "name": "kibanaSavedObjectMeta.searchSourceJSON.filter[0].meta.index",
          "type": "index-pattern",
          "id": "master-eca95190-9af3-11e8-8653-4f4d231eec8f"
        }
      ],
      "migrationVersion": {
        "visualization": "7.3.0"
      }
    },
    {
      "id": "master-eca95190-9af3-11e8-8653-4f4d231eec8f",
      "type": "index-pattern",
      "updated_at": "2019-09-02T16:15:02.348Z",
      "version": "WzE3LDFd",
      "attributes": {
        "fields": "[{\"name\":\"@timestamp\",\"type\":\"date\",\"count\":0,\"scripted\":false,\"searchable\":true,\"aggregatable\":true,\"readFromDocValues\":true},{\"name\":\"_id\",\"type\":\"string\",\"count\":0,\"scripted\":false,\"searchable\":true,\"aggregatable\":true,\"readFromDocValues\":false},{\"name\":\"_index\",\"type\":\"string\",\"count\":0,\"scripted\":false,\"searchable\":true,\"aggregatable\":true,\"readFromDocValues\":false},{\"name\":\"_score\",\"type\":\"number\",\"count\":0,\"scripted\":false,\"searchable\":false,\"aggregatable\":false,\"readFromDocValues\":false},{\"name\":\"_source\",\"type\":\"_source\",\"count\":0,\"scripted\":false,\"searchable\":false,\"aggregatable\":false,\"readFromDocValues\":false},{\"name\":\"_type\",\"type\":\"string\",\"count\":0,\"scripted\":false,\"searchable\":true,\"aggregatable\":true,\"readFromDocValues\":false},{\"name\":\"call_ref\",\"type\":\"string\",\"count\":0,\"scripted\":false,\"searchable\":true,\"aggregatable\":true,\"readFromDocValues\":true},{\"name\":\"cdr_gen_date\",\"type\":\"date\",\"count\":0,\"scripted\":false,\"searchable\":true,\"aggregatable\":true,\"readFromDocValues\":true},{\"name\":\"cdr_gen_time\",\"type\":\"date\",\"count\":0,\"scripted\":false,\"searchable\":true,\"aggregatable\":true,\"readFromDocValues\":true},{\"name\":\"cdr_timestamp\",\"type\":\"date\",\"count\":1,\"scripted\":false,\"searchable\":true,\"aggregatable\":true,\"readFromDocValues\":true},{\"name\":\"conn_group_name\",\"type\":\"string\",\"count\":0,\"scripted\":false,\"searchable\":true,\"aggregatable\":true,\"readFromDocValues\":true},{\"name\":\"conn_names\",\"type\":\"string\",\"count\":0,\"scripted\":false,\"searchable\":true,\"aggregatable\":true,\"readFromDocValues\":true},{\"name\":\"conn_retries\",\"type\":\"number\",\"count\":0,\"scripted\":false,\"searchable\":true,\"aggregatable\":true,\"readFromDocValues\":true},{\"name\":\"final_server_response_time\",\"type\":\"string\",\"count\":0,\"scripted\":false,\"searchable\":true,\"aggregatable\":false,\"readFromDocValues\":false},{\"name\":\"final_server_response_time.keyword\",\"type\":\"string\",\"count\":0,\"scripted\":false,\"searchable\":true,\"aggregatable\":true,\"readFromDocValues\":true},{\"name\":\"hrg_response_code\",\"type\":\"string\",\"count\":1,\"scripted\":false,\"searchable\":true,\"aggregatable\":true,\"readFromDocValues\":true},{\"name\":\"hrg_response_time\",\"type\":\"number\",\"count\":1,\"scripted\":false,\"searchable\":true,\"aggregatable\":true,\"readFromDocValues\":true},{\"name\":\"index_date\",\"type\":\"string\",\"count\":0,\"scripted\":false,\"searchable\":false,\"aggregatable\":true,\"readFromDocValues\":true},{\"name\":\"params_matched\",\"type\":\"string\",\"count\":0,\"scripted\":false,\"searchable\":true,\"aggregatable\":true,\"readFromDocValues\":true},{\"name\":\"path\",\"type\":\"string\",\"count\":0,\"scripted\":false,\"searchable\":false,\"aggregatable\":true,\"readFromDocValues\":true},{\"name\":\"req_handler_name\",\"type\":\"string\",\"count\":0,\"scripted\":false,\"searchable\":true,\"aggregatable\":true,\"readFromDocValues\":true},{\"name\":\"req_recv_time\",\"type\":\"date\",\"count\":0,\"scripted\":false,\"searchable\":true,\"aggregatable\":true,\"readFromDocValues\":true},{\"name\":\"server_response_code\",\"type\":\"string\",\"count\":1,\"scripted\":false,\"searchable\":true,\"aggregatable\":true,\"readFromDocValues\":true},{\"name\":\"server_response_time\",\"type\":\"number\",\"count\":1,\"scripted\":false,\"searchable\":true,\"aggregatable\":true,\"readFromDocValues\":true},{\"name\":\"svc_id\",\"type\":\"string\",\"count\":0,\"scripted\":false,\"searchable\":true,\"aggregatable\":true,\"readFromDocValues\":true},{\"name\":\"tags\",\"type\":\"string\",\"count\":0,\"scripted\":false,\"searchable\":false,\"aggregatable\":true,\"readFromDocValues\":true},{\"name\":\"msisdn\",\"type\":\"string\",\"count\":1,\"scripted\":false,\"searchable\":true,\"aggregatable\":true,\"readFromDocValues\":true},{\"name\":\"tenant_id\",\"type\":\"string\",\"count\":0,\"scripted\":false,\"searchable\":true,\"aggregatable\":true,\"readFromDocValues\":true},{\"name\":\"txn_type\",\"type\":\"string\",\"count\":0,\"scripted\":false,\"searchable\":true,\"aggregatable\":true,\"readFromDocValues\":true}]",
        "timeFieldName": "cdr_timestamp",
        "title": "master-hrg"
      },
      "references": [],
      "migrationVersion": {
        "index-pattern": "6.5.0"
      }
    }
  ]
}