{
  "version": "7.3.0",
  "objects": [
    {
      "id": "{{ tenant }}-e1bcc9b0-971a-11e8-8653-4f4d231eec8f",
      "type": "dashboard",
      "updated_at": "2019-09-05T15:06:39.278Z",
      "version": "WzczNiwxNF0=",
      "attributes": {
        "title": "{{ tenant }}--VIVO_Plan_Purchases_Dashboard",
        "hits": 0,
        "description": "",
        "panelsJSON": "[{\"gridData\":{\"x\":0,\"y\":0,\"w\":23,\"h\":15,\"i\":\"1\"},\"panelIndex\":\"1\",\"title\":\"Plan Purchase Counts\",\"version\":\"7.3.0\",\"panelRefName\":\"panel_0\"},{\"gridData\":{\"x\":23,\"y\":0,\"w\":25,\"h\":15,\"i\":\"2\"},\"panelIndex\":\"2\",\"title\":\"Plan Purchase Counts\",\"version\":\"7.3.0\",\"panelRefName\":\"panel_1\"}]",
        "optionsJSON": "{\"darkTheme\":false,\"hidePanelTitles\":false,\"useMargins\":true}",
        "version": 1,
        "timeRestore": false,
        "kibanaSavedObjectMeta": {
          "searchSourceJSON": "{\"query\":{\"language\":\"lucene\",\"query\":\"\"},\"filter\":[],\"highlightAll\":true,\"version\":true}"
        }
      },
      "references": [
        {
          "name": "panel_0",
          "type": "visualization",
          "id": "{{ tenant }}-0235bc20-971a-11e8-8653-4f4d231eec8f"
        },
        {
          "name": "panel_1",
          "type": "visualization",
          "id": "{{ tenant }}-2a379630-971a-11e8-8653-4f4d231eec8f"
        }
      ],
      "migrationVersion": {
        "dashboard": "7.3.0"
      }
    },
    {
      "id": "{{ tenant }}-0235bc20-971a-11e8-8653-4f4d231eec8f",
      "type": "visualization",
      "updated_at": "2019-09-03T09:59:24.885Z",
      "version": "WzYxMiwxXQ==",
      "attributes": {
        "visState": "{\"title\":\"PlanPurchaseCountsBarChart\",\"type\":\"horizontal_bar\",\"params\":{\"type\":\"histogram\",\"grid\":{\"categoryLines\":false,\"style\":{\"color\":\"#eee\"}},\"categoryAxes\":[{\"id\":\"CategoryAxis-1\",\"type\":\"category\",\"position\":\"left\",\"show\":true,\"style\":{},\"scale\":{\"type\":\"linear\"},\"labels\":{\"show\":true,\"rotate\":0,\"filter\":false,\"truncate\":200},\"title\":{}}],\"valueAxes\":[{\"id\":\"ValueAxis-1\",\"name\":\"LeftAxis-1\",\"type\":\"value\",\"position\":\"bottom\",\"show\":true,\"style\":{},\"scale\":{\"type\":\"linear\",\"mode\":\"normal\",\"defaultYExtents\":false},\"labels\":{\"show\":true,\"rotate\":75,\"filter\":true,\"truncate\":100},\"title\":{\"text\":\"Number of Plans\"}}],\"seriesParams\":[{\"show\":true,\"type\":\"histogram\",\"mode\":\"normal\",\"data\":{\"label\":\"Number of Plans\",\"id\":\"1\"},\"valueAxis\":\"ValueAxis-1\",\"drawLinesBetweenPoints\":true,\"showCircles\":true}],\"addTooltip\":true,\"addLegend\":true,\"legendPosition\":\"right\",\"times\":[],\"addTimeMarker\":false},\"aggs\":[{\"id\":\"1\",\"enabled\":true,\"type\":\"count\",\"schema\":\"metric\",\"params\":{\"customLabel\":\"Number of Plans\"}},{\"id\":\"2\",\"enabled\":true,\"type\":\"terms\",\"schema\":\"segment\",\"params\":{\"field\":\"plan_name\",\"otherBucket\":false,\"otherBucketLabel\":\"Other\",\"missingBucket\":false,\"missingBucketLabel\":\"Missing\",\"size\":10,\"order\":\"desc\",\"orderBy\":\"1\",\"customLabel\":\"Plans\"}}]}",
        "description": "",
        "title": "PlanPurchaseCountsBarChart",
        "uiStateJSON": "{}",
        "version": 1,
        "kibanaSavedObjectMeta": {
          "searchSourceJSON": "{\"filter\":[{\"meta\":{\"negate\":false,\"disabled\":false,\"alias\":null,\"type\":\"phrase\",\"key\":\"txn_type\",\"value\":\"0\",\"params\":{\"query\":\"0\",\"type\":\"phrase\"},\"indexRefName\":\"kibanaSavedObjectMeta.searchSourceJSON.filter[0].meta.index\"},\"query\":{\"match\":{\"txn_type\":{\"query\":\"0\",\"type\":\"phrase\"}}},\"$state\":{\"store\":\"appState\"}}],\"query\":{\"query\":\"\",\"language\":\"lucene\"},\"indexRefName\":\"kibanaSavedObjectMeta.searchSourceJSON.index\"}"
        }
      },
      "references": [
        {
          "name": "kibanaSavedObjectMeta.searchSourceJSON.index",
          "type": "index-pattern",
          "id": "{{ tenant }}-5818a850-91b1-11e8-8653-4f4d231eec8f"
        },
        {
          "name": "kibanaSavedObjectMeta.searchSourceJSON.filter[0].meta.index",
          "type": "index-pattern",
          "id": "{{ tenant }}-5818a850-91b1-11e8-8653-4f4d231eec8f"
        }
      ],
      "migrationVersion": {
        "visualization": "7.3.0"
      }
    },
    {
      "id": "{{ tenant }}-2a379630-971a-11e8-8653-4f4d231eec8f",
      "type": "visualization",
      "updated_at": "2019-09-03T09:59:24.885Z",
      "version": "WzYxMywxXQ==",
      "attributes": {
        "visState": "{\"title\":\"PlanPurchaseCountsTable\",\"type\":\"table\",\"params\":{\"perPage\":10,\"showPartialRows\":false,\"showMeticsAtAllLevels\":false,\"sort\":{\"columnIndex\":null,\"direction\":null},\"showTotal\":false,\"totalFunc\":\"sum\"},\"aggs\":[{\"id\":\"1\",\"enabled\":true,\"type\":\"count\",\"schema\":\"metric\",\"params\":{\"customLabel\":\"Number of Plans\"}},{\"id\":\"2\",\"enabled\":true,\"type\":\"terms\",\"schema\":\"bucket\",\"params\":{\"field\":\"plan_name\",\"otherBucket\":false,\"otherBucketLabel\":\"Other\",\"missingBucket\":false,\"missingBucketLabel\":\"Missing\",\"size\":5,\"order\":\"desc\",\"orderBy\":\"1\",\"customLabel\":\"Plan Name\"}}]}",
        "description": "",
        "title": "PlanPurchaseCountsTable",
        "uiStateJSON": "{\"vis\":{\"params\":{\"sort\":{\"columnIndex\":null,\"direction\":null}}}}",
        "version": 1,
        "kibanaSavedObjectMeta": {
          "searchSourceJSON": "{\"filter\":[{\"meta\":{\"negate\":false,\"disabled\":false,\"alias\":null,\"type\":\"phrase\",\"key\":\"txn_type\",\"value\":\"0\",\"params\":{\"query\":\"0\",\"type\":\"phrase\"},\"indexRefName\":\"kibanaSavedObjectMeta.searchSourceJSON.filter[0].meta.index\"},\"query\":{\"match\":{\"txn_type\":{\"query\":\"0\",\"type\":\"phrase\"}}},\"$state\":{\"store\":\"appState\"}}],\"query\":{\"query\":\"\",\"language\":\"lucene\"},\"indexRefName\":\"kibanaSavedObjectMeta.searchSourceJSON.index\"}"
        }
      },
      "references": [
        {
          "name": "kibanaSavedObjectMeta.searchSourceJSON.index",
          "type": "index-pattern",
          "id": "{{ tenant }}-5818a850-91b1-11e8-8653-4f4d231eec8f"
        },
        {
          "name": "kibanaSavedObjectMeta.searchSourceJSON.filter[0].meta.index",
          "type": "index-pattern",
          "id": "{{ tenant }}-5818a850-91b1-11e8-8653-4f4d231eec8f"
        }
      ],
      "migrationVersion": {
        "visualization": "7.3.0"
      }
    },
    {
      "id": "{{ tenant }}-5818a850-91b1-11e8-8653-4f4d231eec8f",
      "type": "index-pattern",
      "updated_at": "2019-09-03T09:59:13.711Z",
      "version": "WzU3NiwxXQ==",
      "attributes": {
        "fields": "[{\"name\":\"@timestamp\",\"type\":\"date\",\"count\":2,\"scripted\":false,\"searchable\":true,\"aggregatable\":true,\"readFromDocValues\":true},{\"name\":\"_id\",\"type\":\"string\",\"count\":0,\"scripted\":false,\"searchable\":true,\"aggregatable\":true,\"readFromDocValues\":false},{\"name\":\"_index\",\"type\":\"string\",\"count\":0,\"scripted\":false,\"searchable\":true,\"aggregatable\":true,\"readFromDocValues\":false},{\"name\":\"_score\",\"type\":\"number\",\"count\":0,\"scripted\":false,\"searchable\":false,\"aggregatable\":false,\"readFromDocValues\":false},{\"name\":\"_source\",\"type\":\"_source\",\"count\":0,\"scripted\":false,\"searchable\":false,\"aggregatable\":false,\"readFromDocValues\":false},{\"name\":\"_type\",\"type\":\"string\",\"count\":0,\"scripted\":false,\"searchable\":true,\"aggregatable\":true,\"readFromDocValues\":false},{\"name\":\"activation_date\",\"type\":\"date\",\"count\":1,\"scripted\":false,\"searchable\":true,\"aggregatable\":true,\"readFromDocValues\":true},{\"name\":\"activation_time\",\"type\":\"date\",\"count\":3,\"scripted\":false,\"searchable\":true,\"aggregatable\":true,\"readFromDocValues\":true},{\"name\":\"booster_cost\",\"type\":\"number\",\"count\":0,\"scripted\":false,\"searchable\":true,\"aggregatable\":true,\"readFromDocValues\":true},{\"name\":\"booster_source\",\"type\":\"string\",\"count\":0,\"scripted\":false,\"searchable\":true,\"aggregatable\":true,\"readFromDocValues\":true},{\"name\":\"cancellation_cause\",\"type\":\"string\",\"count\":0,\"scripted\":false,\"searchable\":true,\"aggregatable\":true,\"readFromDocValues\":true},{\"name\":\"cdr_gen_date\",\"type\":\"date\",\"count\":2,\"scripted\":false,\"searchable\":true,\"aggregatable\":true,\"readFromDocValues\":true},{\"name\":\"cdr_gen_time\",\"type\":\"date\",\"count\":2,\"scripted\":false,\"searchable\":true,\"aggregatable\":true,\"readFromDocValues\":true},{\"name\":\"cdr_timestamp\",\"type\":\"date\",\"count\":2,\"scripted\":false,\"searchable\":true,\"aggregatable\":true,\"readFromDocValues\":true},{\"name\":\"chargeable_sub\",\"type\":\"string\",\"count\":0,\"scripted\":false,\"searchable\":true,\"aggregatable\":true,\"readFromDocValues\":true},{\"name\":\"cost\",\"type\":\"number\",\"count\":0,\"scripted\":false,\"searchable\":true,\"aggregatable\":true,\"readFromDocValues\":true},{\"name\":\"country\",\"type\":\"string\",\"count\":6,\"scripted\":false,\"searchable\":true,\"aggregatable\":true,\"readFromDocValues\":true},{\"name\":\"deactivation_count\",\"type\":\"number\",\"count\":0,\"scripted\":false,\"searchable\":true,\"aggregatable\":true,\"readFromDocValues\":true},{\"name\":\"discount_type\",\"type\":\"string\",\"count\":0,\"scripted\":false,\"searchable\":true,\"aggregatable\":true,\"readFromDocValues\":true},{\"name\":\"expiry_date\",\"type\":\"date\",\"count\":7,\"scripted\":false,\"searchable\":true,\"aggregatable\":true,\"readFromDocValues\":true},{\"name\":\"expiry_time\",\"type\":\"date\",\"count\":12,\"scripted\":false,\"searchable\":true,\"aggregatable\":true,\"readFromDocValues\":true},{\"name\":\"imsi\",\"type\":\"string\",\"count\":3,\"scripted\":false,\"searchable\":true,\"aggregatable\":true,\"readFromDocValues\":true},{\"name\":\"index_date\",\"type\":\"string\",\"count\":0,\"scripted\":false,\"searchable\":false,\"aggregatable\":true,\"readFromDocValues\":true},{\"name\":\"limit_adjustments\",\"type\":\"string\",\"count\":0,\"scripted\":false,\"searchable\":true,\"aggregatable\":true,\"readFromDocValues\":true},{\"name\":\"loan_amount\",\"type\":\"number\",\"count\":0,\"scripted\":false,\"searchable\":true,\"aggregatable\":true,\"readFromDocValues\":true},{\"name\":\"max_occurrence_count\",\"type\":\"number\",\"count\":0,\"scripted\":false,\"searchable\":true,\"aggregatable\":true,\"readFromDocValues\":true},{\"name\":\"mccmnc\",\"type\":\"string\",\"count\":2,\"scripted\":false,\"searchable\":true,\"aggregatable\":false,\"readFromDocValues\":false},{\"name\":\"mccmnc.keyword\",\"type\":\"string\",\"count\":0,\"scripted\":false,\"searchable\":true,\"aggregatable\":true,\"readFromDocValues\":true},{\"name\":\"metering_type\",\"type\":\"string\",\"count\":0,\"scripted\":false,\"searchable\":true,\"aggregatable\":true,\"readFromDocValues\":true},{\"name\":\"num_validity_boosters\",\"type\":\"number\",\"count\":0,\"scripted\":false,\"searchable\":true,\"aggregatable\":true,\"readFromDocValues\":true},{\"name\":\"num_volume_boosters\",\"type\":\"number\",\"count\":0,\"scripted\":false,\"searchable\":true,\"aggregatable\":true,\"readFromDocValues\":true},{\"name\":\"operator\",\"type\":\"string\",\"count\":8,\"scripted\":false,\"searchable\":true,\"aggregatable\":true,\"readFromDocValues\":true},{\"name\":\"path\",\"type\":\"string\",\"count\":0,\"scripted\":false,\"searchable\":false,\"aggregatable\":true,\"readFromDocValues\":true},{\"name\":\"payment_type\",\"type\":\"string\",\"count\":0,\"scripted\":false,\"searchable\":true,\"aggregatable\":true,\"readFromDocValues\":true},{\"name\":\"plan_classification\",\"type\":\"string\",\"count\":1,\"scripted\":false,\"searchable\":true,\"aggregatable\":true,\"readFromDocValues\":true},{\"name\":\"plan_cost\",\"type\":\"number\",\"count\":2,\"scripted\":false,\"searchable\":true,\"aggregatable\":true,\"readFromDocValues\":true},{\"name\":\"plan_id\",\"type\":\"string\",\"count\":8,\"scripted\":false,\"searchable\":true,\"aggregatable\":true,\"readFromDocValues\":true},{\"name\":\"plan_name\",\"type\":\"string\",\"count\":31,\"scripted\":false,\"searchable\":true,\"aggregatable\":true,\"readFromDocValues\":true},{\"name\":\"plan_precedence\",\"type\":\"string\",\"count\":0,\"scripted\":false,\"searchable\":true,\"aggregatable\":true,\"readFromDocValues\":true},{\"name\":\"plan_state\",\"type\":\"string\",\"count\":2,\"scripted\":false,\"searchable\":true,\"aggregatable\":true,\"readFromDocValues\":true},{\"name\":\"plan_type\",\"type\":\"string\",\"count\":0,\"scripted\":false,\"searchable\":true,\"aggregatable\":true,\"readFromDocValues\":true},{\"name\":\"plan_version\",\"type\":\"string\",\"count\":0,\"scripted\":false,\"searchable\":true,\"aggregatable\":true,\"readFromDocValues\":true},{\"name\":\"plmn_id\",\"type\":\"string\",\"count\":7,\"scripted\":false,\"searchable\":true,\"aggregatable\":true,\"readFromDocValues\":true},{\"name\":\"purchase_date\",\"type\":\"date\",\"count\":1,\"scripted\":false,\"searchable\":true,\"aggregatable\":true,\"readFromDocValues\":true},{\"name\":\"purchase_src\",\"type\":\"string\",\"count\":8,\"scripted\":false,\"searchable\":true,\"aggregatable\":true,\"readFromDocValues\":true},{\"name\":\"purchase_tags\",\"type\":\"string\",\"count\":19,\"scripted\":false,\"searchable\":true,\"aggregatable\":true,\"readFromDocValues\":true},{\"name\":\"purchase_time\",\"type\":\"date\",\"count\":1,\"scripted\":false,\"searchable\":true,\"aggregatable\":true,\"readFromDocValues\":true},{\"name\":\"purchase_type\",\"type\":\"string\",\"count\":1,\"scripted\":false,\"searchable\":true,\"aggregatable\":true,\"readFromDocValues\":true},{\"name\":\"recurrence_count\",\"type\":\"number\",\"count\":1,\"scripted\":false,\"searchable\":true,\"aggregatable\":true,\"readFromDocValues\":true},{\"name\":\"recurrence_flag\",\"type\":\"string\",\"count\":0,\"scripted\":false,\"searchable\":true,\"aggregatable\":true,\"readFromDocValues\":true},{\"name\":\"shared_plan_flag\",\"type\":\"string\",\"count\":0,\"scripted\":false,\"searchable\":true,\"aggregatable\":true,\"readFromDocValues\":true},{\"name\":\"svc_id\",\"type\":\"string\",\"count\":33,\"scripted\":false,\"searchable\":true,\"aggregatable\":true,\"readFromDocValues\":true},{\"name\":\"tags\",\"type\":\"string\",\"count\":2,\"scripted\":false,\"searchable\":false,\"aggregatable\":true,\"readFromDocValues\":true},{\"name\":\"msisdn\",\"type\":\"string\",\"count\":18,\"scripted\":false,\"searchable\":true,\"aggregatable\":true,\"readFromDocValues\":true},{\"name\":\"tenant_id\",\"type\":\"string\",\"count\":0,\"scripted\":false,\"searchable\":true,\"aggregatable\":true,\"readFromDocValues\":true},{\"name\":\"txn_type\",\"type\":\"string\",\"count\":41,\"scripted\":false,\"searchable\":true,\"aggregatable\":true,\"readFromDocValues\":true},{\"name\":\"validity_carry_fwd\",\"type\":\"number\",\"count\":0,\"scripted\":false,\"searchable\":true,\"aggregatable\":true,\"readFromDocValues\":true},{\"name\":\"vat_rate\",\"type\":\"number\",\"count\":0,\"scripted\":false,\"searchable\":true,\"aggregatable\":true,\"readFromDocValues\":true},{\"name\":\"volume_limit\",\"type\":\"number\",\"count\":0,\"scripted\":false,\"searchable\":true,\"aggregatable\":true,\"readFromDocValues\":true},{\"name\":\"vplmn\",\"type\":\"string\",\"count\":1,\"scripted\":false,\"searchable\":true,\"aggregatable\":true,\"readFromDocValues\":true},{\"name\":\"is_purchase\",\"type\":\"number\",\"count\":2,\"scripted\":true,\"script\":\"if ((doc[\\\"svc_id\\\"].value.equals(\\\"39\\\")) && (doc[\\\"txn_type\\\"].value.equals(\\\"0\\\"))) { \\n    return 1; \\n} else { \\n    return 0; \\n}\",\"lang\":\"painless\",\"searchable\":true,\"aggregatable\":true,\"readFromDocValues\":false},{\"name\":\"plmn_id_Replace\",\"type\":\"string\",\"count\":0,\"scripted\":true,\"script\":\"def path = doc['plmn_id'].value;\\nif (path != null) {\\n    return path.replace('%{purchase_src_unparsed[0]}','Provisioned_By_VIVO_CAM');\\n}\\nreturn path;\",\"lang\":\"painless\",\"searchable\":true,\"aggregatable\":true,\"readFromDocValues\":false},{\"name\":\"operator_Replace\",\"type\":\"string\",\"count\":0,\"scripted\":true,\"script\":\"def path = doc['operator'].value;\\nif (path != null) {\\n    return path.replace('%{purchase_src_unparsed[0]}','Provisioned_By_VIVO_CAM');\\n}\\nreturn path;\",\"lang\":\"painless\",\"searchable\":true,\"aggregatable\":true,\"readFromDocValues\":false},{\"name\":\"country_Replace\",\"type\":\"string\",\"count\":0,\"scripted\":true,\"script\":\"def path = doc['country'].value;\\nif (path != null) {\\n    return path.replace('%{purchase_src_unparsed[0]}','Provisioned_By_VIVO_CAM');\\n}\\nreturn path;\",\"lang\":\"painless\",\"searchable\":true,\"aggregatable\":true,\"readFromDocValues\":false},{\"name\":\"purchase_src_Replace\",\"type\":\"string\",\"count\":0,\"scripted\":true,\"script\":\"def path = doc['purchase_src'].value;\\nif (path != null) {\\n    return path.replace('%{purchase_src_unparsed[0]}','No_set_by_Vivo_CAM');\\n}\\nreturn path;\",\"lang\":\"painless\",\"searchable\":true,\"aggregatable\":true,\"readFromDocValues\":false}]",
        "timeFieldName": "cdr_timestamp",
        "title": "{{ tenant }}-pcc-spcm-plan"
      },
      "references": [],
      "migrationVersion": {
        "index-pattern": "6.5.0"
      }
    }
  ]
}