{
  "version": "7.3.0",
  "objects": [
    {
      "id": "{{ tenant }}-8c077710-96fa-11e8-8653-4f4d231eec8f",
      "type": "dashboard",
      "updated_at": "2019-09-05T15:04:24.806Z",
      "version": "WzczNCwxNF0=",
      "attributes": {
        "title": "{{ tenant }}--VIVO_General_KPIs_Dashboard",
        "hits": 0,
        "description": "",
        "panelsJSON": "[{\"panelIndex\":\"2\",\"gridData\":{\"x\":16,\"y\":0,\"w\":17,\"h\":11,\"i\":\"2\"},\"embeddableConfig\":{\"spy\":null},\"title\":\"Unique Subscribers\",\"version\":\"7.3.0\",\"panelRefName\":\"panel_0\"},{\"panelIndex\":\"3\",\"gridData\":{\"x\":0,\"y\":0,\"w\":16,\"h\":11,\"i\":\"3\"},\"title\":\"Purchases\",\"version\":\"7.3.0\",\"panelRefName\":\"panel_1\"},{\"panelIndex\":\"4\",\"gridData\":{\"x\":33,\"y\":0,\"w\":15,\"h\":11,\"i\":\"4\"},\"title\":\" Revenue\",\"version\":\"7.3.0\",\"panelRefName\":\"panel_2\"},{\"panelIndex\":\"6\",\"gridData\":{\"x\":0,\"y\":11,\"w\":24,\"h\":14,\"i\":\"6\"},\"title\":\"Data Sessions\",\"version\":\"7.3.0\",\"panelRefName\":\"panel_3\"},{\"title\":\"Revenue\",\"panelIndex\":\"7\",\"gridData\":{\"x\":24,\"y\":11,\"w\":24,\"h\":14,\"i\":\"7\"},\"version\":\"7.3.0\",\"panelRefName\":\"panel_4\"}]",
        "optionsJSON": "{\"darkTheme\":false,\"hidePanelTitles\":false,\"useMargins\":true}",
        "version": 1,
        "timeRestore": false,
        "kibanaSavedObjectMeta": {
          "searchSourceJSON": "{\"query\":{\"language\":\"lucene\",\"query\":\"\"},\"filter\":[],\"highlightAll\":true,\"version\":true}"
        }
      },
      "references": [
        {
          "name": "panel_0",
          "type": "visualization",
          "id": "{{ tenant }}-c9465df0-9667-11e8-8653-4f4d231eec8f"
        },
        {
          "name": "panel_1",
          "type": "visualization",
          "id": "{{ tenant }}-688d5c60-9668-11e8-8653-4f4d231eec8f"
        },
        {
          "name": "panel_2",
          "type": "visualization",
          "id": "{{ tenant }}-38a2d200-9668-11e8-8653-4f4d231eec8f"
        },
        {
          "name": "panel_3",
          "type": "visualization",
          "id": "{{ tenant }}-b1bc-11e8-b76c-81b5bbef840e"
        },
        {
          "name": "panel_4",
          "type": "visualization",
          "id": "4472b5b0-d8a2-11e8-9f37-ad85cf0a7341"
        }
      ],
      "migrationVersion": {
        "dashboard": "7.3.0"
      }
    },
    {
      "id": "{{ tenant }}-c9465df0-9667-11e8-8653-4f4d231eec8f",
      "type": "visualization",
      "updated_at": "2019-09-03T09:59:22.854Z",
      "version": "WzYwMywxXQ==",
      "attributes": {
        "visState": "{\"title\":\"UniqueSubscribers\",\"type\":\"line\",\"params\":{\"type\":\"line\",\"grid\":{\"categoryLines\":false,\"style\":{\"color\":\"#eee\"},\"valueAxis\":\"ValueAxis-1\"},\"categoryAxes\":[{\"id\":\"CategoryAxis-1\",\"type\":\"category\",\"position\":\"bottom\",\"show\":true,\"style\":{},\"scale\":{\"type\":\"linear\"},\"labels\":{\"show\":true,\"truncate\":100},\"title\":{}}],\"valueAxes\":[{\"id\":\"ValueAxis-1\",\"name\":\"LeftAxis-1\",\"type\":\"value\",\"position\":\"left\",\"show\":true,\"style\":{},\"scale\":{\"type\":\"linear\",\"mode\":\"normal\"},\"labels\":{\"show\":true,\"rotate\":0,\"filter\":false,\"truncate\":100},\"title\":{\"text\":\"Unique Subscribers\"}}],\"seriesParams\":[{\"show\":\"true\",\"type\":\"line\",\"mode\":\"normal\",\"data\":{\"label\":\"Unique Subscribers\",\"id\":\"1\"},\"valueAxis\":\"ValueAxis-1\",\"drawLinesBetweenPoints\":true,\"showCircles\":true}],\"addTooltip\":true,\"addLegend\":true,\"legendPosition\":\"right\",\"times\":[],\"addTimeMarker\":false},\"aggs\":[{\"id\":\"1\",\"enabled\":true,\"type\":\"cardinality\",\"schema\":\"metric\",\"params\":{\"field\":\"msisdn\",\"customLabel\":\"Unique Subscribers\"}},{\"id\":\"2\",\"enabled\":true,\"type\":\"date_histogram\",\"schema\":\"segment\",\"params\":{\"field\":\"cdr_timestamp\",\"interval\":\"auto\",\"min_doc_count\":1,\"extended_bounds\":{},\"customLabel\":\"Date\"}}]}",
        "description": "",
        "title": "{{ tenant }}-UniqueSubscribers",
        "uiStateJSON": "{\"spy\":{\"mode\":{\"name\":\"table\"}}}",
        "version": 1,
        "kibanaSavedObjectMeta": {
          "searchSourceJSON": "{\"filter\":[],\"query\":{\"query\":\"\",\"language\":\"lucene\"},\"indexRefName\":\"kibanaSavedObjectMeta.searchSourceJSON.index\"}"
        }
      },
      "references": [
        {
          "name": "kibanaSavedObjectMeta.searchSourceJSON.index",
          "type": "index-pattern",
          "id": "{{ tenant }}-5818a850-91b1-11e8-8653-4f4d231eec8f"
        }
      ],
      "migrationVersion": {
        "visualization": "7.3.0"
      }
    },
    {
      "id": "{{ tenant }}-688d5c60-9668-11e8-8653-4f4d231eec8f",
      "type": "visualization",
      "updated_at": "2019-09-03T09:59:22.854Z",
      "version": "WzYwNCwxXQ==",
      "attributes": {
        "visState": "{\"title\":\"Purchases\",\"type\":\"line\",\"params\":{\"type\":\"line\",\"grid\":{\"categoryLines\":false,\"style\":{\"color\":\"#eee\"}},\"categoryAxes\":[{\"id\":\"CategoryAxis-1\",\"type\":\"category\",\"position\":\"bottom\",\"show\":true,\"style\":{},\"scale\":{\"type\":\"linear\"},\"labels\":{\"show\":true,\"truncate\":100},\"title\":{}}],\"valueAxes\":[{\"id\":\"ValueAxis-1\",\"name\":\"LeftAxis-1\",\"type\":\"value\",\"position\":\"left\",\"show\":true,\"style\":{},\"scale\":{\"type\":\"linear\",\"mode\":\"normal\"},\"labels\":{\"show\":true,\"rotate\":0,\"filter\":false,\"truncate\":100},\"title\":{\"text\":\"Purchases\"}}],\"seriesParams\":[{\"show\":\"true\",\"type\":\"line\",\"mode\":\"normal\",\"data\":{\"label\":\"Purchases\",\"id\":\"1\"},\"valueAxis\":\"ValueAxis-1\",\"drawLinesBetweenPoints\":true,\"showCircles\":true}],\"addTooltip\":true,\"addLegend\":true,\"legendPosition\":\"right\",\"times\":[],\"addTimeMarker\":false},\"aggs\":[{\"id\":\"1\",\"enabled\":true,\"type\":\"count\",\"schema\":\"metric\",\"params\":{\"customLabel\":\"Purchases\"}},{\"id\":\"2\",\"enabled\":true,\"type\":\"date_histogram\",\"schema\":\"segment\",\"params\":{\"field\":\"cdr_timestamp\",\"interval\":\"auto\",\"min_doc_count\":1,\"extended_bounds\":{},\"customLabel\":\"Date\"}}]}",
        "description": "",
        "title": "{{ tenant }}-Purchases",
        "uiStateJSON": "{}",
        "version": 1,
        "kibanaSavedObjectMeta": {
          "searchSourceJSON": "{\"filter\":[{\"meta\":{\"negate\":true,\"disabled\":false,\"alias\":null,\"type\":\"phrase\",\"key\":\"cost\",\"value\":\"0\",\"params\":{\"query\":0,\"type\":\"phrase\"},\"indexRefName\":\"kibanaSavedObjectMeta.searchSourceJSON.filter[0].meta.index\"},\"query\":{\"match\":{\"cost\":{\"query\":0,\"type\":\"phrase\"}}},\"$state\":{\"store\":\"appState\"}}],\"query\":{\"query\":\"\",\"language\":\"lucene\"},\"indexRefName\":\"kibanaSavedObjectMeta.searchSourceJSON.index\"}"
        }
      },
      "references": [
        {
          "name": "kibanaSavedObjectMeta.searchSourceJSON.index",
          "type": "index-pattern",
          "id": "{{ tenant }}-5818a850-91b1-11e8-8653-4f4d231eec8f"
        },
        {
          "name": "kibanaSavedObjectMeta.searchSourceJSON.filter[0].meta.index",
          "type": "index-pattern",
          "id": "{{ tenant }}-5818a850-91b1-11e8-8653-4f4d231eec8f"
        }
      ],
      "migrationVersion": {
        "visualization": "7.3.0"
      }
    },
    {
      "id": "{{ tenant }}-38a2d200-9668-11e8-8653-4f4d231eec8f",
      "type": "visualization",
      "updated_at": "2019-09-03T09:59:22.854Z",
      "version": "WzYwNSwxXQ==",
      "attributes": {
        "visState": "{\"title\":\"Revenue\",\"type\":\"line\",\"params\":{\"type\":\"line\",\"grid\":{\"categoryLines\":false,\"style\":{\"color\":\"#eee\"}},\"categoryAxes\":[{\"id\":\"CategoryAxis-1\",\"type\":\"category\",\"position\":\"bottom\",\"show\":true,\"style\":{},\"scale\":{\"type\":\"linear\"},\"labels\":{\"show\":true,\"truncate\":100},\"title\":{}}],\"valueAxes\":[{\"id\":\"ValueAxis-1\",\"name\":\"LeftAxis-1\",\"type\":\"value\",\"position\":\"left\",\"show\":true,\"style\":{},\"scale\":{\"type\":\"linear\",\"mode\":\"normal\"},\"labels\":{\"show\":true,\"rotate\":0,\"filter\":false,\"truncate\":100},\"title\":{\"text\":\"Revenue\"}}],\"seriesParams\":[{\"show\":\"true\",\"type\":\"line\",\"mode\":\"normal\",\"data\":{\"label\":\"Revenue\",\"id\":\"1\"},\"valueAxis\":\"ValueAxis-1\",\"drawLinesBetweenPoints\":true,\"showCircles\":true}],\"addTooltip\":true,\"addLegend\":true,\"legendPosition\":\"right\",\"times\":[],\"addTimeMarker\":false},\"aggs\":[{\"id\":\"1\",\"enabled\":true,\"type\":\"sum\",\"schema\":\"metric\",\"params\":{\"field\":\"cost\",\"customLabel\":\"Revenue\"}},{\"id\":\"2\",\"enabled\":true,\"type\":\"date_histogram\",\"schema\":\"segment\",\"params\":{\"field\":\"cdr_timestamp\",\"interval\":\"auto\",\"min_doc_count\":1,\"extended_bounds\":{},\"customLabel\":\"Date\"}}]}",
        "description": "",
        "title": "{{ tenant }}-Revenue",
        "uiStateJSON": "{}",
        "version": 1,
        "kibanaSavedObjectMeta": {
          "searchSourceJSON": "{\"filter\":[],\"query\":{\"query\":\"\",\"language\":\"lucene\"},\"indexRefName\":\"kibanaSavedObjectMeta.searchSourceJSON.index\"}"
        }
      },
      "references": [
        {
          "name": "kibanaSavedObjectMeta.searchSourceJSON.index",
          "type": "index-pattern",
          "id": "{{ tenant }}-5818a850-91b1-11e8-8653-4f4d231eec8f"
        }
      ],
      "migrationVersion": {
        "visualization": "7.3.0"
      }
    },
    {
      "id": "{{ tenant }}-b1bc-11e8-b76c-81b5bbef840e",
      "type": "visualization",
      "updated_at": "2019-09-03T09:59:22.854Z",
      "version": "WzYwNiwxXQ==",
      "attributes": {
        "visState": "{\"title\":\"{{ tenant }}-Data Sessions\",\"type\":\"table\",\"params\":{\"perPage\":10,\"showPartialRows\":false,\"showMeticsAtAllLevels\":false,\"sort\":{\"columnIndex\":null,\"direction\":null},\"showTotal\":false,\"totalFunc\":\"sum\"},\"aggs\":[{\"id\":\"1\",\"enabled\":true,\"type\":\"cardinality\",\"schema\":\"metric\",\"params\":{\"field\":\"msisdn\",\"customLabel\":\"Unique Subscribers\"}},{\"id\":\"2\",\"enabled\":true,\"type\":\"date_histogram\",\"schema\":\"bucket\",\"params\":{\"field\":\"cdr_timestamp\",\"interval\":\"d\",\"min_doc_count\":1,\"extended_bounds\":{},\"customLabel\":\"Date\"}},{\"id\":\"3\",\"enabled\":true,\"type\":\"sum\",\"schema\":\"metric\",\"params\":{\"field\":\"used_volume\",\"json\":\"{\\n  \\\"script\\\": {\\n    \\\"lang\\\": \\\"painless\\\",\\n    \\\"inline\\\": \\\"return doc['used_volume'].value / (1024*1024);\\\"\\n  }\\n}\",\"customLabel\":\"Data Used (MB)\"}}]}",
        "description": "",
        "title": "{{ tenant }}-Data Sessions",
        "uiStateJSON": "{\"vis\":{\"params\":{\"sort\":{\"columnIndex\":null,\"direction\":null}}}}",
        "version": 1,
        "kibanaSavedObjectMeta": {
          "searchSourceJSON": "{\"filter\":[],\"query\":{\"query\":\"\",\"language\":\"lucene\"},\"indexRefName\":\"kibanaSavedObjectMeta.searchSourceJSON.index\"}"
        }
      },
      "references": [
        {
          "name": "kibanaSavedObjectMeta.searchSourceJSON.index",
          "type": "index-pattern",
          "id": "{{ tenant }}-48652ff0-91b1-11e8-8653-4f4d231eec8f"
        }
      ],
      "migrationVersion": {
        "visualization": "7.3.0"
      }
    },
    {
      "id": "4472b5b0-d8a2-11e8-9f37-ad85cf0a7341",
      "type": "visualization",
      "updated_at": "2019-09-03T09:59:22.854Z",
      "version": "WzYwNywxXQ==",
      "attributes": {
        "visState": "{\"title\":\"{{ tenant }}-RevenueTable\",\"type\":\"table\",\"params\":{\"perPage\":10,\"showPartialRows\":false,\"showMeticsAtAllLevels\":false,\"sort\":{\"columnIndex\":null,\"direction\":null},\"showTotal\":false,\"totalFunc\":\"sum\"},\"aggs\":[{\"id\":\"1\",\"enabled\":true,\"type\":\"cardinality\",\"schema\":\"metric\",\"params\":{\"field\":\"msisdn\",\"customLabel\":\"Unique Subscribers (Purchasers)\"}},{\"id\":\"2\",\"enabled\":true,\"type\":\"date_histogram\",\"schema\":\"bucket\",\"params\":{\"field\":\"cdr_timestamp\",\"interval\":\"d\",\"min_doc_count\":1,\"extended_bounds\":{},\"customLabel\":\"Date\"}},{\"id\":\"3\",\"enabled\":true,\"type\":\"count\",\"schema\":\"metric\",\"params\":{\"customLabel\":\"Num Purchases\"}},{\"id\":\"4\",\"enabled\":true,\"type\":\"sum\",\"schema\":\"metric\",\"params\":{\"field\":\"cost\",\"customLabel\":\"Revenue\"}}]}",
        "description": "",
        "title": "{{ tenant }}-RevenueTable",
        "uiStateJSON": "{\"vis\":{\"params\":{\"sort\":{\"columnIndex\":null,\"direction\":null}}}}",
        "version": 1,
        "kibanaSavedObjectMeta": {
          "searchSourceJSON": "{\"filter\":[{\"meta\":{\"negate\":false,\"disabled\":false,\"alias\":null,\"type\":\"phrase\",\"key\":\"txn_type\",\"value\":\"0\",\"params\":{\"query\":\"0\",\"type\":\"phrase\"},\"indexRefName\":\"kibanaSavedObjectMeta.searchSourceJSON.filter[0].meta.index\"},\"query\":{\"match\":{\"txn_type\":{\"query\":\"0\",\"type\":\"phrase\"}}},\"$state\":{\"store\":\"appState\"}},{\"meta\":{\"negate\":false,\"disabled\":false,\"alias\":null,\"type\":\"phrase\",\"key\":\"plan_name\",\"value\":\"RemoveThrottlingZones456\",\"params\":{\"query\":\"RemoveThrottlingZones456\",\"type\":\"phrase\"},\"indexRefName\":\"kibanaSavedObjectMeta.searchSourceJSON.filter[1].meta.index\"},\"query\":{\"match\":{\"plan_name\":{\"query\":\"RemoveThrottlingZones456\",\"type\":\"phrase\"}}},\"$state\":{\"store\":\"appState\"}}],\"query\":{\"query\":\"\",\"language\":\"lucene\"},\"indexRefName\":\"kibanaSavedObjectMeta.searchSourceJSON.index\"}"
        }
      },
      "references": [
        {
          "name": "kibanaSavedObjectMeta.searchSourceJSON.index",
          "type": "index-pattern",
          "id": "{{ tenant }}-5818a850-91b1-11e8-8653-4f4d231eec8f"
        },
        {
          "name": "kibanaSavedObjectMeta.searchSourceJSON.filter[0].meta.index",
          "type": "index-pattern",
          "id": "{{ tenant }}-5818a850-91b1-11e8-8653-4f4d231eec8f"
        },
        {
          "name": "kibanaSavedObjectMeta.searchSourceJSON.filter[1].meta.index",
          "type": "index-pattern",
          "id": "{{ tenant }}-5818a850-91b1-11e8-8653-4f4d231eec8f"
        }
      ],
      "migrationVersion": {
        "visualization": "7.3.0"
      }
    },
    {
      "id": "{{ tenant }}-5818a850-91b1-11e8-8653-4f4d231eec8f",
      "type": "index-pattern",
      "updated_at": "2019-09-03T09:59:13.711Z",
      "version": "WzU3NiwxXQ==",
      "attributes": {
        "fields": "[{\"name\":\"@timestamp\",\"type\":\"date\",\"count\":2,\"scripted\":false,\"searchable\":true,\"aggregatable\":true,\"readFromDocValues\":true},{\"name\":\"_id\",\"type\":\"string\",\"count\":0,\"scripted\":false,\"searchable\":true,\"aggregatable\":true,\"readFromDocValues\":false},{\"name\":\"_index\",\"type\":\"string\",\"count\":0,\"scripted\":false,\"searchable\":true,\"aggregatable\":true,\"readFromDocValues\":false},{\"name\":\"_score\",\"type\":\"number\",\"count\":0,\"scripted\":false,\"searchable\":false,\"aggregatable\":false,\"readFromDocValues\":false},{\"name\":\"_source\",\"type\":\"_source\",\"count\":0,\"scripted\":false,\"searchable\":false,\"aggregatable\":false,\"readFromDocValues\":false},{\"name\":\"_type\",\"type\":\"string\",\"count\":0,\"scripted\":false,\"searchable\":true,\"aggregatable\":true,\"readFromDocValues\":false},{\"name\":\"activation_date\",\"type\":\"date\",\"count\":1,\"scripted\":false,\"searchable\":true,\"aggregatable\":true,\"readFromDocValues\":true},{\"name\":\"activation_time\",\"type\":\"date\",\"count\":3,\"scripted\":false,\"searchable\":true,\"aggregatable\":true,\"readFromDocValues\":true},{\"name\":\"booster_cost\",\"type\":\"number\",\"count\":0,\"scripted\":false,\"searchable\":true,\"aggregatable\":true,\"readFromDocValues\":true},{\"name\":\"booster_source\",\"type\":\"string\",\"count\":0,\"scripted\":false,\"searchable\":true,\"aggregatable\":true,\"readFromDocValues\":true},{\"name\":\"cancellation_cause\",\"type\":\"string\",\"count\":0,\"scripted\":false,\"searchable\":true,\"aggregatable\":true,\"readFromDocValues\":true},{\"name\":\"cdr_gen_date\",\"type\":\"date\",\"count\":2,\"scripted\":false,\"searchable\":true,\"aggregatable\":true,\"readFromDocValues\":true},{\"name\":\"cdr_gen_time\",\"type\":\"date\",\"count\":2,\"scripted\":false,\"searchable\":true,\"aggregatable\":true,\"readFromDocValues\":true},{\"name\":\"cdr_timestamp\",\"type\":\"date\",\"count\":2,\"scripted\":false,\"searchable\":true,\"aggregatable\":true,\"readFromDocValues\":true},{\"name\":\"chargeable_sub\",\"type\":\"string\",\"count\":0,\"scripted\":false,\"searchable\":true,\"aggregatable\":true,\"readFromDocValues\":true},{\"name\":\"cost\",\"type\":\"number\",\"count\":0,\"scripted\":false,\"searchable\":true,\"aggregatable\":true,\"readFromDocValues\":true},{\"name\":\"country\",\"type\":\"string\",\"count\":6,\"scripted\":false,\"searchable\":true,\"aggregatable\":true,\"readFromDocValues\":true},{\"name\":\"deactivation_count\",\"type\":\"number\",\"count\":0,\"scripted\":false,\"searchable\":true,\"aggregatable\":true,\"readFromDocValues\":true},{\"name\":\"discount_type\",\"type\":\"string\",\"count\":0,\"scripted\":false,\"searchable\":true,\"aggregatable\":true,\"readFromDocValues\":true},{\"name\":\"expiry_date\",\"type\":\"date\",\"count\":7,\"scripted\":false,\"searchable\":true,\"aggregatable\":true,\"readFromDocValues\":true},{\"name\":\"expiry_time\",\"type\":\"date\",\"count\":12,\"scripted\":false,\"searchable\":true,\"aggregatable\":true,\"readFromDocValues\":true},{\"name\":\"imsi\",\"type\":\"string\",\"count\":3,\"scripted\":false,\"searchable\":true,\"aggregatable\":true,\"readFromDocValues\":true},{\"name\":\"index_date\",\"type\":\"string\",\"count\":0,\"scripted\":false,\"searchable\":false,\"aggregatable\":true,\"readFromDocValues\":true},{\"name\":\"limit_adjustments\",\"type\":\"string\",\"count\":0,\"scripted\":false,\"searchable\":true,\"aggregatable\":true,\"readFromDocValues\":true},{\"name\":\"loan_amount\",\"type\":\"number\",\"count\":0,\"scripted\":false,\"searchable\":true,\"aggregatable\":true,\"readFromDocValues\":true},{\"name\":\"max_occurrence_count\",\"type\":\"number\",\"count\":0,\"scripted\":false,\"searchable\":true,\"aggregatable\":true,\"readFromDocValues\":true},{\"name\":\"mccmnc\",\"type\":\"string\",\"count\":2,\"scripted\":false,\"searchable\":true,\"aggregatable\":false,\"readFromDocValues\":false},{\"name\":\"mccmnc.keyword\",\"type\":\"string\",\"count\":0,\"scripted\":false,\"searchable\":true,\"aggregatable\":true,\"readFromDocValues\":true},{\"name\":\"metering_type\",\"type\":\"string\",\"count\":0,\"scripted\":false,\"searchable\":true,\"aggregatable\":true,\"readFromDocValues\":true},{\"name\":\"num_validity_boosters\",\"type\":\"number\",\"count\":0,\"scripted\":false,\"searchable\":true,\"aggregatable\":true,\"readFromDocValues\":true},{\"name\":\"num_volume_boosters\",\"type\":\"number\",\"count\":0,\"scripted\":false,\"searchable\":true,\"aggregatable\":true,\"readFromDocValues\":true},{\"name\":\"operator\",\"type\":\"string\",\"count\":8,\"scripted\":false,\"searchable\":true,\"aggregatable\":true,\"readFromDocValues\":true},{\"name\":\"path\",\"type\":\"string\",\"count\":0,\"scripted\":false,\"searchable\":false,\"aggregatable\":true,\"readFromDocValues\":true},{\"name\":\"payment_type\",\"type\":\"string\",\"count\":0,\"scripted\":false,\"searchable\":true,\"aggregatable\":true,\"readFromDocValues\":true},{\"name\":\"plan_classification\",\"type\":\"string\",\"count\":1,\"scripted\":false,\"searchable\":true,\"aggregatable\":true,\"readFromDocValues\":true},{\"name\":\"plan_cost\",\"type\":\"number\",\"count\":2,\"scripted\":false,\"searchable\":true,\"aggregatable\":true,\"readFromDocValues\":true},{\"name\":\"plan_id\",\"type\":\"string\",\"count\":8,\"scripted\":false,\"searchable\":true,\"aggregatable\":true,\"readFromDocValues\":true},{\"name\":\"plan_name\",\"type\":\"string\",\"count\":31,\"scripted\":false,\"searchable\":true,\"aggregatable\":true,\"readFromDocValues\":true},{\"name\":\"plan_precedence\",\"type\":\"string\",\"count\":0,\"scripted\":false,\"searchable\":true,\"aggregatable\":true,\"readFromDocValues\":true},{\"name\":\"plan_state\",\"type\":\"string\",\"count\":2,\"scripted\":false,\"searchable\":true,\"aggregatable\":true,\"readFromDocValues\":true},{\"name\":\"plan_type\",\"type\":\"string\",\"count\":0,\"scripted\":false,\"searchable\":true,\"aggregatable\":true,\"readFromDocValues\":true},{\"name\":\"plan_version\",\"type\":\"string\",\"count\":0,\"scripted\":false,\"searchable\":true,\"aggregatable\":true,\"readFromDocValues\":true},{\"name\":\"plmn_id\",\"type\":\"string\",\"count\":7,\"scripted\":false,\"searchable\":true,\"aggregatable\":true,\"readFromDocValues\":true},{\"name\":\"purchase_date\",\"type\":\"date\",\"count\":1,\"scripted\":false,\"searchable\":true,\"aggregatable\":true,\"readFromDocValues\":true},{\"name\":\"purchase_src\",\"type\":\"string\",\"count\":8,\"scripted\":false,\"searchable\":true,\"aggregatable\":true,\"readFromDocValues\":true},{\"name\":\"purchase_tags\",\"type\":\"string\",\"count\":19,\"scripted\":false,\"searchable\":true,\"aggregatable\":true,\"readFromDocValues\":true},{\"name\":\"purchase_time\",\"type\":\"date\",\"count\":1,\"scripted\":false,\"searchable\":true,\"aggregatable\":true,\"readFromDocValues\":true},{\"name\":\"purchase_type\",\"type\":\"string\",\"count\":1,\"scripted\":false,\"searchable\":true,\"aggregatable\":true,\"readFromDocValues\":true},{\"name\":\"recurrence_count\",\"type\":\"number\",\"count\":1,\"scripted\":false,\"searchable\":true,\"aggregatable\":true,\"readFromDocValues\":true},{\"name\":\"recurrence_flag\",\"type\":\"string\",\"count\":0,\"scripted\":false,\"searchable\":true,\"aggregatable\":true,\"readFromDocValues\":true},{\"name\":\"shared_plan_flag\",\"type\":\"string\",\"count\":0,\"scripted\":false,\"searchable\":true,\"aggregatable\":true,\"readFromDocValues\":true},{\"name\":\"svc_id\",\"type\":\"string\",\"count\":33,\"scripted\":false,\"searchable\":true,\"aggregatable\":true,\"readFromDocValues\":true},{\"name\":\"tags\",\"type\":\"string\",\"count\":2,\"scripted\":false,\"searchable\":false,\"aggregatable\":true,\"readFromDocValues\":true},{\"name\":\"msisdn\",\"type\":\"string\",\"count\":18,\"scripted\":false,\"searchable\":true,\"aggregatable\":true,\"readFromDocValues\":true},{\"name\":\"tenant_id\",\"type\":\"string\",\"count\":0,\"scripted\":false,\"searchable\":true,\"aggregatable\":true,\"readFromDocValues\":true},{\"name\":\"txn_type\",\"type\":\"string\",\"count\":41,\"scripted\":false,\"searchable\":true,\"aggregatable\":true,\"readFromDocValues\":true},{\"name\":\"validity_carry_fwd\",\"type\":\"number\",\"count\":0,\"scripted\":false,\"searchable\":true,\"aggregatable\":true,\"readFromDocValues\":true},{\"name\":\"vat_rate\",\"type\":\"number\",\"count\":0,\"scripted\":false,\"searchable\":true,\"aggregatable\":true,\"readFromDocValues\":true},{\"name\":\"volume_limit\",\"type\":\"number\",\"count\":0,\"scripted\":false,\"searchable\":true,\"aggregatable\":true,\"readFromDocValues\":true},{\"name\":\"vplmn\",\"type\":\"string\",\"count\":1,\"scripted\":false,\"searchable\":true,\"aggregatable\":true,\"readFromDocValues\":true},{\"name\":\"is_purchase\",\"type\":\"number\",\"count\":2,\"scripted\":true,\"script\":\"if ((doc[\\\"svc_id\\\"].value.equals(\\\"39\\\")) && (doc[\\\"txn_type\\\"].value.equals(\\\"0\\\"))) { \\n    return 1; \\n} else { \\n    return 0; \\n}\",\"lang\":\"painless\",\"searchable\":true,\"aggregatable\":true,\"readFromDocValues\":false},{\"name\":\"plmn_id_Replace\",\"type\":\"string\",\"count\":0,\"scripted\":true,\"script\":\"def path = doc['plmn_id'].value;\\nif (path != null) {\\n    return path.replace('%{purchase_src_unparsed[0]}','Provisioned_By_VIVO_CAM');\\n}\\nreturn path;\",\"lang\":\"painless\",\"searchable\":true,\"aggregatable\":true,\"readFromDocValues\":false},{\"name\":\"operator_Replace\",\"type\":\"string\",\"count\":0,\"scripted\":true,\"script\":\"def path = doc['operator'].value;\\nif (path != null) {\\n    return path.replace('%{purchase_src_unparsed[0]}','Provisioned_By_VIVO_CAM');\\n}\\nreturn path;\",\"lang\":\"painless\",\"searchable\":true,\"aggregatable\":true,\"readFromDocValues\":false},{\"name\":\"country_Replace\",\"type\":\"string\",\"count\":0,\"scripted\":true,\"script\":\"def path = doc['country'].value;\\nif (path != null) {\\n    return path.replace('%{purchase_src_unparsed[0]}','Provisioned_By_VIVO_CAM');\\n}\\nreturn path;\",\"lang\":\"painless\",\"searchable\":true,\"aggregatable\":true,\"readFromDocValues\":false},{\"name\":\"purchase_src_Replace\",\"type\":\"string\",\"count\":0,\"scripted\":true,\"script\":\"def path = doc['purchase_src'].value;\\nif (path != null) {\\n    return path.replace('%{purchase_src_unparsed[0]}','No_set_by_Vivo_CAM');\\n}\\nreturn path;\",\"lang\":\"painless\",\"searchable\":true,\"aggregatable\":true,\"readFromDocValues\":false}]",
        "timeFieldName": "cdr_timestamp",
        "title": "{{ tenant }}-pcc-spcm-plan"
      },
      "references": [],
      "migrationVersion": {
        "index-pattern": "6.5.0"
      }
    },
    {
      "id": "{{ tenant }}-48652ff0-91b1-11e8-8653-4f4d231eec8f",
      "type": "index-pattern",
      "updated_at": "2019-09-03T09:59:15.768Z",
      "version": "WzU4MywxXQ==",
      "attributes": {
        "fields": "[{\"name\":\"@timestamp\",\"type\":\"date\",\"count\":2,\"scripted\":false,\"searchable\":true,\"aggregatable\":true,\"readFromDocValues\":true},{\"name\":\"_id\",\"type\":\"string\",\"count\":0,\"scripted\":false,\"searchable\":true,\"aggregatable\":true,\"readFromDocValues\":false},{\"name\":\"_index\",\"type\":\"string\",\"count\":0,\"scripted\":false,\"searchable\":true,\"aggregatable\":true,\"readFromDocValues\":false},{\"name\":\"_score\",\"type\":\"number\",\"count\":0,\"scripted\":false,\"searchable\":false,\"aggregatable\":false,\"readFromDocValues\":false},{\"name\":\"_source\",\"type\":\"_source\",\"count\":0,\"scripted\":false,\"searchable\":false,\"aggregatable\":false,\"readFromDocValues\":false},{\"name\":\"_type\",\"type\":\"string\",\"count\":0,\"scripted\":false,\"searchable\":true,\"aggregatable\":true,\"readFromDocValues\":false},{\"name\":\"cdr_gen_date\",\"type\":\"date\",\"count\":1,\"scripted\":false,\"searchable\":true,\"aggregatable\":true,\"readFromDocValues\":true},{\"name\":\"cdr_gen_time\",\"type\":\"date\",\"count\":2,\"scripted\":false,\"searchable\":true,\"aggregatable\":true,\"readFromDocValues\":true},{\"name\":\"cdr_timestamp\",\"type\":\"date\",\"count\":1,\"scripted\":false,\"searchable\":true,\"aggregatable\":true,\"readFromDocValues\":true},{\"name\":\"country\",\"type\":\"string\",\"count\":4,\"scripted\":false,\"searchable\":true,\"aggregatable\":true,\"readFromDocValues\":true},{\"name\":\"discount_type\",\"type\":\"string\",\"count\":0,\"scripted\":false,\"searchable\":true,\"aggregatable\":true,\"readFromDocValues\":true},{\"name\":\"failure_code\",\"type\":\"string\",\"count\":1,\"scripted\":false,\"searchable\":true,\"aggregatable\":true,\"readFromDocValues\":true},{\"name\":\"granted_credit\",\"type\":\"number\",\"count\":1,\"scripted\":false,\"searchable\":true,\"aggregatable\":true,\"readFromDocValues\":true},{\"name\":\"granted_time\",\"type\":\"number\",\"count\":0,\"scripted\":false,\"searchable\":true,\"aggregatable\":true,\"readFromDocValues\":true},{\"name\":\"granted_volume\",\"type\":\"number\",\"count\":3,\"scripted\":false,\"searchable\":true,\"aggregatable\":true,\"readFromDocValues\":true},{\"name\":\"imsi\",\"type\":\"string\",\"count\":1,\"scripted\":false,\"searchable\":true,\"aggregatable\":true,\"readFromDocValues\":true},{\"name\":\"operator\",\"type\":\"string\",\"count\":1,\"scripted\":false,\"searchable\":true,\"aggregatable\":true,\"readFromDocValues\":true},{\"name\":\"path\",\"type\":\"string\",\"count\":0,\"scripted\":false,\"searchable\":true,\"aggregatable\":false,\"readFromDocValues\":false},{\"name\":\"path.keyword\",\"type\":\"string\",\"count\":0,\"scripted\":false,\"searchable\":true,\"aggregatable\":true,\"readFromDocValues\":true},{\"name\":\"plan_activated\",\"type\":\"string\",\"count\":2,\"scripted\":false,\"searchable\":true,\"aggregatable\":true,\"readFromDocValues\":true},{\"name\":\"plan_id\",\"type\":\"string\",\"count\":2,\"scripted\":false,\"searchable\":true,\"aggregatable\":true,\"readFromDocValues\":true},{\"name\":\"plan_name\",\"type\":\"string\",\"count\":6,\"scripted\":false,\"searchable\":true,\"aggregatable\":true,\"readFromDocValues\":true},{\"name\":\"plmn_id\",\"type\":\"string\",\"count\":7,\"scripted\":false,\"searchable\":true,\"aggregatable\":true,\"readFromDocValues\":true},{\"name\":\"session_id\",\"type\":\"string\",\"count\":0,\"scripted\":false,\"searchable\":true,\"aggregatable\":true,\"readFromDocValues\":true},{\"name\":\"svc_id\",\"type\":\"string\",\"count\":0,\"scripted\":false,\"searchable\":true,\"aggregatable\":true,\"readFromDocValues\":true},{\"name\":\"tags\",\"type\":\"string\",\"count\":5,\"scripted\":false,\"searchable\":true,\"aggregatable\":false,\"readFromDocValues\":false},{\"name\":\"tags.keyword\",\"type\":\"string\",\"count\":0,\"scripted\":false,\"searchable\":true,\"aggregatable\":true,\"readFromDocValues\":true},{\"name\":\"msisdn\",\"type\":\"string\",\"count\":4,\"scripted\":false,\"searchable\":true,\"aggregatable\":true,\"readFromDocValues\":true},{\"name\":\"tenant_id\",\"type\":\"string\",\"count\":0,\"scripted\":false,\"searchable\":true,\"aggregatable\":true,\"readFromDocValues\":true},{\"name\":\"txn_type\",\"type\":\"string\",\"count\":3,\"scripted\":false,\"searchable\":true,\"aggregatable\":true,\"readFromDocValues\":true},{\"name\":\"usage_key\",\"type\":\"string\",\"count\":0,\"scripted\":false,\"searchable\":true,\"aggregatable\":true,\"readFromDocValues\":true},{\"name\":\"used_credit\",\"type\":\"number\",\"count\":0,\"scripted\":false,\"searchable\":true,\"aggregatable\":true,\"readFromDocValues\":true},{\"name\":\"used_time\",\"type\":\"number\",\"count\":2,\"scripted\":false,\"searchable\":true,\"aggregatable\":true,\"readFromDocValues\":true},{\"name\":\"used_volume\",\"type\":\"number\",\"count\":12,\"scripted\":false,\"searchable\":true,\"aggregatable\":true,\"readFromDocValues\":true}]",
        "timeFieldName": "cdr_timestamp",
        "title": "{{ tenant }}-pcc-data-usage"
      },
      "references": [],
      "migrationVersion": {
        "index-pattern": "6.5.0"
      }
    }
  ]
}